0	3
1	0
2	0
3	0
4	1
5	0
6	0
7	2
8	2
9	2
10	1
11	0
12	2
13	0
14	2
15	2
16	1
17	0
18	2
19	2
20	2
21	1
22	2
23	2
24	0
25	1
26	2
27	1
28	2
29	0
30	2
31	0
32	1
33	2
34	2
35	1
36	0
37	2
38	1
39	2
40	1
41	0
42	2
43	2
44	1
45	1
46	1
47	0
48	1
49	2
50	1
51	2
52	1
53	2
54	1
55	2
56	2
57	2
58	2
59	1
60	1
61	1
62	2
63	0
64	1
65	1
66	2
67	0
68	1
69	1
70	1
71	2
72	1
73	1
74	1
75	2
76	1
77	1
78	0
79	2
80	1
81	2
82	2
83	1
84	2
85	1
86	2
87	1
88	1
89	0
90	2
91	0
92	2
93	2
94	1
95	1
96	0
97	0
98	0
99	0
100	1
101	2
102	2
103	0
104	2
105	0
106	2
107	1
108	0
109	2
110	0
111	1
112	1
113	1
114	1
115	1
116	2
117	0
118	1
119	2
120	1
121	2
122	1
123	0
124	1
125	0
126	0
127	1
128	0
129	0
130	1
131	1
132	2
133	2
134	2
135	2
136	0
137	2
138	2
139	0
140	2
141	0
142	1
143	2
144	1
145	2
146	1
147	2
148	1
149	1
150	2
151	1
152	2
153	2
154	1
155	1
156	0
157	0
158	1
159	1
160	1
161	2
162	2
163	2
164	2
165	1
166	1
167	1
168	2
169	0
170	2
171	2
172	0
173	0
174	0
175	2
176	2
177	1
178	1
179	1
180	2
181	2
182	2
183	1
184	1
185	2
186	2
187	2
188	2
189	1
190	1
191	1
192	1
193	2
194	0
195	1
196	2
197	2
198	0
199	2
200	1
201	2
202	2
203	2
204	0
205	2
206	2
207	1
208	2
209	2
210	2
211	2
212	2
213	0
214	1
215	2
216	2
217	0
218	2
219	1
220	1
221	1
222	2
223	0
224	2
225	0
226	1
227	1
228	1
229	1
230	2
231	1
232	2
233	1
234	1
235	2
236	1
237	0
238	2
239	2
240	2
241	1
242	2
243	1
244	2
245	2
246	1
247	2
248	1
249	0
250	1
251	2
252	1
253	0
254	1
255	2
256	0
257	2
258	2
259	1
260	0
261	2
262	1
263	1
264	1
265	0
266	1
267	1
268	2
269	1
270	1
271	0
272	2
273	2
274	2
275	2
276	1
277	1
278	1
279	1
280	1
281	1
282	2
283	1
284	0
285	1
286	1
287	2
288	2
289	0
290	2
291	1
292	1
293	2
294	2
295	1
296	2
297	0
298	0
299	1
300	2
301	2
302	1
303	1
304	0
305	0
306	0
307	1
308	2
309	1
310	2
311	0
312	2
313	2
314	2
315	1
316	2
317	0
318	2
319	2
320	0
321	1
322	2
323	1
324	0
325	2
326	1
327	2
328	2
329	1
330	2
331	2
332	1
333	2
334	2
335	0
336	1
337	1
338	1
339	1
340	0
341	0
342	2
343	0
344	2
345	0
346	2
347	1
348	2
349	1
350	2
351	1
352	1
353	1
354	1
355	1
356	2
357	1
358	1
359	2
360	1
361	1
362	2
363	0
364	2
365	2
366	2
367	0
368	2
369	2
370	1
371	1
372	2
373	1
374	0
375	2
376	2
377	1
378	0
379	0
380	2
381	2
382	2
383	2
384	2
385	0
386	0
387	2
388	0
389	1
390	1
391	1
392	0
393	2
394	0
395	2
396	1
397	1
398	1
399	1
400	1
401	1
402	2
403	0
404	2
405	1
406	2
407	2
408	2
409	0
410	0
411	2
412	2
413	2
414	1
415	2
416	1
417	2
418	1
419	2
420	2
421	1
422	1
423	2
424	1
425	2
426	2
427	2
428	1
429	1
430	1
431	2
432	1
433	0
434	2
435	1
436	2
437	2
438	1
439	1
440	2
441	2
442	2
443	1
444	2
445	1
446	1
447	1
448	0
449	1
450	1
451	2
452	2
453	2
454	2
455	1
456	2
457	2
458	1
459	2
460	0
461	0
462	1
463	2
464	2
465	1
466	1
467	2
468	2
469	1
470	1
471	1
472	1
473	1
474	2
475	1
476	2
477	0
478	1
479	0
480	1
481	0
482	2
483	1
484	1
485	0
486	2
487	0
488	1
489	2
490	0
491	0
492	1
493	1
494	1
495	1
496	2
497	2
498	2
499	0
500	2
501	2
502	2
503	1
504	0
505	2
506	1
507	2
508	2
509	2
510	1
511	2
512	1
513	2
514	1
515	1
516	1
517	1
518	1
519	1
520	1
521	0
522	2
523	2
524	1
525	2
526	1
527	2
528	2
529	2
530	1
531	1
532	0
533	1
534	2
535	1
536	1
537	0
538	0
539	2
540	0
541	0
542	2
543	0
544	2
545	1
546	2
547	1
548	1
549	2
550	0
551	2
552	2
553	1
554	1
555	1
556	1
557	0
558	2
559	2
560	2
561	1
562	0
563	1
564	1
565	0
566	0
567	1
568	1
569	2
570	0
571	1
572	1
573	2
574	0
575	1
576	2
577	1
578	2
579	1
580	1
581	0
582	1
583	1
584	1
585	0
586	2
587	2
588	0
589	1
590	0
591	2
592	1
593	0
594	2
595	2
596	2
597	2
598	0
599	1
600	2
601	1
602	1
603	0
604	2
605	1
606	2
607	1
608	2
609	1
610	2
611	0
612	0
613	1
614	1
615	1
616	2
617	0
618	0
619	2
620	2
621	1
622	0
623	2
624	0
625	2
626	2
627	2
628	1
629	1
630	0
631	2
632	2
633	2
634	2
635	1
636	2
637	1
638	0
639	2
640	2
641	1
642	2
643	1
644	1
645	2
646	1
647	2
648	2
649	1
650	0
651	0
652	2
653	1
654	1
655	2
656	2
657	0
658	2
659	1
660	2
661	1
662	1
663	1
664	1
665	2
666	2
667	1
668	1
669	1
670	2
671	0
672	2
673	2
674	1
675	1
676	2
677	2
678	2
679	0
680	2
681	0
682	2
683	2
684	0
685	2
686	2
687	1
688	2
689	1
690	1
691	0
692	1
693	2
694	0
695	1
696	2
697	2
698	2
699	2
700	0
701	2
702	1
703	2
704	2
705	1
706	2
707	2
708	1
709	2
710	1
711	0
712	2
713	1
714	0
715	2
716	2
717	0
718	1
719	1
720	2
721	0
722	2
723	1
724	2
725	1
726	2
727	1
728	0
729	1
730	1
731	2
732	1
733	2
734	2
735	0
736	1
737	0
738	0
739	0
740	0
741	0
742	1
743	2
744	1
745	1
746	1
747	2
748	2
749	0
750	0
751	1
752	0
753	2
754	0
755	1
756	1
757	1
758	2
759	2
760	1
761	1
762	2
763	2
764	0
765	0
766	2
767	2
768	2
769	0
770	2
771	1
772	2
773	1
774	1
775	0
776	1
777	2
778	2
779	1
780	2
781	0
782	1
783	1
784	1
785	1
786	2
787	1
788	1
789	1
790	0
791	2
792	1
793	2
794	2
795	1
796	2
797	1
798	1
799	2
800	0
801	1
802	2
803	2
804	1
805	1
806	2
807	1
808	2
809	1
810	2
811	1
812	1
813	2
814	1
815	2
816	2
817	1
818	2
819	1
820	2
821	0
822	0
823	0
824	2
825	1
826	1
827	1
828	1
829	2
830	2
831	1
832	1
833	1
834	2
835	1
836	1
837	2
838	1
839	2
840	2
841	2
842	2
843	2
844	1
845	1
846	1
847	0
848	1
849	1
850	0
851	2
852	1
853	1
854	0
855	1
856	1
857	2
858	2
859	2
860	2
861	0
862	2
863	1
864	2
865	1
866	1
867	2
868	2
869	2
870	0
871	2
872	1
873	2
874	1
875	2
876	1
877	2
878	2
879	1
880	0
881	2
882	0
883	1
884	1
885	2
886	2
887	2
888	1
889	2
890	2
891	1
892	0
893	1
894	0
895	1
896	0
897	0
898	1
899	2
900	0
901	2
902	2
903	2
904	1
905	2
906	1
907	1
908	1
909	2
910	1
911	0
912	1
913	1
914	2
915	1
916	0
917	1
918	0
919	2
920	0
921	0
922	1
923	1
924	1
925	0
926	1
927	0
928	0
929	1
930	0
931	0
932	2
933	1
934	1
935	2
936	2
937	0
938	2
939	2
940	1
941	0
942	1
943	2
944	1
945	2
946	2
947	2
948	0
949	2
950	2
951	2
952	2
953	2
954	1
955	0
956	2
957	2
958	1
959	0
960	2
961	2
962	1
963	2
964	2
965	2
966	0
967	1
968	1
969	1
970	2
971	2
972	2
973	1
974	1
975	1
976	2
977	1
978	1
979	2
980	2
981	2
982	0
983	0
984	1
985	2
986	2
987	1
988	1
989	2
990	1
991	2
992	0
993	1
994	2
995	1
996	0
997	1
998	1
999	1
1000	0
1001	0
1002	1
1003	2
1004	0
1005	2
1006	1
1007	1
1008	1
1009	1
1010	2
1011	2
1012	0
1013	1
1014	2
1015	2
1016	0
1017	2
1018	1
1019	2
1020	1
1021	1
1022	2
1023	2
1024	0
1025	1
1026	1
1027	1
1028	2
1029	1
1030	2
1031	1
1032	0
1033	2
1034	1
1035	2
1036	2
1037	0
1038	0
1039	2
1040	0
1041	0
1042	1
1043	2
1044	2
1045	1
1046	2
1047	0
1048	0
1049	2
1050	2
1051	1
1052	2
1053	2
1054	0
1055	0
1056	1
1057	2
1058	2
1059	2
1060	2
1061	2
1062	1
1063	1
1064	1
1065	1
1066	0
1067	0
1068	2
1069	0
1070	1
1071	1
1072	1
1073	2
1074	0
1075	2
1076	1
1077	2
1078	2
1079	1
1080	0
1081	0
1082	1
1083	1
1084	1
1085	2
1086	2
1087	2
1088	1
1089	2
1090	1
1091	0
1092	0
1093	2
1094	0
1095	1
1096	1
1097	1
1098	1
1099	2
1100	0
1101	0
1102	2
1103	2
1104	2
1105	1
1106	1
1107	0
1108	1
1109	2
1110	2
1111	1
1112	1
1113	0
1114	2
1115	2
1116	1
1117	0
1118	0
1119	1
1120	1
1121	2
1122	2
1123	1
1124	2
1125	1
1126	2
1127	2
1128	0
1129	2
1130	2
1131	1
1132	2
1133	2
1134	0
1135	2
1136	1
1137	2
1138	2
1139	2
1140	2
1141	0
1142	2
1143	1
1144	1
1145	2
1146	2
1147	0
1148	2
1149	1
1150	2
1151	2
1152	1
1153	2
1154	2
1155	0
1156	2
1157	1
1158	0
1159	1
1160	0
1161	0
1162	1
1163	2
1164	0
1165	2
1166	1
1167	2
1168	1
1169	0
1170	1
1171	2
1172	1
1173	0
1174	2
1175	2
1176	2
1177	1
1178	1
1179	1
1180	1
1181	1
1182	2
1183	2
1184	2
1185	1
1186	1
1187	2
1188	2
1189	1
1190	0
1191	1
1192	2
1193	2
1194	1
1195	1
1196	1
1197	2
1198	1
1199	2
1200	2
1201	1
1202	2
1203	1
1204	0
1205	2
1206	2
1207	2
1208	2
1209	1
1210	1
1211	0
1212	2
1213	1
1214	2
1215	1
1216	2
1217	1
1218	2
1219	1
1220	2
1221	2
1222	2
1223	2
1224	1
1225	1
1226	1
1227	0
1228	1
1229	2
1230	2
1231	1
1232	2
1233	1
1234	1
1235	1
1236	0
1237	0
1238	0
1239	1
1240	0
1241	0
1242	1
1243	2
1244	1
1245	0
1246	1
1247	1
1248	2
1249	2
1250	2
1251	2
1252	1
1253	0
1254	1
1255	2
1256	0
1257	2
1258	2
1259	2
1260	2
1261	2
1262	1
1263	2
1264	2
1265	1
1266	1
1267	2
1268	1
1269	0
1270	1
1271	2
1272	2
1273	1
1274	2
1275	0
1276	2
1277	2
1278	2
1279	1
1280	2
1281	2
1282	2
1283	0
1284	2
1285	2
1286	2
1287	2
1288	2
1289	1
1290	2
1291	0
1292	0
1293	2
1294	1
1295	0
1296	1
1297	1
1298	2
1299	2
1300	2
1301	1
1302	1
1303	2
1304	1
1305	2
1306	2
1307	2
1308	2
1309	2
1310	2
1311	2
1312	2
1313	2
1314	2
1315	2
1316	2
1317	2
1318	1
1319	0
1320	0
1321	1
1322	2
1323	1
1324	2
1325	2
1326	0
1327	2
1328	1
1329	2
1330	0
1331	1
1332	2
1333	1
1334	2
1335	2
1336	1
1337	2
1338	0
1339	2
1340	0
1341	0
1342	1
1343	2
1344	2
1345	1
1346	1
1347	1
1348	0
1349	1
1350	1
1351	1
1352	2
1353	1
1354	2
1355	0
1356	1
1357	0
1358	0
1359	0
1360	2
1361	2
1362	2
1363	0
1364	1
1365	2
1366	2
1367	2
1368	2
1369	2
1370	0
1371	0
1372	2
1373	0
1374	1
1375	1
1376	1
1377	0
1378	1
1379	2
1380	1
1381	1
1382	2
1383	2
1384	1
1385	0
1386	2
1387	1
1388	2
1389	2
1390	1
1391	1
1392	1
1393	1
1394	0
1395	1
1396	0
1397	2
1398	1
1399	0
1400	2
1401	0
1402	1
1403	0
1404	1
1405	1
1406	1
1407	1
1408	1
1409	2
1410	1
1411	0
1412	1
1413	2
1414	1
1415	2
1416	1
1417	0
1418	1
1419	1
1420	2
1421	0
1422	2
1423	2
1424	0
1425	1
1426	0
1427	2
1428	2
1429	2
1430	0
1431	0
1432	2
1433	0
1434	1
1435	1
1436	1
1437	1
1438	1
1439	0
1440	1
1441	0
1442	1
1443	1
1444	2
1445	1
1446	2
1447	0
1448	1
1449	1
1450	2
1451	2
1452	2
1453	2
1454	0
1455	1
1456	0
1457	0
1458	1
1459	1
1460	0
1461	2
1462	0
1463	1
1464	2
1465	0
1466	1
1467	0
1468	2
1469	2
1470	1
1471	2
1472	2
1473	1
1474	2
1475	2
1476	0
1477	1
1478	1
1479	1
1480	2
1481	1
1482	2
1483	2
1484	2
1485	1
1486	1
1487	1
1488	0
1489	1
1490	0
1491	1
1492	1
1493	2
1494	2
1495	2
1496	2
1497	0
1498	1
1499	2
1500	2
1501	2
1502	2
1503	2
1504	1
1505	0
1506	1
1507	2
1508	1
1509	0
1510	1
1511	1
1512	2
1513	2
1514	1
1515	1
1516	0
1517	1
1518	0
1519	1
1520	1
1521	1
1522	1
1523	2
1524	0
1525	1
1526	1
1527	1
1528	0
1529	0
1530	1
1531	1
1532	1
1533	2
1534	0
1535	0
1536	1
1537	2
1538	2
1539	2
1540	0
1541	0
1542	2
1543	2
1544	0
1545	2
1546	1
1547	1
1548	2
1549	2
1550	1
1551	0
1552	1
1553	2
1554	1
1555	1
1556	1
1557	2
1558	1
1559	1
1560	1
1561	2
1562	0
1563	0
1564	1
1565	1
1566	1
1567	0
1568	0
1569	0
1570	0
1571	1
1572	2
1573	0
1574	2
1575	0
1576	0
1577	1
1578	1
1579	0
1580	1
1581	1
1582	1
1583	2
1584	0
1585	0
1586	0
1587	2
1588	2
1589	2
1590	1
1591	1
1592	0
1593	2
1594	1
1595	1
1596	1
1597	1
1598	0
1599	2
1600	2
1601	2
1602	0
1603	0
1604	2
1605	2
1606	0
1607	0
1608	2
1609	2
1610	2
1611	1
1612	2
1613	2
1614	1
1615	2
1616	0
1617	0
1618	2
1619	0
1620	2
1621	1
1622	2
1623	0
1624	2
1625	2
1626	2
1627	1
1628	0
1629	2
1630	1
1631	2
1632	2
1633	2
1634	2
1635	0
1636	1
1637	0
1638	2
1639	2
1640	1
1641	1
1642	2
1643	2
1644	2
1645	2
1646	1
1647	0
1648	0
1649	0
1650	2
1651	2
1652	2
1653	2
1654	1
1655	1
1656	1
1657	0
1658	1
1659	1
1660	2
1661	0
1662	1
1663	1
1664	0
1665	2
1666	2
1667	2
1668	0
1669	2
1670	1
1671	1
1672	2
1673	1
1674	2
1675	0
1676	2
1677	1
1678	1
1679	1
1680	1
1681	0
1682	2
1683	2
1684	2
1685	2
1686	0
1687	2
1688	0
1689	2
1690	2
1691	1
1692	1
1693	1
1694	2
1695	2
1696	2
1697	2
1698	2
1699	0
1700	0
1701	1
1702	1
1703	0
1704	1
1705	0
1706	0
1707	1
1708	2
1709	2
1710	1
1711	2
1712	2
1713	1
1714	2
1715	1
1716	1
1717	2
1718	2
1719	1
1720	1
1721	1
1722	0
1723	1
1724	2
1725	2
1726	2
1727	2
1728	1
1729	2
1730	0
1731	1
1732	0
1733	1
1734	2
1735	2
1736	1
1737	2
1738	2
1739	1
1740	2
1741	1
1742	2
1743	2
1744	1
1745	1
1746	2
1747	0
1748	2
1749	1
1750	1
1751	1
1752	1
1753	2
1754	1
1755	0
1756	0
1757	2
1758	1
1759	1
1760	1
1761	1
1762	0
1763	0
1764	2
1765	2
1766	1
1767	0
1768	2
1769	2
1770	1
1771	1
1772	1
1773	0
1774	2
1775	1
1776	2
1777	0
1778	1
1779	2
1780	2
1781	2
1782	2
1783	2
1784	0
1785	1
1786	1
1787	0
1788	1
1789	1
1790	0
1791	1
1792	0
1793	0
1794	2
1795	2
1796	0
1797	1
1798	0
1799	2
1800	2
1801	2
1802	0
1803	1
1804	1
1805	1
1806	1
1807	2
1808	0
1809	1
1810	1
1811	2
1812	0
1813	0
1814	2
1815	1
1816	0
1817	2
1818	2
1819	2
1820	0
1821	1
1822	1
1823	1
1824	2
1825	1
1826	1
1827	2
1828	2
1829	1
1830	0
1831	1
1832	0
1833	1
1834	1
1835	2
1836	2
1837	2
1838	0
1839	2
1840	0
1841	2
1842	1
1843	0
1844	2
1845	2
1846	2
1847	0
1848	0
1849	2
1850	2
1851	1
1852	0
1853	2
1854	1
1855	2
1856	0
1857	2
1858	1
1859	2
1860	1
1861	2
1862	0
1863	2
1864	1
1865	1
1866	2
1867	1
1868	2
1869	2
1870	2
1871	2
1872	2
1873	0
1874	1
1875	0
1876	2
1877	1
1878	1
1879	1
1880	2
1881	1
1882	0
1883	1
1884	0
1885	0
1886	1
1887	2
1888	1
1889	0
1890	0
1891	1
1892	2
1893	0
1894	0
1895	1
1896	2
1897	1
1898	1
1899	1
1900	1
1901	1
1902	2
1903	0
1904	2
1905	2
1906	1
1907	2
1908	1
1909	1
1910	1
1911	2
1912	2
1913	1
1914	2
1915	2
1916	2
1917	0
1918	1
1919	1
1920	2
1921	1
1922	2
1923	2
1924	2
1925	1
1926	0
1927	0
1928	2
1929	1
1930	0
1931	0
1932	0
1933	1
1934	1
1935	0
1936	1
1937	1
1938	1
1939	0
1940	1
1941	0
1942	2
1943	2
1944	0
1945	1
1946	0
1947	0
1948	1
1949	0
1950	1
1951	0
1952	1
1953	1
1954	2
1955	2
1956	0
1957	1
1958	2
1959	2
1960	2
1961	2
1962	1
1963	0
1964	1
1965	2
1966	1
1967	2
1968	0
1969	1
1970	0
1971	2
1972	2
1973	2
1974	2
1975	2
1976	1
1977	1
1978	1
1979	1
1980	2
1981	1
1982	1
1983	1
1984	2
1985	0
1986	1
1987	1
1988	1
1989	1
1990	1
1991	2
1992	2
1993	2
1994	0
1995	2
1996	0
1997	1
1998	0
1999	0
2000	2
2001	2
2002	1
2003	1
2004	2
2005	2
2006	1
2007	1
2008	2
2009	1
2010	2
2011	2
2012	1
2013	0
2014	2
2015	0
2016	2
2017	1
2018	2
2019	1
2020	1
2021	1
2022	2
2023	2
2024	1
2025	2
2026	2
2027	0
2028	2
2029	0
2030	2
2031	1
2032	2
2033	2
2034	1
2035	1
2036	1
2037	0
2038	2
2039	1
2040	2
2041	1
2042	0
2043	1
2044	0
2045	1
2046	1
2047	2
2048	2
2049	1
2050	2
2051	2
2052	2
2053	2
2054	1
2055	1
2056	1
2057	2
2058	2
2059	2
2060	2
2061	2
2062	1
2063	1
2064	1
2065	2
2066	1
2067	0
2068	1
2069	2
2070	2
2071	2
2072	2
2073	1
2074	1
2075	0
2076	1
2077	2
2078	2
2079	1
2080	2
2081	1
2082	2
2083	1
2084	2
2085	2
2086	2
2087	1
2088	1
2089	1
2090	1
2091	0
2092	2
2093	1
2094	2
2095	1
2096	2
2097	2
2098	0
2099	0
2100	1
2101	2
2102	0
2103	0
2104	0
2105	1
2106	1
2107	2
2108	2
2109	2
2110	2
2111	2
2112	2
2113	2
2114	2
2115	2
2116	0
2117	1
2118	2
2119	1
2120	2
2121	0
2122	1
2123	1
2124	2
2125	0
2126	2
2127	2
2128	2
2129	1
2130	2
2131	0
2132	2
2133	2
2134	1
2135	2
2136	2
2137	2
2138	1
2139	2
2140	0
2141	1
2142	0
2143	1
2144	1
2145	0
2146	2
2147	2
2148	2
2149	2
2150	1
2151	1
2152	2
2153	1
2154	1
2155	2
2156	0
2157	0
2158	2
2159	2
2160	2
2161	2
2162	1
2163	1
2164	1
2165	0
2166	2
2167	1
2168	1
2169	2
2170	2
2171	2
2172	0
2173	1
2174	2
2175	0
2176	2
2177	1
2178	2
2179	1
2180	1
2181	2
2182	0
2183	2
2184	1
2185	0
2186	1
2187	1
2188	1
2189	2
2190	0
2191	0
2192	0
2193	2
2194	2
2195	1
2196	1
2197	0
2198	1
2199	1
2200	1
2201	1
2202	2
2203	2
2204	1
2205	1
2206	1
2207	2
2208	1
2209	1
2210	0
2211	0
2212	1
2213	2
2214	2
2215	1
2216	1
2217	1
2218	1
2219	0
2220	2
2221	2
2222	2
2223	1
2224	1
2225	2
2226	1
2227	1
2228	2
2229	2
2230	2
2231	1
2232	2
2233	0
2234	1
2235	1
2236	0
2237	0
2238	1
2239	2
2240	2
2241	1
2242	1
2243	0
2244	1
2245	0
2246	0
2247	0
2248	0
2249	0
2250	1
2251	2
2252	1
2253	0
2254	1
2255	2
2256	1
2257	1
2258	1
2259	2
2260	1
2261	2
2262	2
2263	1
2264	1
2265	2
2266	1
2267	2
2268	1
2269	2
2270	2
2271	1
2272	2
2273	1
2274	1
2275	0
2276	0
2277	1
2278	1
2279	2
2280	1
2281	2
2282	2
2283	1
2284	0
2285	2
2286	2
2287	2
2288	1
2289	0
2290	1
2291	1
2292	2
2293	2
2294	0
2295	1
2296	1
2297	0
2298	0
2299	2
2300	1
2301	1
2302	2
2303	2
2304	2
2305	0
2306	2
2307	2
2308	0
2309	1
2310	1
2311	1
2312	2
2313	2
2314	1
2315	1
2316	1
2317	2
2318	2
2319	0
2320	2
2321	2
2322	1
2323	1
2324	0
2325	2
2326	1
2327	2
2328	0
2329	0
2330	2
2331	2
2332	2
2333	0
2334	0
2335	2
2336	2
2337	1
2338	1
2339	2
2340	1
2341	1
2342	1
2343	0
2344	1
2345	1
2346	1
2347	0
2348	1
2349	0
2350	2
2351	0
2352	0
2353	1
2354	1
2355	2
2356	1
2357	1
2358	2
2359	2
2360	2
2361	2
2362	2
2363	2
2364	1
2365	0
2366	2
2367	2
2368	1
2369	1
2370	1
2371	2
2372	1
2373	0
2374	1
2375	0
2376	1
2377	1
2378	0
2379	1
2380	1
2381	1
2382	2
2383	1
2384	0
2385	1
2386	1
2387	2
2388	2
2389	2
2390	1
2391	2
2392	1
2393	1
2394	0
2395	2
2396	2
2397	2
2398	1
2399	2
2400	2
2401	1
2402	1
2403	1
2404	2
2405	2
2406	1
2407	1
2408	2
2409	2
2410	0
2411	1
2412	1
2413	1
2414	0
2415	1
2416	0
2417	1
2418	2
2419	1
2420	1
2421	0
2422	1
2423	1
2424	1
2425	2
2426	0
2427	2
2428	2
2429	1
2430	1
2431	1
2432	1
2433	1
2434	2
2435	2
2436	0
2437	2
2438	2
2439	1
2440	1
2441	2
2442	1
2443	2
2444	1
2445	0
2446	2
2447	2
2448	1
2449	2
2450	2
2451	1
2452	2
2453	2
2454	2
2455	0
2456	2
2457	2
2458	2
2459	0
2460	2
2461	2
2462	1
2463	1
2464	1
2465	2
2466	1
2467	1
2468	2
2469	1
2470	2
2471	2
2472	1
2473	2
2474	1
2475	2
2476	1
2477	1
2478	1
2479	2
2480	2
2481	1
2482	1
2483	1
2484	0
2485	0
2486	2
2487	2
2488	2
2489	2
2490	2
2491	2
2492	2
2493	0
2494	1
2495	2
2496	1
2497	2
2498	0
2499	2
2500	2
2501	1
2502	2
2503	2
2504	0
2505	0
2506	1
2507	0
2508	0
2509	0
2510	2
2511	2
2512	1
2513	1
2514	2
2515	2
2516	0
2517	2
2518	1
2519	2
2520	2
2521	1
2522	2
2523	0
2524	2
2525	0
2526	1
2527	2
2528	2
2529	0
2530	2
2531	2
2532	2
2533	1
2534	2
2535	1
2536	1
2537	2
2538	1
2539	0
2540	1
2541	1
2542	2
2543	0
2544	2
2545	2
2546	2
2547	1
2548	1
2549	1
2550	2
2551	1
2552	0
2553	2
2554	2
2555	1
2556	0
2557	2
2558	2
2559	0
2560	1
2561	2
2562	1
2563	2
2564	2
2565	0
2566	2
2567	0
2568	2
2569	0
2570	2
2571	2
2572	1
2573	1
2574	1
2575	1
2576	1
2577	1
2578	1
2579	0
2580	2
2581	1
2582	1
2583	1
2584	1
2585	0
2586	1
2587	2
2588	2
2589	0
2590	0
2591	2
2592	2
2593	2
2594	1
2595	2
2596	1
2597	1
2598	1
2599	1
2600	1
2601	2
2602	1
2603	0
2604	1
2605	2
2606	0
2607	0
2608	2
2609	0
2610	1
2611	1
2612	2
2613	2
2614	1
2615	1
2616	1
2617	2
2618	2
2619	2
2620	0
2621	2
2622	2
2623	2
2624	1
2625	1
2626	1
2627	2
2628	2
2629	1
2630	0
2631	2
2632	2
2633	2
2634	0
2635	2
2636	2
2637	2
2638	2
2639	0
2640	2
2641	2
2642	0
2643	2
2644	2
2645	1
2646	2
2647	0
2648	1
2649	2
2650	2
2651	1
2652	2
2653	0
2654	2
2655	1
2656	2
2657	2
2658	0
2659	1
2660	1
2661	2
2662	2
2663	1
2664	1
2665	0
2666	1
2667	1
2668	2
2669	0
2670	2
2671	1
2672	2
2673	1
2674	2
2675	1
2676	1
2677	0
2678	2
2679	2
2680	1
2681	1
2682	1
2683	0
2684	1
2685	1
2686	0
2687	2
2688	1
2689	0
2690	2
2691	1
2692	2
2693	1
2694	1
2695	2
2696	0
2697	1
2698	0
2699	1
2700	2
2701	2
2702	2
2703	0
2704	1
2705	0
2706	2
2707	0
2708	0
2709	1
2710	2
2711	1
2712	1
2713	1
2714	1
2715	1
2716	0
2717	1
2718	2
2719	1
2720	2
2721	0
2722	0
2723	2
2724	2
2725	0
2726	2
2727	1
2728	0
2729	1
2730	2
2731	0
2732	0
2733	0
2734	1
2735	2
2736	2
2737	1
2738	2
2739	2
2740	2
2741	1
2742	2
2743	1
2744	0
2745	2
2746	2
2747	0
2748	0
2749	1
2750	0
2751	1
2752	2
2753	1
2754	0
2755	1
2756	1
2757	2
2758	0
2759	2
2760	1
2761	0
2762	1
2763	1
2764	2
2765	0
2766	1
2767	0
2768	2
2769	0
2770	1
2771	2
2772	1
2773	1
2774	1
2775	0
2776	0
2777	1
2778	0
2779	2
2780	1
2781	0
2782	0
2783	2
2784	1
2785	1
2786	1
2787	2
2788	1
2789	1
2790	1
2791	0
2792	1
2793	2
2794	1
2795	2
2796	0
2797	2
2798	0
2799	1
2800	2
2801	1
2802	0
2803	2
2804	1
2805	2
2806	0
2807	1
2808	2
2809	2
2810	0
2811	0
2812	2
2813	0
2814	0
2815	2
2816	2
2817	1
2818	1
2819	0
2820	0
2821	2
2822	2
2823	1
2824	0
2825	0
2826	2
2827	1
2828	0
2829	1
2830	1
2831	1
2832	1
2833	2
2834	2
2835	2
2836	1
2837	2
2838	2
2839	0
2840	1
2841	0
2842	0
2843	2
2844	1
2845	2
2846	2
2847	1
2848	0
2849	1
2850	2
2851	2
2852	1
2853	1
2854	1
2855	2
2856	2
2857	2
2858	0
2859	1
2860	2
2861	2
2862	2
2863	0
2864	2
2865	2
2866	1
2867	1
2868	1
2869	0
2870	1
2871	0
2872	0
2873	1
2874	0
2875	2
2876	1
2877	0
2878	1
2879	1
2880	1
2881	0
2882	2
2883	0
2884	1
2885	2
2886	1
2887	0
2888	1
2889	0
2890	2
2891	1
2892	0
2893	0
2894	0
2895	1
2896	1
2897	2
2898	1
2899	2
2900	2
2901	1
2902	0
2903	2
2904	1
2905	1
2906	2
2907	0
2908	0
2909	2
2910	0
2911	1
2912	1
2913	1
2914	1
2915	1
2916	0
2917	2
2918	2
2919	0
2920	1
2921	1
2922	2
2923	0
2924	2
2925	0
2926	1
2927	0
2928	2
2929	0
2930	2
2931	2
2932	2
2933	0
2934	2
2935	2
2936	0
2937	2
2938	2
2939	1
2940	2
2941	2
2942	1
2943	2
2944	1
2945	0
2946	2
2947	1
2948	1
2949	2
2950	2
2951	0
2952	0
2953	2
2954	1
2955	2
2956	1
2957	1
2958	1
2959	2
2960	0
2961	2
2962	1
2963	2
2964	2
2965	1
2966	0
2967	1
2968	2
2969	1
2970	2
2971	2
2972	2
2973	2
2974	2
2975	1
2976	1
2977	0
2978	1
2979	1
2980	1
2981	2
2982	0
2983	2
2984	1
2985	1
2986	0
2987	2
2988	0
2989	2
2990	2
2991	2
2992	1
2993	2
2994	2
2995	0
2996	2
2997	1
2998	1
2999	1
3000	1
3001	1
3002	0
3003	1
3004	2
3005	2
3006	1
3007	2
3008	2
3009	2
3010	2
3011	2
3012	2
3013	1
3014	1
3015	1
3016	1
3017	2
3018	1
3019	1
3020	0
3021	2
3022	1
3023	1
3024	2
3025	2
3026	0
3027	2
3028	0
3029	2
3030	0
3031	2
3032	1
3033	0
3034	2
3035	0
3036	1
3037	2
3038	1
3039	1
3040	2
3041	1
3042	2
3043	1
3044	0
3045	0
3046	0
3047	1
3048	1
3049	1
3050	1
3051	2
3052	2
3053	2
3054	2
3055	0
3056	1
3057	1
3058	0
3059	0
3060	0
3061	1
3062	2
3063	2
3064	0
3065	2
3066	1
3067	2
3068	1
3069	1
3070	2
3071	0
3072	1
3073	1
3074	2
3075	2
3076	1
3077	0
3078	2
3079	0
3080	1
3081	1
3082	1
3083	1
3084	2
3085	2
3086	2
3087	2
3088	1
3089	2
3090	1
3091	1
3092	1
3093	2
3094	1
3095	2
3096	2
3097	2
3098	2
3099	2
3100	1
3101	2
3102	2
3103	0
3104	2
3105	0
3106	2
3107	2
3108	2
3109	2
3110	1
3111	2
3112	1
3113	1
3114	2
3115	0
3116	0
3117	1
3118	1
3119	1
3120	1
3121	1
3122	2
3123	0
3124	0
3125	0
3126	0
3127	1
3128	0
3129	2
3130	1
3131	0
3132	2
3133	1
3134	0
3135	2
3136	1
3137	2
3138	1
3139	0
3140	2
3141	2
3142	0
3143	1
3144	0
3145	0
3146	1
3147	1
3148	1
3149	2
3150	1
3151	1
3152	1
3153	2
3154	1
3155	1
3156	2
3157	1
3158	1
3159	1
3160	2
3161	2
3162	2
3163	0
3164	0
3165	0
3166	1
3167	2
3168	1
3169	1
3170	1
3171	2
3172	2
3173	0
3174	2
3175	2
3176	2
3177	1
3178	1
3179	0
3180	1
3181	0
3182	1
3183	2
3184	1
3185	1
3186	0
3187	2
3188	1
3189	1
3190	1
3191	0
3192	0
3193	1
3194	2
3195	1
3196	1
3197	1
3198	1
3199	1
3200	2
3201	2
3202	0
3203	2
3204	2
3205	2
3206	1
3207	0
3208	0
3209	1
3210	1
3211	1
3212	2
3213	1
3214	1
3215	2
3216	0
3217	1
3218	2
3219	1
3220	1
3221	2
3222	2
3223	1
3224	0
3225	2
3226	2
3227	2
3228	0
3229	1
3230	1
3231	0
3232	1
3233	1
3234	2
3235	1
3236	2
3237	1
3238	2
3239	2
3240	1
3241	2
3242	0
3243	2
3244	0
3245	0
3246	0
3247	2
3248	1
3249	2
3250	1
3251	1
3252	0
3253	2
3254	2
3255	1
3256	1
3257	1
3258	0
3259	2
3260	1
3261	1
3262	0
3263	1
3264	1
3265	2
3266	1
3267	2
3268	0
3269	2
3270	2
3271	0
3272	0
3273	2
3274	2
3275	1
3276	2
3277	1
3278	2
3279	0
3280	1
3281	0
3282	1
3283	2
3284	2
3285	1
3286	0
3287	2
3288	1
3289	2
3290	2
3291	1
3292	1
3293	1
3294	2
3295	2
3296	2
3297	1
3298	2
3299	1
3300	0
3301	2
3302	1
3303	1
3304	1
3305	1
3306	2
3307	2
3308	2
3309	1
3310	0
3311	2
3312	1
3313	2
3314	2
3315	1
3316	0
3317	1
3318	0
3319	1
3320	2
3321	2
3322	2
3323	0
3324	1
3325	1
3326	0
3327	2
3328	1
3329	1
3330	2
3331	2
3332	2
3333	1
3334	1
3335	2
3336	1
3337	2
3338	1
3339	1
3340	1
3341	1
3342	1
3343	2
3344	2
3345	1
3346	0
3347	1
3348	1
3349	1
3350	2
3351	1
3352	2
3353	1
3354	2
3355	1
3356	2
3357	0
3358	0
3359	2
3360	2
3361	2
3362	0
3363	1
3364	1
3365	2
3366	1
3367	2
3368	0
3369	0
3370	2
3371	2
3372	1
3373	2
3374	2
3375	1
3376	2
3377	1
3378	0
3379	2
3380	2
3381	2
3382	1
3383	0
3384	2
3385	0
3386	2
3387	2
3388	2
3389	0
3390	1
3391	0
3392	2
3393	2
3394	2
3395	1
3396	0
3397	2
3398	0
3399	2
3400	1
3401	1
3402	2
3403	0
3404	1
3405	2
3406	1
3407	2
3408	2
3409	0
3410	2
3411	2
3412	1
3413	0
3414	0
3415	2
3416	2
3417	2
3418	1
3419	1
3420	2
3421	1
3422	2
3423	2
3424	2
3425	2
3426	2
3427	2
3428	1
3429	1
3430	1
3431	2
3432	1
3433	2
3434	0
3435	0
3436	1
3437	1
3438	2
3439	2
3440	2
3441	0
3442	2
3443	2
3444	1
3445	2
3446	1
3447	1
3448	0
3449	2
3450	0
3451	2
3452	2
3453	0
3454	0
3455	1
3456	2
3457	1
3458	0
3459	0
3460	0
3461	0
3462	1
3463	2
3464	2
3465	1
3466	0
3467	2
3468	0
3469	0
3470	2
3471	2
3472	2
3473	2
3474	2
3475	1
3476	1
3477	0
3478	0
3479	2
3480	2
3481	2
3482	0
3483	2
3484	0
3485	0
3486	2
3487	2
3488	2
3489	1
3490	2
3491	1
3492	1
3493	1
3494	1
3495	1
3496	0
3497	2
3498	2
3499	2
3500	2
3501	1
3502	2
3503	1
3504	2
3505	1
3506	1
3507	1
3508	0
3509	1
3510	0
3511	2
3512	1
3513	2
3514	2
3515	2
3516	1
3517	1
3518	2
3519	1
3520	2
3521	1
3522	1
3523	1
3524	1
3525	2
3526	0
3527	1
3528	2
3529	2
3530	0
3531	2
3532	2
3533	2
3534	1
3535	1
3536	2
3537	2
3538	1
3539	0
3540	1
3541	1
3542	0
3543	2
3544	1
3545	1
3546	2
3547	2
3548	2
3549	1
3550	2
3551	2
3552	2
3553	0
3554	1
3555	2
3556	2
3557	0
3558	1
3559	1
3560	2
3561	2
3562	1
3563	2
3564	2
3565	0
3566	1
3567	2
3568	2
3569	1
3570	1
3571	0
3572	2
3573	2
3574	1
3575	0
3576	0
3577	1
3578	1
3579	1
3580	2
3581	1
3582	0
3583	1
3584	2
3585	0
3586	0
3587	1
3588	1
3589	1
3590	0
3591	1
3592	1
3593	1
3594	0
3595	1
3596	2
3597	2
3598	1
3599	2
3600	1
3601	2
3602	1
3603	1
3604	1
3605	0
3606	2
3607	0
3608	1
3609	2
3610	1
3611	2
3612	0
3613	2
3614	2
3615	2
3616	1
3617	2
3618	2
3619	2
3620	2
3621	0
3622	1
3623	2
3624	2
3625	1
3626	1
3627	1
3628	1
3629	1
3630	2
3631	2
3632	1
3633	0
3634	1
3635	2
3636	1
3637	1
3638	1
3639	1
3640	2
3641	0
3642	1
3643	0
3644	2
3645	2
3646	1
3647	1
3648	2
3649	1
3650	1
3651	1
3652	0
3653	2
3654	2
3655	2
3656	1
3657	2
3658	1
3659	0
3660	1
3661	2
3662	2
3663	1
3664	0
3665	0
3666	2
3667	2
3668	2
3669	0
3670	1
3671	2
3672	1
3673	2
3674	2
3675	1
3676	2
3677	0
3678	2
3679	1
3680	2
3681	1
3682	2
3683	2
3684	0
3685	2
3686	1
3687	0
3688	2
3689	2
3690	1
3691	2
3692	2
3693	1
3694	2
3695	1
3696	1
3697	2
3698	2
3699	2
3700	2
3701	2
3702	2
3703	2
3704	0
3705	1
3706	2
3707	2
3708	2
3709	1
3710	2
3711	1
3712	2
3713	0
3714	2
3715	0
3716	1
3717	2
3718	1
3719	1
3720	2
3721	2
3722	1
3723	2
3724	2
3725	2
3726	0
3727	1
3728	1
3729	2
3730	0
3731	2
3732	1
3733	2
3734	1
3735	2
3736	0
3737	2
3738	2
3739	2
3740	2
3741	2
3742	0
3743	1
3744	1
3745	1
3746	0
3747	1
3748	2
3749	1
3750	2
3751	2
3752	1
3753	0
3754	2
3755	1
3756	2
3757	1
3758	1
3759	2
3760	2
3761	2
3762	1
3763	2
3764	2
3765	1
3766	0
3767	2
3768	1
3769	1
3770	2
3771	1
3772	2
3773	2
3774	0
3775	0
3776	1
3777	0
3778	2
3779	0
3780	2
3781	0
3782	2
3783	1
3784	2
3785	1
3786	2
3787	1
3788	1
3789	2
3790	0
3791	2
3792	1
3793	2
3794	2
3795	0
3796	1
3797	1
3798	1
3799	2
3800	2
3801	2
3802	1
3803	0
3804	2
3805	1
3806	0
3807	0
3808	0
3809	1
3810	1
3811	2
3812	1
3813	2
3814	2
3815	2
3816	2
3817	1
3818	1
3819	0
3820	1
3821	1
3822	0
3823	2
3824	0
3825	2
3826	1
3827	0
3828	2
3829	2
3830	1
3831	0
3832	2
3833	2
3834	1
3835	2
3836	2
3837	1
3838	0
3839	1
3840	1
3841	0
3842	1
3843	0
3844	1
3845	1
3846	1
3847	2
3848	1
3849	1
3850	1
3851	1
3852	0
3853	2
3854	1
3855	1
3856	1
3857	1
3858	1
3859	0
3860	2
3861	0
3862	1
3863	1
3864	1
3865	1
3866	2
3867	1
3868	1
3869	0
3870	2
3871	1
3872	2
3873	1
3874	1
3875	0
3876	2
3877	0
3878	1
3879	0
3880	2
3881	2
3882	0
3883	2
3884	2
3885	2
3886	0
3887	1
3888	2
3889	2
3890	1
3891	1
3892	0
3893	0
3894	2
3895	1
3896	1
3897	2
3898	1
3899	2
3900	0
3901	2
3902	2
3903	2
3904	2
3905	1
3906	2
3907	1
3908	2
3909	2
3910	2
3911	1
3912	2
3913	0
3914	2
3915	2
3916	2
3917	1
3918	2
3919	0
3920	0
3921	0
3922	2
3923	1
3924	1
3925	0
3926	2
3927	1
3928	1
3929	1
3930	2
3931	1
3932	2
3933	1
3934	1
3935	1
3936	2
3937	1
3938	0
3939	0
3940	2
3941	1
3942	1
3943	1
3944	1
3945	2
3946	2
3947	0
3948	2
3949	1
3950	2
3951	1
3952	2
3953	2
3954	1
3955	1
3956	0
3957	0
3958	2
3959	1
3960	2
3961	2
3962	2
3963	1
3964	0
3965	0
3966	2
3967	2
3968	2
3969	1
3970	2
3971	1
3972	1
3973	2
3974	2
3975	2
3976	2
3977	1
3978	2
3979	1
3980	1
3981	1
3982	0
3983	2
3984	2
3985	2
3986	2
3987	1
3988	1
3989	1
3990	1
3991	1
3992	1
3993	1
3994	1
3995	2
3996	0
3997	1
3998	1
3999	0
4000	1
4001	1
4002	0
4003	1
4004	0
4005	2
4006	1
4007	0
4008	0
4009	2
4010	0
4011	2
4012	0
4013	1
4014	1
4015	2
4016	0
4017	1
4018	0
4019	1
4020	2
4021	0
4022	1
4023	2
4024	1
4025	2
4026	2
4027	1
4028	2
4029	2
4030	2
4031	2
4032	1
4033	2
4034	1
4035	1
4036	2
4037	2
4038	2
4039	0
4040	2
4041	0
4042	1
4043	1
4044	0
4045	1
4046	0
4047	2
4048	1
4049	1
4050	1
4051	1
4052	1
4053	1
4054	0
4055	2
4056	2
4057	1
4058	1
4059	1
4060	1
4061	1
4062	1
4063	2
4064	1
4065	2
4066	1
4067	2
4068	1
4069	2
4070	0
4071	2
4072	1
4073	2
4074	0
4075	1
4076	0
4077	1
4078	0
4079	2
4080	2
4081	2
4082	2
4083	1
4084	1
4085	1
4086	0
4087	0
4088	1
4089	1
4090	1
4091	0
4092	2
4093	1
4094	2
4095	1
4096	1
4097	2
4098	1
4099	2
4100	1
4101	1
4102	0
4103	0
4104	2
4105	1
4106	2
4107	2
4108	0
4109	2
4110	2
4111	1
4112	2
4113	2
4114	1
4115	0
4116	1
4117	0
4118	2
4119	1
4120	1
4121	2
4122	2
4123	0
4124	0
4125	1
4126	2
4127	2
4128	0
4129	1
4130	1
4131	0
4132	2
4133	2
4134	2
4135	1
4136	2
4137	0
4138	1
4139	2
4140	2
4141	1
4142	2
4143	1
4144	1
4145	2
4146	0
4147	0
4148	1
4149	2
4150	2
4151	0
4152	2
4153	1
4154	0
4155	2
4156	0
4157	1
4158	1
4159	2
4160	2
4161	0
4162	2
4163	2
4164	2
4165	2
4166	1
4167	0
4168	0
4169	1
4170	2
4171	1
4172	1
4173	2
4174	2
4175	2
4176	1
4177	0
4178	1
4179	2
4180	2
4181	2
4182	1
4183	2
4184	1
4185	1
4186	0
4187	0
4188	2
4189	2
4190	2
4191	1
4192	1
4193	2
4194	2
4195	2
4196	1
4197	2
4198	1
4199	2
4200	1
4201	0
4202	1
4203	0
4204	2
4205	0
4206	1
4207	1
4208	1
4209	0
4210	2
4211	2
4212	1
4213	1
4214	0
4215	1
4216	1
4217	1
4218	1
4219	0
4220	1
4221	0
4222	1
4223	2
4224	0
4225	0
4226	0
4227	1
4228	1
4229	2
4230	1
4231	1
4232	0
4233	1
4234	1
4235	2
4236	2
4237	0
4238	0
4239	0
4240	2
4241	1
4242	2
4243	2
4244	2
4245	0
4246	2
4247	2
4248	2
4249	2
4250	0
4251	2
4252	1
4253	1
4254	2
4255	1
4256	1
4257	2
4258	1
4259	1
4260	1
4261	1
4262	1
4263	1
4264	2
4265	1
4266	2
4267	2
4268	2
4269	2
4270	1
4271	0
4272	0
4273	1
4274	1
4275	2
4276	0
4277	1
4278	2
4279	1
4280	1
4281	2
4282	2
4283	0
4284	1
4285	1
4286	0
4287	1
4288	1
4289	2
4290	1
4291	1
4292	0
4293	1
4294	0
4295	0
4296	0
4297	1
4298	2
4299	1
4300	2
4301	2
4302	2
4303	2
4304	0
4305	1
4306	1
4307	1
4308	0
4309	0
4310	2
4311	1
4312	1
4313	1
4314	2
4315	0
4316	1
4317	2
4318	0
4319	2
4320	2
4321	0
4322	1
4323	1
4324	2
4325	2
4326	0
4327	2
4328	1
4329	0
4330	0
4331	2
4332	1
4333	1
4334	1
4335	1
4336	2
4337	2
4338	1
4339	1
4340	2
4341	1
4342	2
4343	1
4344	1
4345	1
4346	2
4347	2
4348	1
4349	2
4350	2
4351	1
4352	2
4353	1
4354	1
4355	2
4356	1
4357	2
4358	2
4359	2
4360	1
4361	2
4362	2
4363	2
4364	0
4365	2
4366	2
4367	2
4368	1
4369	2
4370	1
4371	1
4372	1
4373	1
4374	2
4375	0
4376	1
4377	2
4378	2
4379	1
4380	1
4381	0
4382	1
4383	2
4384	2
4385	0
4386	2
4387	1
4388	1
4389	2
4390	1
4391	1
4392	1
4393	2
4394	2
4395	1
4396	2
4397	0
4398	2
4399	2
4400	2
4401	2
4402	1
4403	2
4404	0
4405	1
4406	1
4407	1
4408	1
4409	0
4410	2
4411	1
4412	1
4413	0
4414	1
4415	2
4416	2
4417	1
4418	1
4419	0
4420	1
4421	2
4422	2
4423	1
4424	1
4425	2
4426	1
4427	1
4428	0
4429	1
4430	2
4431	1
4432	2
4433	2
4434	2
4435	2
4436	1
4437	0
4438	1
4439	0
4440	1
4441	2
4442	2
4443	2
4444	0
4445	1
4446	1
4447	0
4448	1
4449	2
4450	1
4451	2
4452	0
4453	1
4454	1
4455	1
4456	2
4457	0
4458	2
4459	2
4460	0
4461	2
4462	1
4463	2
4464	1
4465	1
4466	1
4467	2
4468	1
4469	2
4470	0
4471	0
4472	1
4473	0
4474	2
4475	1
4476	1
4477	1
4478	2
4479	2
4480	0
4481	2
4482	2
4483	1
4484	1
4485	0
4486	1
4487	1
4488	2
4489	2
4490	0
4491	2
4492	1
4493	1
4494	1
4495	0
4496	1
4497	2
4498	1
4499	1
4500	1
4501	2
4502	0
4503	2
4504	1
4505	1
4506	2
4507	0
4508	0
4509	0
4510	1
4511	1
4512	0
4513	2
4514	2
4515	1
4516	1
4517	2
4518	1
4519	2
4520	1
4521	1
4522	2
4523	1
4524	1
4525	2
4526	1
4527	0
4528	0
4529	1
4530	2
4531	2
4532	0
4533	1
4534	1
4535	2
4536	1
4537	1
4538	0
4539	2
4540	1
4541	2
4542	1
4543	1
4544	0
4545	0
4546	2
4547	1
4548	2
4549	0
4550	1
4551	1
4552	1
4553	1
4554	2
4555	1
4556	1
4557	0
4558	2
4559	0
4560	2
4561	1
4562	2
4563	1
4564	2
4565	2
4566	2
4567	0
4568	2
4569	2
4570	1
4571	1
4572	1
4573	2
4574	2
4575	0
4576	1
4577	1
4578	2
4579	2
4580	1
4581	2
4582	0
4583	1
4584	1
4585	0
4586	0
4587	2
4588	1
4589	1
4590	0
4591	2
4592	2
4593	2
4594	1
4595	0
4596	0
4597	1
4598	1
4599	0
4600	2
4601	2
4602	2
4603	0
4604	1
4605	2
4606	2
4607	2
4608	2
4609	2
4610	1
4611	2
4612	1
4613	2
4614	2
4615	1
4616	0
4617	1
4618	1
4619	2
4620	0
4621	0
4622	2
4623	1
4624	1
4625	1
4626	2
4627	1
4628	1
4629	0
4630	1
4631	1
4632	0
4633	2
4634	1
4635	1
4636	1
4637	2
4638	2
4639	0
4640	2
4641	1
4642	2
4643	0
4644	2
4645	0
4646	0
4647	2
4648	1
4649	2
4650	1
4651	0
4652	1
4653	2
4654	2
4655	2
4656	0
4657	1
4658	1
4659	1
4660	1
4661	1
4662	0
4663	2
4664	1
4665	1
4666	2
4667	1
4668	1
4669	0
4670	1
4671	0
4672	0
4673	1
4674	2
4675	1
4676	2
4677	2
4678	1
4679	1
4680	2
4681	1
4682	0
4683	0
4684	2
4685	0
4686	2
4687	1
4688	1
4689	2
4690	0
4691	0
4692	2
4693	0
4694	2
4695	2
4696	1
4697	0
4698	0
4699	2
4700	2
4701	1
4702	1
4703	2
4704	2
4705	2
4706	2
4707	2
4708	2
4709	2
4710	1
4711	0
4712	2
4713	0
4714	2
4715	1
4716	0
4717	2
4718	1
4719	0
4720	2
4721	1
4722	2
4723	0
4724	2
4725	1
4726	2
4727	2
4728	2
4729	2
4730	0
4731	0
4732	1
4733	1
4734	1
4735	1
4736	2
4737	1
4738	2
4739	2
4740	1
4741	0
4742	1
4743	2
4744	0
4745	2
4746	0
4747	0
4748	2
4749	0
4750	2
4751	0
4752	2
4753	1
4754	0
4755	2
4756	0
4757	1
4758	1
4759	2
4760	2
4761	1
4762	2
4763	1
4764	1
4765	0
4766	0
4767	1
4768	0
4769	0
4770	0
4771	2
4772	0
4773	0
4774	0
4775	2
4776	1
4777	0
4778	1
4779	2
4780	2
4781	1
4782	2
4783	2
4784	0
4785	2
4786	0
4787	2
4788	0
4789	2
4790	2
4791	1
4792	0
4793	2
4794	0
4795	1
4796	0
4797	2
4798	2
4799	0
4800	0
4801	2
4802	2
4803	1
4804	2
4805	2
4806	2
4807	2
4808	1
4809	2
4810	2
4811	2
4812	2
4813	2
4814	2
4815	2
4816	2
4817	0
4818	0
4819	1
4820	2
4821	1
4822	1
4823	1
4824	2
4825	1
4826	2
4827	1
4828	1
4829	2
4830	2
4831	2
4832	2
4833	1
4834	1
4835	1
4836	1
4837	2
4838	0
4839	2
4840	0
4841	1
4842	2
4843	1
4844	2
4845	2
4846	1
4847	2
4848	2
4849	2
4850	1
4851	0
4852	1
4853	1
4854	1
4855	2
4856	2
4857	2
4858	1
4859	2
4860	1
4861	1
4862	2
4863	1
4864	0
4865	0
4866	1
4867	1
4868	2
4869	1
4870	1
4871	2
4872	1
4873	2
4874	1
4875	1
4876	0
4877	0
4878	0
4879	2
4880	1
4881	1
4882	0
4883	0
4884	1
4885	0
4886	2
4887	0
4888	2
4889	2
4890	0
4891	2
4892	1
4893	2
4894	1
4895	2
4896	1
4897	1
4898	1
4899	2
4900	2
4901	2
4902	0
4903	1
4904	1
4905	2
4906	1
4907	1
4908	1
4909	2
4910	1
4911	1
4912	1
4913	1
4914	2
4915	2
4916	0
4917	2
4918	2
4919	2
4920	2
4921	2
4922	2
4923	1
4924	1
4925	1
4926	2
4927	0
4928	0
4929	1
4930	2
4931	1
4932	1
4933	1
4934	1
4935	2
4936	2
4937	1
4938	1
4939	1
4940	1
4941	2
4942	2
4943	0
4944	2
4945	0
4946	0
4947	1
4948	1
4949	0
4950	0
4951	1
4952	2
4953	2
4954	1
4955	1
4956	0
4957	2
4958	1
4959	1
4960	2
4961	1
4962	1
4963	2
4964	1
4965	1
4966	2
4967	0
4968	0
4969	2
4970	2
4971	2
4972	1
4973	1
4974	1
4975	2
4976	0
4977	1
4978	0
4979	0
4980	0
4981	1
4982	1
4983	2
4984	2
4985	1
4986	2
4987	1
4988	2
4989	2
4990	1
4991	1
4992	1
4993	2
4994	2
4995	1
4996	2
4997	2
4998	2
4999	0
5000	1
5001	0
5002	1
5003	2
5004	2
5005	2
5006	0
5007	0
5008	2
5009	2
5010	2
5011	2
5012	1
5013	2
5014	1
5015	2
5016	1
5017	1
5018	0
5019	1
5020	2
5021	0
5022	2
5023	2
5024	1
5025	0
5026	2
5027	0
5028	2
5029	0
5030	2
5031	1
5032	0
5033	0
5034	1
5035	2
5036	2
5037	2
5038	1
5039	0
5040	1
5041	2
5042	1
5043	0
5044	2
5045	0
5046	2
5047	2
5048	1
5049	0
5050	1
5051	1
5052	1
5053	1
5054	1
5055	2
5056	1
5057	1
5058	2
5059	1
5060	0
5061	1
5062	2
5063	0
5064	1
5065	2
5066	1
5067	2
5068	1
5069	1
5070	2
5071	1
5072	1
5073	0
5074	1
5075	1
5076	1
5077	0
5078	2
5079	0
5080	1
5081	1
5082	1
5083	2
5084	2
5085	2
5086	2
5087	1
5088	1
5089	1
5090	2
5091	1
5092	1
5093	1
5094	1
5095	1
5096	2
5097	0
5098	2
5099	1
5100	2
5101	2
5102	0
5103	2
5104	1
5105	2
5106	0
5107	1
5108	2
5109	2
5110	1
5111	1
5112	2
5113	2
5114	1
5115	0
5116	2
5117	0
5118	2
5119	0
5120	2
5121	1
5122	1
5123	1
5124	1
5125	0
5126	2
5127	1
5128	2
5129	2
5130	2
5131	2
5132	1
5133	1
5134	2
5135	1
5136	2
5137	0
5138	2
5139	1
5140	0
5141	2
5142	2
5143	0
5144	1
5145	2
5146	2
5147	2
5148	0
5149	1
5150	0
5151	1
5152	2
5153	1
5154	1
5155	0
5156	2
5157	2
5158	2
5159	2
5160	2
5161	2
5162	2
5163	2
5164	1
5165	2
5166	2
5167	1
5168	1
5169	0
5170	1
5171	0
5172	1
5173	0
5174	2
5175	1
5176	2
5177	0
5178	1
5179	2
5180	1
5181	0
5182	2
5183	2
5184	1
5185	1
5186	0
5187	1
5188	2
5189	1
5190	1
5191	2
5192	2
5193	1
5194	1
5195	0
5196	2
5197	1
5198	2
5199	2
5200	2
5201	0
5202	1
5203	2
5204	1
5205	2
5206	2
5207	0
5208	1
5209	2
5210	2
5211	1
5212	0
5213	1
5214	0
5215	2
5216	0
5217	1
5218	1
5219	0
5220	1
5221	0
5222	1
5223	2
5224	2
5225	0
5226	0
5227	2
5228	2
5229	2
5230	1
5231	0
5232	2
5233	1
5234	0
5235	2
5236	1
5237	2
5238	0
5239	1
5240	1
5241	1
5242	1
5243	2
5244	2
5245	1
5246	2
5247	2
5248	1
5249	1
5250	2
5251	2
5252	2
5253	2
5254	1
5255	1
5256	1
5257	1
5258	2
5259	1
5260	1
5261	1
5262	1
5263	1
5264	1
5265	2
5266	1
5267	2
5268	0
5269	2
5270	2
5271	0
5272	1
5273	1
5274	2
5275	1
5276	1
5277	0
5278	2
5279	2
5280	1
5281	2
5282	1
5283	1
5284	0
5285	1
5286	1
5287	2
5288	0
5289	2
5290	0
5291	2
5292	1
5293	1
5294	1
5295	1
5296	2
5297	2
5298	1
5299	1
5300	0
5301	2
5302	2
5303	2
5304	2
5305	1
5306	2
5307	0
5308	1
5309	2
5310	2
5311	2
5312	1
5313	2
5314	0
5315	2
5316	0
5317	2
5318	1
5319	2
5320	0
5321	1
5322	0
5323	0
5324	1
5325	1
5326	1
5327	1
5328	2
5329	1
5330	2
5331	1
5332	0
5333	1
5334	2
5335	2
5336	2
5337	0
5338	2
5339	1
5340	2
5341	0
5342	0
5343	1
5344	2
5345	2
5346	2
5347	2
5348	2
5349	2
5350	1
5351	0
5352	2
5353	0
5354	2
5355	2
5356	0
5357	0
5358	1
5359	2
5360	2
5361	0
5362	1
5363	1
5364	1
5365	1
5366	1
5367	1
5368	2
5369	2
5370	2
5371	0
5372	1
5373	2
5374	2
5375	1
5376	0
5377	1
5378	1
5379	2
5380	1
5381	1
5382	0
5383	1
5384	1
5385	2
5386	0
5387	1
5388	1
5389	2
5390	2
5391	1
5392	0
5393	0
5394	2
5395	2
5396	1
5397	1
5398	0
5399	1
5400	0
5401	2
5402	2
5403	2
5404	1
5405	1
5406	1
5407	0
5408	1
5409	1
5410	1
5411	2
5412	1
5413	1
5414	2
5415	0
5416	0
5417	1
5418	2
5419	1
5420	2
5421	2
5422	1
5423	2
5424	2
5425	0
5426	0
5427	0
5428	1
5429	2
5430	2
5431	2
5432	2
5433	2
5434	1
5435	2
5436	2
5437	1
5438	0
5439	0
5440	0
5441	1
5442	0
5443	1
5444	1
5445	0
5446	1
5447	1
5448	0
5449	1
5450	1
5451	1
5452	1
5453	2
5454	1
5455	1
5456	1
5457	2
5458	1
5459	2
5460	1
5461	2
5462	1
5463	2
5464	1
5465	1
5466	2
5467	2
5468	1
5469	1
5470	0
5471	2
5472	1
5473	2
5474	1
5475	2
5476	1
5477	1
5478	1
5479	0
5480	0
5481	2
5482	1
5483	2
5484	0
5485	2
5486	0
5487	2
5488	0
5489	2
5490	0
5491	1
5492	1
5493	0
5494	0
5495	2
5496	2
5497	2
5498	1
5499	1
5500	2
5501	1
5502	1
5503	1
5504	0
5505	2
5506	2
5507	1
5508	2
5509	1
5510	2
5511	1
5512	1
5513	2
5514	1
5515	0
5516	1
5517	1
5518	2
5519	0
5520	1
5521	2
5522	2
5523	2
5524	1
5525	0
5526	1
5527	1
5528	1
5529	0
5530	2
5531	0
5532	1
5533	1
5534	2
5535	2
5536	0
5537	2
5538	0
5539	1
5540	2
5541	1
5542	0
5543	1
5544	2
5545	2
5546	0
5547	2
5548	2
5549	0
5550	1
5551	2
5552	0
5553	1
5554	2
5555	1
5556	2
5557	2
5558	2
5559	2
5560	1
5561	0
5562	2
5563	0
5564	1
5565	2
5566	1
5567	2
5568	1
5569	1
5570	0
5571	0
5572	1
5573	1
5574	1
5575	2
5576	1
5577	1
5578	1
5579	2
5580	1
5581	1
5582	0
5583	1
5584	2
5585	2
5586	1
5587	1
5588	0
5589	1
5590	2
5591	2
5592	1
5593	1
5594	0
5595	2
5596	0
5597	1
5598	0
5599	2
5600	2
5601	2
5602	1
5603	1
5604	1
5605	2
5606	1
5607	0
5608	2
5609	0
5610	1
5611	0
5612	1
5613	1
5614	2
5615	1
5616	2
5617	1
5618	1
5619	1
5620	2
5621	0
5622	1
5623	1
5624	1
5625	1
5626	2
5627	1
5628	1
5629	0
5630	2
5631	2
5632	2
5633	1
5634	1
5635	2
5636	2
5637	2
5638	1
5639	1
5640	1
5641	0
5642	1
5643	0
5644	1
5645	2
5646	1
5647	2
5648	1
5649	1
5650	1
5651	1
5652	2
5653	0
5654	1
5655	0
5656	0
5657	1
5658	2
5659	2
5660	1
5661	0
5662	2
5663	1
5664	2
5665	1
5666	1
5667	1
5668	1
5669	2
5670	1
5671	2
5672	1
5673	2
5674	1
5675	2
5676	1
5677	0
5678	2
5679	0
5680	0
5681	2
5682	2
5683	0
5684	1
5685	1
5686	1
5687	2
5688	2
5689	2
5690	2
5691	2
5692	0
5693	1
5694	0
5695	1
5696	1
5697	1
5698	2
5699	1
5700	0
5701	2
5702	1
5703	1
5704	2
5705	0
5706	1
5707	1
5708	2
5709	2
5710	1
5711	1
5712	1
5713	2
5714	0
5715	1
5716	1
5717	0
5718	0
5719	1
5720	2
5721	1
5722	2
5723	0
5724	0
5725	2
5726	1
5727	1
5728	2
5729	1
5730	1
5731	2
5732	0
5733	2
5734	0
5735	1
5736	1
5737	1
5738	1
5739	0
5740	1
5741	0
5742	1
5743	2
5744	1
5745	1
5746	0
5747	0
5748	1
5749	1
5750	2
5751	0
5752	1
5753	1
5754	2
5755	0
5756	1
5757	2
5758	1
5759	2
5760	1
5761	2
5762	1
5763	0
5764	1
5765	1
5766	1
5767	1
5768	1
5769	0
5770	1
5771	2
5772	1
5773	2
5774	1
5775	0
5776	1
5777	2
5778	1
5779	0
5780	1
5781	2
5782	0
5783	2
5784	1
5785	1
5786	1
5787	1
5788	1
5789	2
5790	2
5791	0
5792	0
5793	0
5794	1
5795	2
5796	0
5797	1
5798	0
5799	2
5800	0
5801	2
5802	2
5803	1
5804	2
5805	2
5806	0
5807	2
5808	1
5809	0
5810	1
5811	2
5812	2
5813	1
5814	2
5815	2
5816	2
5817	0
5818	1
5819	1
5820	0
5821	2
5822	0
5823	1
5824	1
5825	2
5826	0
5827	2
5828	1
5829	2
5830	1
5831	0
5832	2
5833	1
5834	0
5835	2
5836	2
5837	2
5838	0
5839	1
5840	1
5841	2
5842	2
5843	1
5844	0
5845	1
5846	1
5847	0
5848	2
5849	1
5850	0
5851	1
5852	2
5853	0
5854	0
5855	0
5856	2
5857	2
5858	1
5859	1
5860	0
5861	1
5862	2
5863	1
5864	1
5865	1
5866	2
5867	2
5868	1
5869	2
5870	1
5871	2
5872	1
5873	0
5874	1
5875	2
5876	2
5877	0
5878	1
5879	1
5880	1
5881	1
5882	0
5883	0
5884	1
5885	0
5886	1
5887	2
5888	0
5889	1
5890	1
5891	1
5892	1
5893	1
5894	2
5895	1
5896	1
5897	1
5898	2
5899	0
5900	1
5901	2
5902	0
5903	1
5904	2
5905	2
5906	2
5907	0
5908	1
5909	2
5910	0
5911	0
5912	1
5913	1
5914	0
5915	2
5916	0
5917	2
5918	2
5919	1
5920	2
5921	1
5922	1
5923	2
5924	0
5925	1
5926	2
5927	2
5928	2
5929	0
5930	0
5931	1
5932	1
5933	0
5934	1
5935	0
5936	1
5937	1
5938	1
5939	0
5940	1
5941	0
5942	1
5943	2
5944	1
5945	2
5946	2
5947	1
5948	1
5949	0
5950	2
5951	2
5952	0
5953	2
5954	0
5955	1
5956	1
5957	0
5958	1
5959	2
5960	2
5961	1
5962	1
5963	2
5964	2
5965	0
5966	1
5967	0
5968	1
5969	2
5970	1
5971	1
5972	1
5973	1
5974	1
5975	2
5976	1
5977	0
5978	1
5979	1
5980	0
5981	0
5982	0
5983	0
5984	2
5985	1
5986	0
5987	1
5988	1
5989	0
5990	0
5991	1
5992	1
5993	2
5994	0
5995	2
5996	0
5997	0
5998	1
5999	0
6000	1
6001	1
6002	2
6003	1
6004	0
6005	1
6006	2
6007	1
6008	2
6009	2
6010	0
6011	1
6012	2
6013	1
6014	2
6015	0
6016	0
6017	0
6018	1
6019	2
6020	1
6021	2
6022	0
6023	2
6024	0
6025	1
6026	1
6027	2
6028	1
6029	2
6030	2
6031	2
6032	1
6033	1
6034	2
6035	0
6036	0
6037	1
6038	1
6039	0
6040	2
6041	1
6042	0
6043	1
6044	2
6045	2
6046	0
6047	0
6048	1
6049	1
6050	2
6051	1
6052	2
6053	0
6054	1
6055	1
6056	1
6057	1
6058	2
6059	0
6060	2
6061	2
6062	2
6063	2
6064	0
6065	2
6066	2
6067	1
6068	2
6069	0
6070	1
6071	0
6072	0
6073	1
6074	1
6075	1
6076	1
6077	1
6078	0
6079	2
6080	2
6081	1
6082	1
6083	2
6084	2
6085	2
6086	0
6087	1
6088	1
6089	2
6090	2
6091	2
6092	0
6093	1
6094	1
6095	2
6096	1
6097	1
6098	1
6099	1
6100	0
6101	0
6102	1
6103	2
6104	2
6105	0
6106	2
6107	1
6108	2
6109	1
6110	0
6111	2
6112	1
6113	2
6114	2
6115	1
6116	2
6117	2
6118	2
6119	1
6120	1
6121	1
6122	1
6123	0
6124	2
6125	1
6126	2
6127	1
6128	2
6129	2
6130	2
6131	1
6132	2
6133	2
6134	1
6135	2
6136	1
6137	1
6138	2
6139	2
6140	2
6141	2
6142	1
6143	1
6144	2
6145	1
6146	0
6147	0
6148	0
6149	0
6150	1
6151	2
6152	0
6153	2
6154	2
6155	1
6156	1
6157	1
6158	2
6159	2
6160	1
6161	2
6162	2
6163	0
6164	1
6165	2
6166	0
6167	0
6168	2
6169	2
6170	1
6171	2
6172	1
6173	2
6174	1
6175	1
6176	1
6177	2
6178	1
6179	2
6180	1
6181	1
6182	1
6183	1
6184	1
6185	1
6186	0
6187	0
6188	2
6189	1
6190	1
6191	2
6192	1
6193	2
6194	0
6195	2
6196	2
6197	2
6198	0
6199	1
6200	0
6201	1
6202	1
6203	0
6204	1
6205	1
6206	1
6207	0
6208	1
6209	0
6210	1
6211	2
6212	1
6213	1
6214	0
6215	2
6216	1
6217	0
6218	0
6219	1
6220	1
6221	2
6222	1
6223	1
6224	2
6225	2
6226	1
6227	2
6228	1
6229	2
6230	0
6231	2
6232	2
6233	1
6234	2
6235	2
6236	2
6237	2
6238	1
6239	1
6240	2
6241	1
6242	2
6243	1
6244	0
6245	1
6246	2
6247	0
6248	2
6249	2
6250	2
6251	2
6252	0
6253	0
6254	2
6255	1
6256	1
6257	1
6258	2
6259	1
6260	1
6261	2
6262	1
6263	1
6264	2
6265	0
6266	1
6267	0
6268	1
6269	0
6270	1
6271	2
6272	2
6273	0
6274	2
6275	2
6276	1
6277	1
6278	2
6279	2
6280	2
6281	1
6282	1
6283	2
6284	2
6285	2
6286	2
6287	0
6288	0
6289	1
6290	1
6291	1
6292	2
6293	1
6294	1
6295	2
6296	2
6297	1
6298	0
6299	2
6300	1
6301	1
6302	2
6303	1
6304	2
6305	1
6306	1
6307	0
6308	0
6309	0
6310	2
6311	2
6312	1
6313	1
6314	2
6315	0
6316	1
6317	1
6318	2
6319	1
6320	1
6321	1
6322	2
6323	1
6324	1
6325	2
6326	2
6327	1
6328	2
6329	0
6330	2
6331	0
6332	1
6333	1
6334	0
6335	1
6336	0
6337	0
6338	1
6339	2
6340	0
6341	1
6342	0
6343	1
6344	1
6345	1
6346	2
6347	2
6348	1
6349	2
6350	0
6351	0
6352	1
6353	1
6354	1
6355	0
6356	2
6357	1
6358	2
6359	1
6360	2
6361	1
6362	2
6363	2
6364	2
6365	2
6366	1
6367	2
6368	1
6369	1
6370	1
6371	2
6372	2
6373	0
6374	1
6375	1
6376	2
6377	2
6378	1
6379	1
6380	2
6381	1
6382	0
6383	1
6384	2
6385	1
6386	2
6387	2
6388	1
6389	0
6390	1
6391	0
6392	2
6393	0
6394	0
6395	2
6396	2
6397	1
6398	2
6399	2
6400	0
6401	2
6402	0
6403	2
6404	2
6405	1
6406	1
6407	0
6408	1
6409	1
6410	2
6411	2
6412	1
6413	1
6414	1
6415	1
6416	0
6417	1
6418	2
6419	1
6420	1
6421	2
6422	0
6423	1
6424	2
6425	2
6426	1
6427	1
6428	2
6429	1
6430	1
6431	1
6432	2
6433	2
6434	1
6435	1
6436	1
6437	2
6438	2
6439	1
6440	1
6441	2
6442	1
6443	0
6444	2
6445	1
6446	0
6447	1
6448	1
6449	2
6450	2
6451	2
6452	1
6453	0
6454	1
6455	1
6456	2
6457	0
6458	1
6459	1
6460	1
6461	2
6462	2
6463	2
6464	2
6465	1
6466	2
6467	1
6468	1
6469	0
6470	2
6471	2
6472	0
6473	1
6474	0
6475	1
6476	2
6477	2
6478	0
6479	1
6480	1
6481	0
6482	1
6483	1
6484	1
6485	2
6486	1
6487	1
6488	2
6489	2
6490	2
6491	2
6492	0
6493	2
6494	0
6495	0
6496	2
6497	1
6498	2
6499	0
6500	2
6501	1
6502	1
6503	2
6504	1
6505	2
6506	1
6507	2
6508	1
6509	0
6510	1
6511	1
6512	2
6513	0
6514	2
6515	1
6516	2
6517	0
6518	0
6519	0
6520	1
6521	0
6522	2
6523	0
6524	0
6525	1
6526	2
6527	1
6528	1
6529	1
6530	2
6531	2
6532	0
6533	0
6534	0
6535	1
6536	1
6537	1
6538	1
6539	0
6540	1
6541	1
6542	2
6543	0
6544	0
6545	0
6546	2
6547	2
6548	1
6549	0
6550	2
6551	2
6552	0
6553	1
6554	2
6555	1
6556	2
6557	2
6558	2
6559	1
6560	0
6561	2
6562	1
6563	0
6564	0
6565	2
6566	1
6567	2
6568	1
6569	1
6570	0
6571	2
6572	2
6573	0
6574	1
6575	0
6576	1
6577	1
6578	1
6579	0
6580	1
6581	1
6582	2
6583	2
6584	1
6585	2
6586	1
6587	1
6588	2
6589	1
6590	1
6591	0
6592	0
6593	0
6594	1
6595	1
6596	2
6597	1
6598	0
6599	2
6600	2
6601	0
6602	1
6603	2
6604	0
6605	0
6606	0
6607	2
6608	2
6609	1
6610	1
6611	0
6612	2
6613	2
6614	2
6615	1
6616	2
6617	1
6618	1
6619	0
6620	2
6621	1
6622	0
6623	2
6624	0
6625	2
6626	1
6627	1
6628	0
6629	1
6630	0
6631	0
6632	2
6633	1
6634	1
6635	1
6636	2
6637	1
6638	1
6639	1
6640	1
6641	2
6642	1
6643	1
6644	1
6645	0
6646	1
6647	0
6648	1
6649	1
6650	2
6651	1
6652	1
6653	0
6654	1
6655	2
6656	1
6657	2
6658	0
6659	1
6660	0
6661	2
6662	2
6663	2
6664	2
6665	0
6666	1
6667	2
6668	1
6669	1
6670	0
6671	2
6672	1
6673	0
6674	0
6675	2
6676	1
6677	1
6678	0
6679	2
6680	2
6681	1
6682	2
6683	2
6684	2
6685	1
6686	2
6687	2
6688	1
6689	1
6690	2
6691	2
6692	2
6693	2
6694	1
6695	2
6696	2
6697	1
6698	2
6699	0
6700	0
6701	2
6702	0
6703	2
6704	0
6705	2
6706	1
6707	2
6708	2
6709	0
6710	1
6711	1
6712	2
6713	2
6714	0
6715	2
6716	0
6717	2
6718	0
6719	2
6720	1
6721	2
6722	1
6723	1
6724	2
6725	2
6726	0
6727	2
6728	1
6729	0
6730	1
6731	1
6732	1
6733	1
6734	2
6735	2
6736	2
6737	0
6738	2
6739	1
6740	2
6741	1
6742	1
6743	2
6744	1
6745	0
6746	1
6747	1
6748	2
6749	2
6750	2
6751	2
6752	1
6753	2
6754	1
6755	1
6756	2
6757	1
6758	1
6759	0
6760	2
6761	1
6762	2
6763	2
6764	0
6765	1
6766	2
6767	1
6768	1
6769	1
6770	2
6771	1
6772	2
6773	1
6774	2
6775	0
6776	1
6777	0
6778	1
6779	0
6780	0
6781	2
6782	1
6783	2
6784	1
6785	2
6786	2
6787	0
6788	0
6789	2
6790	2
6791	1
6792	2
6793	2
6794	2
6795	1
6796	1
6797	2
6798	2
6799	2
6800	1
6801	1
6802	0
6803	2
6804	0
6805	0
6806	0
6807	0
6808	0
6809	0
6810	1
6811	0
6812	2
6813	2
6814	1
6815	2
6816	2
6817	1
6818	1
6819	1
6820	2
6821	2
6822	2
6823	0
6824	1
6825	1
6826	2
6827	2
6828	1
6829	2
6830	1
6831	1
6832	0
6833	2
6834	2
6835	2
6836	1
6837	2
6838	0
6839	1
6840	2
6841	1
6842	0
6843	1
6844	2
6845	2
6846	1
6847	0
6848	2
6849	1
6850	2
6851	2
6852	1
6853	1
6854	2
6855	2
6856	2
6857	2
6858	2
6859	0
6860	1
6861	1
6862	2
6863	0
6864	0
6865	2
6866	0
6867	1
6868	1
6869	2
6870	0
6871	0
6872	0
6873	1
6874	1
6875	2
6876	1
6877	1
6878	2
6879	1
6880	2
6881	2
6882	1
6883	0
6884	1
6885	0
6886	1
6887	1
6888	0
6889	1
6890	2
6891	2
6892	1
6893	1
6894	0
6895	2
6896	2
6897	1
6898	2
6899	2
6900	0
6901	0
6902	0
6903	1
6904	1
6905	0
6906	0
6907	1
6908	2
6909	1
6910	1
6911	1
6912	1
6913	1
6914	2
6915	2
6916	2
6917	1
6918	1
6919	1
6920	1
6921	1
6922	1
6923	1
6924	2
6925	0
6926	1
6927	0
6928	2
6929	1
6930	0
6931	2
6932	2
6933	2
6934	1
6935	1
6936	2
6937	1
6938	0
6939	0
6940	2
6941	2
6942	2
6943	1
6944	2
6945	1
6946	1
6947	1
6948	0
6949	1
6950	2
6951	2
6952	0
6953	1
6954	2
6955	0
6956	0
6957	1
6958	0
6959	1
6960	0
6961	2
6962	1
6963	1
6964	1
6965	2
6966	0
6967	0
6968	1
6969	2
6970	0
6971	1
6972	1
6973	1
6974	1
6975	1
6976	1
6977	0
6978	2
6979	2
6980	2
6981	0
6982	1
6983	1
6984	1
6985	2
6986	2
6987	2
6988	2
6989	1
6990	1
6991	2
6992	1
6993	0
6994	1
6995	1
6996	1
6997	1
6998	2
6999	0
7000	2
7001	2
7002	1
7003	2
7004	1
7005	1
7006	0
7007	2
7008	1
7009	0
7010	2
7011	0
7012	0
7013	1
7014	2
7015	1
7016	1
7017	2
7018	1
7019	2
7020	1
7021	2
7022	2
7023	2
7024	2
7025	2
7026	2
7027	2
7028	0
7029	1
7030	2
7031	1
7032	1
7033	2
7034	1
7035	0
7036	1
7037	1
7038	2
7039	1
7040	1
7041	2
7042	1
7043	2
7044	2
7045	2
7046	1
7047	2
7048	1
7049	2
7050	2
7051	2
7052	0
7053	2
7054	2
7055	1
7056	2
7057	2
7058	2
7059	0
7060	1
7061	1
7062	1
7063	1
7064	2
7065	1
7066	1
7067	2
7068	1
7069	1
7070	1
7071	1
7072	2
7073	2
7074	2
7075	1
7076	2
7077	0
7078	2
7079	2
7080	1
7081	2
7082	2
7083	2
7084	2
7085	0
7086	1
7087	1
7088	2
7089	1
7090	1
7091	1
7092	1
7093	2
7094	1
7095	2
7096	2
7097	1
7098	0
7099	1
7100	1
7101	0
7102	2
7103	2
7104	2
7105	1
7106	1
7107	1
7108	2
7109	1
7110	1
7111	2
7112	1
7113	2
7114	2
7115	2
7116	1
7117	2
7118	1
7119	0
7120	0
7121	0
7122	1
7123	1
7124	1
7125	1
7126	2
7127	0
7128	1
7129	1
7130	0
7131	0
7132	1
7133	1
7134	1
7135	1
7136	2
7137	0
7138	2
7139	0
7140	1
7141	1
7142	1
7143	2
7144	1
7145	0
7146	2
7147	1
7148	0
7149	2
7150	0
7151	1
7152	0
7153	2
7154	2
7155	0
7156	1
7157	0
7158	1
7159	0
7160	2
7161	0
7162	2
7163	2
7164	2
7165	2
7166	2
7167	2
7168	1
7169	1
7170	2
7171	2
7172	2
7173	1
7174	0
7175	2
7176	2
7177	0
7178	0
7179	1
7180	0
7181	0
7182	2
7183	1
7184	0
7185	2
7186	0
7187	2
7188	2
7189	0
7190	2
7191	0
7192	2
7193	0
7194	0
7195	2
7196	2
7197	1
7198	2
7199	1
7200	0
7201	2
7202	2
7203	1
7204	1
7205	2
7206	1
7207	0
7208	1
7209	2
7210	2
7211	2
7212	2
7213	1
7214	1
7215	1
7216	2
7217	1
7218	1
7219	1
7220	1
7221	1
7222	2
7223	1
7224	2
7225	1
7226	1
7227	2
7228	0
7229	2
7230	2
7231	1
7232	2
7233	1
7234	2
7235	2
7236	1
7237	1
7238	1
7239	0
7240	1
7241	2
7242	0
7243	1
7244	0
7245	0
7246	2
7247	2
7248	1
7249	1
7250	2
7251	1
7252	2
7253	1
7254	1
7255	1
7256	1
7257	1
7258	0
7259	2
7260	2
7261	2
7262	0
7263	1
7264	2
7265	2
7266	2
7267	1
7268	1
7269	2
7270	1
7271	1
7272	2
7273	1
7274	2
7275	0
7276	1
7277	2
7278	1
7279	2
7280	1
7281	0
7282	1
7283	1
7284	1
7285	2
7286	2
7287	1
7288	2
7289	2
7290	1
7291	1
7292	0
7293	1
7294	2
7295	2
7296	2
7297	0
7298	2
7299	2
7300	2
7301	0
7302	2
7303	2
7304	1
7305	0
7306	2
7307	0
7308	1
7309	2
7310	2
7311	2
7312	0
7313	1
7314	2
7315	0
7316	1
7317	2
7318	0
7319	2
7320	2
7321	1
7322	2
7323	1
7324	2
7325	2
7326	0
7327	2
7328	2
7329	0
7330	2
7331	2
7332	2
7333	0
7334	1
7335	1
7336	1
7337	0
7338	1
7339	2
7340	2
7341	1
7342	2
7343	1
7344	1
7345	1
7346	2
7347	1
7348	2
7349	1
7350	2
7351	1
7352	1
7353	2
7354	1
7355	0
7356	1
7357	2
7358	0
7359	1
7360	1
7361	2
7362	0
7363	2
7364	1
7365	2
7366	1
7367	0
7368	2
7369	1
7370	1
7371	2
7372	1
7373	1
7374	1
7375	2
7376	2
7377	1
7378	2
7379	2
7380	1
7381	0
7382	0
7383	1
7384	0
7385	0
7386	0
7387	1
7388	0
7389	2
7390	1
7391	1
7392	1
7393	0
7394	1
7395	2
7396	0
7397	1
7398	0
7399	2
7400	1
7401	1
7402	2
7403	1
7404	2
7405	2
7406	2
7407	2
7408	1
7409	2
7410	0
7411	1
7412	0
7413	1
7414	2
7415	1
7416	2
7417	1
7418	2
7419	1
7420	1
7421	1
7422	1
7423	2
7424	1
7425	2
7426	1
7427	1
7428	2
7429	2
7430	1
7431	1
7432	0
7433	2
7434	1
7435	1
7436	2
7437	2
7438	1
7439	1
7440	2
7441	2
7442	1
7443	2
7444	2
7445	1
7446	1
7447	0
7448	1
7449	1
7450	1
7451	1
7452	1
7453	0
7454	2
7455	0
7456	2
7457	1
7458	1
7459	0
7460	1
7461	2
7462	1
7463	2
7464	2
7465	1
7466	1
7467	1
7468	0
7469	0
7470	1
7471	2
7472	2
7473	1
7474	1
7475	1
7476	1
7477	2
7478	2
7479	2
7480	2
7481	0
7482	1
7483	1
7484	0
7485	0
7486	1
7487	1
7488	0
7489	1
7490	2
7491	0
7492	2
7493	1
7494	2
7495	0
7496	1
7497	1
7498	2
7499	1
7500	1
7501	0
7502	2
7503	0
7504	1
7505	2
7506	0
7507	2
7508	2
7509	0
7510	2
7511	2
7512	0
7513	1
7514	2
7515	2
7516	1
7517	1
7518	2
7519	2
7520	0
7521	2
7522	2
7523	0
7524	2
7525	2
7526	1
7527	1
7528	2
7529	0
7530	2
7531	2
7532	2
7533	1
7534	0
7535	2
7536	2
7537	0
7538	1
7539	2
7540	2
7541	1
7542	2
7543	2
7544	2
7545	1
7546	1
7547	2
7548	2
7549	2
7550	1
7551	1
7552	2
7553	0
7554	2
7555	1
7556	1
7557	2
7558	0
7559	2
7560	0
7561	0
7562	2
7563	0
7564	2
7565	2
7566	2
7567	1
7568	1
7569	2
7570	0
7571	1
7572	2
7573	0
7574	1
7575	1
7576	1
7577	1
7578	1
7579	2
7580	2
7581	1
7582	2
7583	2
7584	2
7585	1
7586	0
7587	2
7588	1
7589	0
7590	2
7591	1
7592	1
7593	2
7594	0
7595	2
7596	2
7597	2
7598	1
7599	1
7600	2
7601	2
7602	0
7603	1
7604	2
7605	1
7606	1
7607	2
7608	1
7609	0
7610	1
7611	2
7612	0
7613	0
7614	2
7615	2
7616	2
7617	2
7618	0
7619	1
7620	0
7621	0
7622	1
7623	2
7624	0
7625	2
7626	1
7627	1
7628	1
7629	0
7630	1
7631	2
7632	2
7633	1
7634	0
7635	2
7636	2
7637	2
7638	2
7639	1
7640	0
7641	1
7642	1
7643	0
7644	2
7645	1
7646	0
7647	1
7648	2
7649	0
7650	0
7651	2
7652	1
7653	1
7654	1
7655	1
7656	0
7657	1
7658	1
7659	2
7660	2
7661	0
7662	0
7663	1
7664	1
7665	0
7666	2
7667	2
7668	2
7669	2
7670	0
7671	1
7672	1
7673	2
7674	1
7675	2
7676	0
7677	2
7678	0
7679	2
7680	1
7681	2
7682	1
7683	1
7684	1
7685	2
7686	1
7687	1
7688	0
7689	1
7690	0
7691	1
7692	2
7693	2
7694	1
7695	0
7696	1
7697	1
7698	2
7699	2
7700	0
7701	1
7702	1
7703	0
7704	0
7705	1
7706	2
7707	2
7708	0
7709	2
7710	0
7711	2
7712	1
7713	2
7714	2
7715	1
7716	2
7717	0
7718	2
7719	2
7720	2
7721	2
7722	0
7723	0
7724	0
7725	1
7726	0
7727	0
7728	2
7729	2
7730	1
7731	2
7732	1
7733	0
7734	0
7735	2
7736	0
7737	2
7738	2
7739	0
7740	1
7741	2
7742	2
7743	0
7744	1
7745	1
7746	0
7747	1
7748	2
7749	2
7750	1
7751	1
7752	1
7753	0
7754	1
7755	2
7756	2
7757	1
7758	2
7759	1
7760	0
7761	1
7762	1
7763	1
7764	2
7765	2
7766	2
7767	1
7768	2
7769	0
7770	2
7771	0
7772	0
7773	2
7774	0
7775	0
7776	1
7777	1
7778	1
7779	2
7780	0
7781	0
7782	0
7783	2
7784	2
7785	2
7786	0
7787	2
7788	1
7789	0
7790	1
7791	1
7792	2
7793	1
7794	2
7795	1
7796	1
7797	2
7798	1
7799	1
7800	1
7801	2
7802	2
7803	0
7804	2
7805	1
7806	2
7807	1
7808	1
7809	0
7810	1
7811	1
7812	1
7813	2
7814	1
7815	1
7816	2
7817	2
7818	1
7819	0
7820	0
7821	2
7822	1
7823	1
7824	0
7825	0
7826	0
7827	2
7828	0
7829	1
7830	2
7831	1
7832	1
7833	2
7834	0
7835	1
7836	1
7837	1
7838	2
7839	1
7840	2
7841	2
7842	2
7843	1
7844	0
7845	1
7846	1
7847	1
7848	0
7849	1
7850	2
7851	1
7852	0
7853	2
7854	1
7855	1
7856	1
7857	1
7858	1
7859	2
7860	2
7861	0
7862	1
7863	1
7864	2
7865	2
7866	2
7867	2
7868	2
7869	0
7870	2
7871	1
7872	2
7873	2
7874	2
7875	1
7876	2
7877	2
7878	2
7879	2
7880	2
7881	1
7882	2
7883	1
7884	2
7885	1
7886	1
7887	1
7888	1
7889	1
7890	2
7891	0
7892	0
7893	0
7894	1
7895	0
7896	2
7897	2
7898	0
7899	0
7900	2
7901	0
7902	1
7903	2
7904	2
7905	2
7906	1
7907	2
7908	0
7909	0
7910	2
7911	1
7912	1
7913	1
7914	2
7915	2
7916	1
7917	1
7918	2
7919	1
7920	0
7921	0
7922	0
7923	1
7924	0
7925	1
7926	1
7927	2
7928	2
7929	1
7930	2
7931	1
7932	1
7933	1
7934	1
7935	0
7936	0
7937	1
7938	0
7939	1
7940	0
7941	2
7942	1
7943	2
7944	1
7945	2
7946	0
7947	1
7948	0
7949	2
7950	1
7951	1
7952	1
7953	1
7954	1
7955	2
7956	2
7957	1
7958	0
7959	1
7960	1
7961	1
7962	0
7963	2
7964	1
7965	2
7966	2
7967	1
7968	1
7969	1
7970	1
7971	0
7972	2
7973	2
7974	0
7975	1
7976	2
7977	2
7978	0
7979	1
7980	1
7981	2
7982	2
7983	1
7984	2
7985	0
7986	0
7987	2
7988	1
7989	2
7990	2
7991	1
7992	2
7993	2
7994	0
7995	2
7996	0
7997	2
7998	1
7999	0
8000	2
8001	1
8002	1
8003	2
8004	1
8005	0
8006	2
8007	1
8008	2
8009	2
8010	0
8011	0
8012	1
8013	1
8014	1
8015	0
8016	1
8017	0
8018	0
8019	1
8020	0
8021	2
8022	2
8023	1
8024	0
8025	2
8026	1
8027	1
8028	1
8029	2
8030	1
8031	0
8032	1
8033	0
8034	2
8035	1
8036	1
8037	1
8038	2
8039	0
8040	2
8041	1
8042	2
8043	1
8044	0
8045	2
8046	1
8047	1
8048	1
8049	0
8050	2
8051	2
8052	1
8053	0
8054	2
8055	1
8056	1
8057	2
8058	2
8059	2
8060	0
8061	0
8062	2
8063	1
8064	0
8065	2
8066	1
8067	2
8068	0
8069	2
8070	2
8071	0
8072	1
8073	0
8074	0
8075	1
8076	0
8077	1
8078	2
8079	2
8080	0
8081	1
8082	2
8083	1
8084	1
8085	1
8086	1
8087	0
8088	1
8089	2
8090	1
8091	2
8092	0
8093	1
8094	1
8095	2
8096	1
8097	1
8098	0
8099	2
8100	0
8101	2
8102	2
8103	1
8104	1
8105	2
8106	2
8107	0
8108	2
8109	2
8110	0
8111	1
8112	1
8113	1
8114	2
8115	1
8116	2
8117	1
8118	2
8119	2
8120	2
8121	0
8122	1
8123	2
8124	2
8125	1
8126	2
8127	2
8128	1
8129	2
8130	1
8131	0
8132	1
8133	2
8134	2
8135	1
8136	1
8137	2
8138	2
8139	1
8140	1
8141	1
8142	1
8143	0
8144	2
8145	1
8146	1
8147	1
8148	0
8149	2
8150	2
8151	1
8152	1
8153	2
8154	2
8155	0
8156	1
8157	1
8158	2
8159	1
8160	2
8161	1
8162	1
8163	2
8164	2
8165	1
8166	1
8167	1
8168	0
8169	1
8170	1
8171	0
8172	1
8173	1
8174	1
8175	1
8176	1
8177	2
8178	2
8179	0
8180	1
8181	1
8182	1
8183	2
8184	0
8185	1
8186	0
8187	0
8188	1
8189	1
8190	2
8191	2
8192	0
8193	2
8194	0
8195	2
8196	2
8197	1
8198	2
8199	2
8200	2
8201	2
8202	2
8203	2
8204	1
8205	1
8206	2
8207	1
8208	1
8209	1
8210	1
8211	1
8212	2
8213	2
8214	1
8215	2
8216	2
8217	1
8218	1
8219	2
8220	2
8221	2
8222	2
8223	0
8224	2
8225	2
8226	1
8227	2
8228	2
8229	1
8230	2
8231	2
8232	1
8233	1
8234	2
8235	2
8236	0
8237	1
8238	1
8239	0
8240	0
8241	2
8242	0
8243	0
8244	2
8245	2
8246	0
8247	2
8248	1
8249	2
8250	1
8251	1
8252	0
8253	1
8254	1
8255	2
8256	2
8257	0
8258	1
8259	2
8260	0
8261	1
8262	1
8263	0
8264	1
8265	1
8266	2
8267	0
8268	2
8269	2
8270	0
8271	2
8272	1
8273	2
8274	1
8275	2
8276	2
8277	1
8278	2
8279	2
8280	2
8281	0
8282	1
8283	2
8284	0
8285	1
8286	1
8287	2
8288	1
8289	2
8290	1
8291	0
8292	0
8293	0
8294	2
8295	0
8296	0
8297	0
8298	1
8299	2
8300	2
8301	2
8302	1
8303	2
8304	2
8305	1
8306	0
8307	1
8308	2
8309	2
8310	0
8311	1
8312	1
8313	2
8314	0
8315	2
8316	2
8317	0
8318	0
8319	1
8320	1
8321	1
8322	1
8323	0
8324	2
8325	1
8326	0
8327	2
8328	2
8329	2
8330	2
8331	2
8332	1
8333	1
8334	1
8335	1
8336	2
8337	2
8338	1
8339	1
8340	2
8341	1
8342	2
8343	2
8344	0
8345	2
8346	1
8347	0
8348	1
8349	1
8350	1
8351	0
8352	1
8353	2
8354	2
8355	1
8356	1
8357	0
8358	0
8359	0
8360	1
8361	0
8362	0
8363	0
8364	2
8365	0
8366	0
8367	1
8368	2
8369	2
8370	1
8371	1
8372	2
8373	1
8374	2
8375	1
8376	1
8377	1
8378	2
8379	1
8380	1
8381	0
8382	1
8383	2
8384	0
8385	0
8386	0
8387	2
8388	0
8389	1
8390	1
8391	2
8392	1
8393	1
8394	0
8395	0
8396	2
8397	1
8398	2
8399	2
8400	0
8401	2
8402	0
8403	1
8404	0
8405	2
8406	1
8407	2
8408	1
8409	1
8410	0
8411	0
8412	1
8413	2
8414	2
8415	0
8416	2
8417	1
8418	2
8419	1
8420	2
8421	0
8422	0
8423	0
8424	2
8425	1
8426	2
8427	2
8428	0
8429	2
8430	2
8431	0
8432	2
8433	1
8434	0
8435	2
8436	1
8437	1
8438	1
8439	2
8440	0
8441	1
8442	1
8443	1
8444	1
8445	1
8446	1
8447	0
8448	0
8449	0
8450	0
8451	2
8452	0
8453	0
8454	0
8455	2
8456	2
8457	1
8458	0
8459	0
8460	1
8461	2
8462	0
8463	1
8464	1
8465	2
8466	0
8467	1
8468	2
8469	2
8470	2
8471	0
8472	2
8473	0
8474	1
8475	1
8476	2
8477	1
8478	0
8479	0
8480	1
8481	2
8482	1
8483	1
8484	2
8485	1
8486	2
8487	2
8488	1
8489	1
8490	0
8491	0
8492	1
8493	1
8494	1
8495	2
8496	2
8497	2
8498	2
8499	1
8500	2
8501	1
8502	2
8503	2
8504	1
8505	1
8506	2
8507	0
8508	1
8509	2
8510	0
8511	2
8512	1
8513	2
8514	2
8515	2
8516	0
8517	1
8518	1
8519	1
8520	0
8521	2
8522	2
8523	2
8524	2
8525	0
8526	0
8527	0
8528	0
8529	2
8530	2
8531	1
8532	1
8533	1
8534	0
8535	1
8536	2
8537	2
8538	1
8539	2
8540	2
8541	0
8542	1
8543	1
8544	2
8545	2
8546	1
8547	2
8548	2
8549	2
8550	2
8551	1
8552	0
8553	2
8554	2
8555	0
8556	1
8557	2
8558	0
8559	2
8560	2
8561	2
8562	2
8563	1
8564	1
8565	2
8566	2
8567	0
8568	2
8569	1
8570	0
8571	2
8572	1
8573	0
8574	2
8575	2
8576	1
8577	2
8578	0
8579	2
8580	1
8581	2
8582	0
8583	2
8584	0
8585	2
8586	1
8587	1
8588	1
8589	1
8590	2
8591	1
8592	1
8593	2
8594	2
8595	1
8596	2
8597	2
8598	2
8599	2
8600	2
8601	2
8602	2
8603	2
8604	2
8605	1
8606	0
8607	0
8608	2
8609	1
8610	0
8611	2
8612	2
8613	2
8614	2
8615	2
8616	0
8617	0
8618	0
8619	2
8620	1
8621	1
8622	1
8623	1
8624	2
8625	2
8626	1
8627	1
8628	2
8629	1
8630	1
8631	2
8632	2
8633	0
8634	1
8635	1
8636	2
8637	1
8638	1
8639	2
8640	1
8641	0
8642	2
8643	0
8644	2
8645	0
8646	1
8647	2
8648	1
8649	1
8650	1
8651	1
8652	2
8653	0
8654	2
8655	0
8656	1
8657	2
8658	1
8659	2
8660	0
8661	0
8662	1
8663	2
8664	1
8665	1
8666	1
8667	0
8668	1
8669	1
8670	1
8671	2
8672	2
8673	0
8674	1
8675	1
8676	0
8677	2
8678	0
8679	0
8680	0
8681	2
8682	1
8683	0
8684	2
8685	2
8686	2
8687	1
8688	0
8689	1
8690	1
8691	0
8692	1
8693	0
8694	0
8695	1
8696	2
8697	1
8698	0
8699	2
8700	1
8701	0
8702	1
8703	2
8704	1
8705	0
8706	1
8707	1
8708	0
8709	0
8710	1
8711	2
8712	2
8713	2
8714	1
8715	0
8716	2
8717	0
8718	2
8719	1
8720	1
8721	2
8722	1
8723	1
8724	2
8725	2
8726	1
8727	0
8728	2
8729	1
8730	1
8731	0
8732	1
8733	2
8734	0
8735	1
8736	0
8737	2
8738	1
8739	2
8740	1
8741	1
8742	2
8743	1
8744	0
8745	1
8746	2
8747	2
8748	2
8749	1
8750	1
8751	2
8752	2
8753	1
8754	1
8755	0
8756	2
8757	2
8758	2
8759	0
8760	1
8761	1
8762	1
8763	2
8764	0
8765	1
8766	2
8767	1
8768	2
8769	2
8770	0
8771	2
8772	2
8773	2
8774	0
8775	0
8776	2
8777	1
8778	1
8779	2
8780	1
8781	1
8782	2
8783	2
8784	1
8785	1
8786	1
8787	2
8788	0
8789	0
8790	1
8791	1
8792	2
8793	1
8794	1
8795	1
8796	1
8797	1
8798	1
8799	1
8800	1
8801	1
8802	2
8803	1
8804	1
8805	2
8806	2
8807	1
8808	2
8809	2
8810	1
8811	0
8812	2
8813	0
8814	0
8815	1
8816	1
8817	1
8818	2
8819	2
8820	2
8821	0
8822	0
8823	1
8824	1
8825	1
8826	2
8827	1
8828	0
8829	0
8830	2
8831	2
8832	2
8833	1
8834	0
8835	2
8836	1
8837	2
8838	2
8839	1
8840	2
8841	2
8842	0
8843	0
8844	1
8845	0
8846	0
8847	0
8848	0
8849	1
8850	2
8851	2
8852	2
8853	2
8854	1
8855	1
8856	2
8857	0
8858	0
8859	1
8860	0
8861	1
8862	2
8863	0
8864	1
8865	1
8866	2
8867	0
8868	2
8869	2
8870	1
8871	1
8872	2
8873	2
8874	0
8875	2
8876	1
8877	1
8878	0
8879	1
8880	1
8881	1
8882	2
8883	0
8884	2
8885	1
8886	0
8887	1
8888	1
8889	0
8890	2
8891	0
8892	1
8893	2
8894	2
8895	2
8896	0
8897	1
8898	2
8899	2
8900	2
8901	1
8902	2
8903	1
8904	2
8905	1
8906	1
8907	2
8908	1
8909	2
8910	1
8911	0
8912	2
8913	0
8914	1
8915	1
8916	2
8917	1
8918	2
8919	2
8920	2
8921	1
8922	2
8923	1
8924	1
8925	2
8926	1
8927	1
8928	1
8929	1
8930	2
8931	1
8932	1
8933	1
8934	2
8935	1
8936	0
8937	2
8938	2
8939	1
8940	1
8941	1
8942	1
8943	2
8944	0
8945	1
8946	1
8947	1
8948	1
8949	2
8950	2
8951	2
8952	1
8953	2
8954	1
8955	2
8956	2
8957	1
8958	2
8959	2
8960	2
8961	0
8962	2
8963	1
8964	0
8965	1
8966	2
8967	1
8968	2
8969	2
8970	2
8971	1
8972	1
8973	0
8974	1
8975	2
8976	1
8977	1
8978	2
8979	1
8980	1
8981	2
8982	1
8983	1
8984	2
8985	1
8986	2
8987	2
8988	2
8989	1
8990	0
8991	2
8992	1
8993	2
8994	1
8995	2
8996	2
8997	2
8998	1
8999	1
9000	1
9001	1
9002	0
9003	0
9004	1
9005	2
9006	1
9007	1
9008	0
9009	2
9010	2
9011	0
9012	1
9013	0
9014	2
9015	0
9016	2
9017	1
9018	1
9019	1
9020	1
9021	1
9022	0
9023	2
9024	1
9025	0
9026	2
9027	2
9028	1
9029	2
9030	1
9031	1
9032	1
9033	1
9034	1
9035	1
9036	2
9037	1
9038	2
9039	1
9040	2
9041	1
9042	0
9043	1
9044	0
9045	1
9046	2
9047	2
9048	1
9049	2
9050	2
9051	1
9052	1
9053	1
9054	2
9055	1
9056	2
9057	1
9058	2
9059	2
9060	2
9061	1
9062	2
9063	1
9064	1
9065	0
9066	1
9067	0
9068	1
9069	2
9070	1
9071	1
9072	0
9073	0
9074	2
9075	2
9076	1
9077	2
9078	2
9079	2
9080	2
9081	1
9082	1
9083	2
9084	2
9085	2
9086	0
9087	1
9088	2
9089	2
9090	2
9091	1
9092	0
9093	0
9094	1
9095	1
9096	2
9097	1
9098	1
9099	0
9100	1
9101	0
9102	2
9103	2
9104	1
9105	0
9106	2
9107	0
9108	2
9109	0
9110	2
9111	1
9112	2
9113	1
9114	1
9115	1
9116	1
9117	1
9118	1
9119	1
9120	2
9121	0
9122	1
9123	0
9124	1
9125	1
9126	1
9127	2
9128	2
9129	2
9130	0
9131	1
9132	2
9133	2
9134	2
9135	0
9136	2
9137	1
9138	2
9139	2
9140	1
9141	2
9142	1
9143	1
9144	1
9145	1
9146	0
9147	0
9148	2
9149	2
9150	1
9151	2
9152	2
9153	1
9154	1
9155	2
9156	1
9157	2
9158	1
9159	0
9160	1
9161	0
9162	0
9163	1
9164	1
9165	2
9166	0
9167	2
9168	2
9169	2
9170	0
9171	1
9172	1
9173	2
9174	2
9175	1
9176	1
9177	1
9178	1
9179	2
9180	2
9181	2
9182	0
9183	2
9184	1
9185	1
9186	1
9187	1
9188	2
9189	1
9190	2
9191	1
9192	2
9193	1
9194	1
9195	2
9196	1
9197	2
9198	1
9199	2
9200	1
9201	2
9202	2
9203	1
9204	0
9205	1
9206	2
9207	2
9208	2
9209	1
9210	0
9211	1
9212	0
9213	1
9214	2
9215	1
9216	0
9217	1
9218	1
9219	2
9220	1
9221	1
9222	1
9223	1
9224	2
9225	2
9226	0
9227	1
9228	2
9229	1
9230	2
9231	1
9232	1
9233	1
9234	2
9235	2
9236	2
9237	2
9238	1
9239	1
9240	2
9241	2
9242	2
9243	1
9244	1
9245	2
9246	0
9247	2
9248	1
9249	1
9250	0
9251	2
9252	0
9253	2
9254	1
9255	2
9256	1
9257	0
9258	1
9259	2
9260	2
9261	2
9262	2
9263	2
9264	0
9265	1
9266	1
9267	0
9268	0
9269	2
9270	1
9271	2
9272	0
9273	0
9274	2
9275	0
9276	2
9277	1
9278	0
9279	2
9280	1
9281	1
9282	1
9283	1
9284	2
9285	1
9286	1
9287	1
9288	2
9289	1
9290	2
9291	2
9292	2
9293	1
9294	1
9295	0
9296	1
9297	1
9298	1
9299	2
9300	1
9301	1
9302	1
9303	2
9304	2
9305	2
9306	1
9307	0
9308	2
9309	1
9310	0
9311	2
9312	1
9313	1
9314	0
9315	0
9316	2
9317	2
9318	1
9319	1
9320	1
9321	2
9322	2
9323	2
9324	0
9325	1
9326	2
9327	0
9328	2
9329	0
9330	1
9331	2
9332	2
9333	1
9334	1
9335	1
9336	1
9337	2
9338	1
9339	1
9340	2
9341	2
9342	2
9343	2
9344	1
9345	2
9346	1
9347	1
9348	2
9349	0
9350	1
9351	2
9352	1
9353	0
9354	1
9355	1
9356	2
9357	2
9358	0
9359	1
9360	2
9361	1
9362	1
9363	0
9364	0
9365	1
9366	0
9367	0
9368	2
9369	0
9370	1
9371	1
9372	1
9373	1
9374	1
9375	2
9376	1
9377	0
9378	2
9379	1
9380	2
9381	2
9382	2
9383	2
9384	2
9385	0
9386	1
9387	1
9388	1
9389	2
9390	1
9391	1
9392	2
9393	0
9394	0
9395	1
9396	1
9397	0
9398	0
9399	2
9400	2
9401	1
9402	1
9403	2
9404	1
9405	0
9406	1
9407	2
9408	0
9409	2
9410	1
9411	0
9412	1
9413	2
9414	0
9415	2
9416	2
9417	1
9418	1
9419	0
9420	1
9421	0
9422	2
9423	2
9424	2
9425	1
9426	2
9427	1
9428	1
9429	2
9430	1
9431	1
9432	0
9433	0
9434	2
9435	1
9436	0
9437	1
9438	0
9439	1
9440	0
9441	2
9442	0
9443	2
9444	1
9445	2
9446	2
9447	1
9448	0
9449	1
9450	2
9451	1
9452	1
9453	1
9454	1
9455	1
9456	0
9457	1
9458	1
9459	0
9460	0
9461	2
9462	1
9463	2
9464	1
9465	2
9466	0
9467	0
9468	2
9469	2
9470	1
9471	1
9472	2
9473	0
9474	2
9475	2
9476	2
9477	2
9478	2
9479	2
9480	1
9481	2
9482	1
9483	1
9484	2
9485	2
9486	0
9487	0
9488	0
9489	1
9490	2
9491	2
9492	1
9493	2
9494	1
9495	2
9496	1
9497	0
9498	0
9499	2
9500	2
9501	0
9502	2
9503	0
9504	1
9505	1
9506	2
9507	2
9508	2
9509	1
9510	2
9511	2
9512	0
9513	1
9514	0
9515	0
9516	1
9517	2
9518	0
9519	1
9520	2
9521	1
9522	1
9523	1
9524	2
9525	1
9526	1
9527	1
9528	2
9529	1
9530	1
9531	1
9532	1
9533	2
9534	1
9535	2
9536	2
9537	0
9538	2
9539	2
9540	0
9541	0
9542	2
9543	1
9544	0
9545	1
9546	2
9547	2
9548	1
9549	1
9550	2
9551	0
9552	0
9553	1
9554	1
9555	2
9556	1
9557	2
9558	2
9559	2
9560	1
9561	0
9562	1
9563	1
9564	0
9565	2
9566	2
9567	2
9568	0
9569	2
9570	2
9571	0
9572	2
9573	2
9574	0
9575	1
9576	2
9577	2
9578	0
9579	1
9580	2
9581	2
9582	1
9583	2
9584	1
9585	1
9586	1
9587	2
9588	2
9589	2
9590	0
9591	1
9592	0
9593	1
9594	2
9595	0
9596	0
9597	2
9598	1
9599	1
9600	1
9601	2
9602	1
9603	1
9604	2
9605	0
9606	2
9607	1
9608	1
9609	1
9610	1
9611	1
9612	0
9613	0
9614	2
9615	1
9616	1
9617	2
9618	2
9619	1
9620	2
9621	2
9622	2
9623	1
9624	0
9625	0
9626	1
9627	0
9628	1
9629	2
9630	2
9631	1
9632	2
9633	1
9634	1
9635	2
9636	1
9637	0
9638	1
9639	1
9640	0
9641	0
9642	2
9643	2
9644	2
9645	2
9646	0
9647	1
9648	0
9649	1
9650	2
9651	1
9652	2
9653	0
9654	2
9655	1
9656	1
9657	1
9658	1
9659	1
9660	2
9661	0
9662	0
9663	1
9664	1
9665	1
9666	0
9667	1
9668	1
9669	0
9670	1
9671	0
9672	0
9673	0
9674	2
9675	1
9676	2
9677	0
9678	2
9679	1
9680	1
9681	2
9682	1
9683	2
9684	2
9685	2
9686	2
9687	1
9688	0
9689	2
9690	1
9691	0
9692	2
9693	1
9694	1
9695	0
9696	1
9697	1
9698	1
9699	1
9700	1
9701	1
9702	1
9703	1
9704	2
9705	2
9706	2
9707	2
9708	2
9709	2
9710	1
9711	2
9712	1
9713	2
9714	2
9715	0
9716	1
9717	2
9718	1
9719	1
9720	2
9721	2
9722	2
9723	1
9724	2
9725	1
9726	2
9727	1
9728	1
9729	1
9730	0
9731	2
9732	2
9733	0
9734	2
9735	1
9736	2
9737	2
9738	0
9739	2
9740	2
9741	1
9742	1
9743	2
9744	2
9745	2
9746	2
9747	0
9748	1
9749	1
9750	1
9751	2
9752	2
9753	2
9754	2
9755	2
9756	1
9757	2
9758	0
9759	2
9760	2
9761	0
9762	0
9763	1
9764	2
9765	1
9766	1
9767	1
9768	0
9769	2
9770	2
9771	2
9772	1
9773	2
9774	2
9775	1
9776	1
9777	1
9778	2
9779	2
9780	2
9781	2
9782	2
9783	2
9784	1
9785	0
9786	0
9787	1
9788	1
9789	1
9790	2
9791	1
9792	2
9793	2
9794	2
9795	0
9796	1
9797	0
9798	2
9799	1
9800	0
9801	1
9802	1
9803	1
9804	0
9805	2
9806	1
9807	1
9808	1
9809	2
9810	1
9811	0
9812	1
9813	0
9814	0
9815	2
9816	1
9817	2
9818	1
9819	1
9820	1
9821	0
9822	1
9823	1
9824	1
9825	1
9826	2
9827	1
9828	0
9829	2
9830	1
9831	1
9832	2
9833	2
9834	1
9835	2
9836	1
9837	1
9838	0
9839	0
9840	1
9841	1
9842	2
9843	1
9844	1
9845	2
9846	2
9847	0
9848	0
9849	1
9850	0
9851	1
9852	1
9853	2
9854	1
9855	0
9856	2
9857	0
9858	1
9859	2
9860	2
9861	1
9862	1
9863	0
9864	1
9865	0
9866	1
9867	2
9868	2
9869	0
9870	2
9871	0
9872	2
9873	0
9874	2
9875	2
9876	2
9877	2
9878	2
9879	0
9880	2
9881	1
9882	1
9883	2
9884	1
9885	1
9886	1
9887	1
9888	0
9889	0
9890	2
9891	1
9892	0
9893	1
9894	2
9895	0
9896	0
9897	1
9898	2
9899	1
9900	2
9901	1
9902	0
9903	0
9904	2
9905	0
9906	1
9907	2
9908	1
9909	2
9910	2
9911	2
9912	1
9913	0
9914	0
9915	1
9916	1
9917	2
9918	0
9919	2
9920	1
9921	0
9922	2
9923	0
9924	1
9925	2
9926	2
9927	1
9928	0
9929	1
9930	2
9931	1
9932	2
9933	1
9934	2
9935	2
9936	1
9937	0
9938	2
9939	1
9940	2
9941	1
9942	0
9943	2
9944	2
9945	1
9946	1
9947	2
9948	1
9949	0
9950	0
9951	2
9952	2
9953	2
9954	2
9955	1
9956	1
9957	2
9958	1
9959	0
9960	1
9961	0
9962	0
9963	2
9964	1
9965	2
9966	0
9967	1
9968	1
9969	1
9970	2
9971	1
9972	1
9973	0
9974	2
9975	0
9976	0
9977	0
9978	1
9979	2
9980	2
9981	2
9982	1
9983	1
9984	2
9985	0
9986	2
9987	1
9988	1
9989	0
9990	1
9991	2
9992	2
9993	0
9994	1
9995	1
9996	2
9997	1
9998	2
9999	0
10000	1
10001	2
10002	1
10003	2
10004	0
10005	2
10006	2
10007	2
10008	1
10009	0
10010	0
10011	2
10012	2
10013	0
10014	1
10015	0
10016	2
10017	1
10018	2
10019	0
10020	1
10021	1
10022	0
10023	0
10024	1
10025	0
10026	1
10027	2
10028	2
10029	1
10030	0
10031	1
10032	0
10033	1
10034	2
10035	1
10036	1
10037	0
10038	1
10039	1
10040	1
10041	2
10042	1
10043	1
10044	1
10045	2
10046	2
10047	2
10048	1
10049	0
10050	2
10051	1
10052	2
10053	0
10054	1
10055	0
10056	1
10057	1
10058	1
10059	1
10060	1
10061	2
10062	2
10063	0
10064	1
10065	1
10066	0
10067	2
10068	1
10069	2
10070	2
10071	2
10072	2
10073	2
10074	2
10075	1
10076	2
10077	0
10078	2
10079	2
10080	1
10081	1
10082	1
10083	1
10084	1
10085	2
10086	0
10087	2
10088	2
10089	2
10090	0
10091	2
10092	1
10093	2
10094	0
10095	2
10096	2
10097	2
10098	2
10099	2
10100	2
10101	1
10102	1
10103	2
10104	2
10105	1
10106	1
10107	0
10108	0
10109	1
10110	0
10111	0
10112	2
10113	1
10114	2
10115	1
10116	2
10117	2
10118	2
10119	1
10120	2
10121	0
10122	0
10123	1
10124	1
10125	2
10126	0
10127	1
10128	1
10129	1
10130	1
10131	0
10132	1
10133	1
10134	1
10135	0
10136	1
10137	1
10138	1
10139	1
10140	1
10141	1
10142	2
10143	1
10144	2
10145	0
10146	2
10147	0
10148	0
10149	2
10150	2
10151	2
10152	2
10153	2
10154	1
10155	1
10156	1
10157	1
10158	1
10159	1
10160	2
10161	1
10162	2
10163	0
10164	0
10165	1
10166	1
10167	0
10168	2
10169	2
10170	1
10171	1
10172	1
10173	2
10174	0
10175	0
10176	0
10177	0
10178	1
10179	2
10180	1
10181	1
10182	1
10183	0
10184	1
10185	1
10186	0
10187	0
10188	0
10189	2
10190	2
10191	2
10192	1
10193	0
10194	2
10195	2
10196	2
10197	2
10198	0
10199	1
10200	1
10201	2
10202	1
10203	0
10204	1
10205	1
10206	2
10207	2
10208	2
10209	0
10210	1
10211	2
10212	1
10213	2
10214	0
10215	0
10216	2
10217	2
10218	0
10219	2
10220	2
10221	2
10222	2
10223	1
10224	2
10225	1
10226	1
10227	1
10228	1
10229	1
10230	2
10231	0
10232	2
10233	2
10234	0
10235	2
10236	1
10237	0
10238	1
10239	1
10240	1
10241	1
10242	1
10243	2
10244	1
10245	1
10246	1
10247	2
10248	2
10249	0
10250	2
10251	0
10252	1
10253	2
10254	0
10255	2
10256	0
10257	0
10258	2
10259	1
10260	1
10261	0
10262	2
10263	1
10264	2
10265	2
10266	1
10267	0
10268	1
10269	1
10270	1
10271	1
10272	1
10273	0
10274	0
10275	2
10276	2
10277	1
10278	0
10279	0
10280	1
10281	0
10282	1
10283	1
10284	1
10285	1
10286	2
10287	1
10288	1
10289	1
10290	1
10291	2
10292	2
10293	0
10294	1
10295	2
10296	1
10297	1
10298	1
10299	2
10300	2
10301	0
10302	1
10303	0
10304	0
10305	2
10306	0
10307	0
10308	1
10309	2
10310	2
10311	1
10312	2
10313	1
10314	2
10315	2
10316	2
10317	2
10318	0
10319	1
10320	0
10321	2
10322	1
10323	1
10324	0
10325	1
10326	1
10327	1
10328	2
10329	2
10330	0
10331	1
10332	1
10333	0
10334	0
10335	2
10336	1
10337	0
10338	0
10339	1
10340	2
10341	2
10342	2
10343	1
10344	2
10345	1
10346	0
10347	2
10348	2
10349	1
10350	2
10351	1
10352	2
10353	1
10354	1
10355	2
10356	1
10357	2
10358	1
10359	0
10360	0
10361	2
10362	0
10363	0
10364	1
10365	0
10366	1
10367	2
10368	0
10369	2
10370	1
10371	1
10372	2
10373	0
10374	2
10375	2
10376	0
10377	0
10378	1
10379	0
10380	1
10381	0
10382	1
10383	1
10384	1
10385	1
10386	2
10387	0
10388	1
10389	2
10390	1
10391	1
10392	1
10393	2
10394	2
10395	2
10396	2
10397	1
10398	1
10399	2
10400	1
10401	1
10402	1
10403	0
10404	2
10405	1
10406	0
10407	0
10408	1
10409	0
10410	1
10411	0
10412	0
10413	2
10414	2
10415	1
10416	2
10417	0
10418	1
10419	1
10420	1
10421	2
10422	2
10423	2
10424	1
10425	2
10426	0
10427	1
10428	0
10429	0
10430	0
10431	2
10432	1
10433	2
10434	1
10435	2
10436	1
10437	2
10438	1
10439	1
10440	2
10441	1
10442	1
10443	2
10444	0
10445	1
10446	0
10447	2
10448	2
10449	0
10450	2
10451	2
10452	1
10453	1
10454	1
10455	2
10456	0
10457	2
10458	2
10459	0
10460	2
10461	1
10462	2
10463	1
10464	1
10465	1
10466	1
10467	1
10468	2
10469	0
10470	2
10471	0
10472	2
10473	2
10474	1
10475	0
10476	1
10477	2
10478	2
10479	0
10480	2
10481	2
10482	2
10483	2
10484	1
10485	0
10486	0
10487	2
10488	2
10489	0
10490	2
10491	2
10492	2
10493	1
10494	2
10495	2
10496	1
10497	1
10498	2
10499	1
10500	1
10501	2
10502	1
10503	0
10504	1
10505	2
10506	1
10507	2
10508	1
10509	1
10510	0
10511	0
10512	1
10513	1
10514	2
10515	1
10516	2
10517	0
10518	0
10519	0
10520	1
10521	2
10522	0
10523	0
10524	0
10525	2
10526	2
10527	1
10528	0
10529	0
10530	2
10531	1
10532	2
10533	1
10534	1
10535	2
10536	2
10537	1
10538	1
10539	2
10540	1
10541	0
10542	1
10543	2
10544	2
10545	1
10546	0
10547	1
10548	1
10549	0
10550	1
10551	0
10552	1
10553	2
10554	2
10555	0
10556	2
10557	1
10558	1
10559	1
10560	0
10561	0
10562	2
10563	0
10564	2
10565	2
10566	1
10567	2
10568	2
10569	1
10570	1
10571	1
10572	2
10573	1
10574	2
10575	2
10576	0
10577	2
10578	1
10579	0
10580	2
10581	0
10582	0
10583	1
10584	2
10585	1
10586	1
10587	2
10588	1
10589	2
10590	0
10591	2
10592	0
10593	0
10594	1
10595	2
10596	0
10597	2
10598	1
10599	2
10600	2
10601	2
10602	1
10603	2
10604	0
10605	0
10606	1
10607	2
10608	0
10609	2
10610	1
10611	1
10612	2
10613	0
10614	2
10615	2
10616	1
10617	1
10618	1
10619	1
10620	1
10621	2
10622	1
10623	2
10624	2
10625	0
10626	1
10627	0
10628	2
10629	0
10630	2
10631	0
10632	2
10633	2
10634	1
10635	0
10636	1
10637	0
10638	1
10639	1
10640	1
10641	0
10642	1
10643	2
10644	1
10645	0
10646	2
10647	1
10648	1
10649	0
10650	2
10651	2
10652	1
10653	2
10654	1
10655	1
10656	1
10657	2
10658	0
10659	2
10660	1
10661	0
10662	1
10663	2
10664	1
10665	2
10666	1
10667	0
10668	2
10669	1
10670	0
10671	2
10672	2
10673	2
10674	2
10675	2
10676	2
10677	2
10678	1
10679	2
10680	0
10681	1
10682	2
10683	1
10684	2
10685	0
10686	1
10687	1
10688	1
10689	2
10690	2
10691	1
10692	0
10693	0
10694	2
10695	2
10696	2
10697	1
10698	2
10699	1
10700	1
10701	0
10702	2
10703	0
10704	0
10705	2
10706	1
10707	1
10708	0
10709	1
10710	0
10711	1
10712	0
10713	2
10714	1
10715	1
10716	2
10717	0
10718	0
10719	1
10720	2
10721	1
10722	2
10723	1
10724	0
10725	1
10726	1
10727	2
10728	1
10729	1
10730	1
10731	1
10732	2
10733	2
10734	2
10735	0
10736	2
10737	1
10738	2
10739	2
10740	1
10741	2
10742	0
10743	2
10744	1
10745	1
10746	1
10747	1
10748	2
10749	1
10750	2
10751	2
10752	2
10753	1
10754	1
10755	1
10756	2
10757	1
10758	0
10759	2
10760	0
10761	2
10762	0
10763	1
10764	0
10765	1
10766	2
10767	2
10768	2
10769	2
10770	1
10771	2
10772	0
10773	0
10774	1
10775	1
10776	2
10777	2
10778	1
10779	1
10780	1
10781	2
10782	2
10783	1
10784	1
10785	1
10786	2
10787	2
10788	0
10789	2
10790	1
10791	2
10792	2
10793	2
10794	1
10795	2
10796	2
10797	2
10798	2
10799	2
10800	2
10801	1
10802	0
10803	2
10804	1
10805	2
10806	1
10807	2
10808	1
10809	1
10810	2
10811	0
10812	2
10813	2
10814	1
10815	0
10816	0
10817	2
10818	1
10819	2
10820	2
10821	2
10822	1
10823	2
10824	2
10825	2
10826	0
10827	0
10828	2
10829	2
10830	1
10831	1
10832	1
10833	2
10834	2
10835	1
10836	2
10837	0
10838	1
10839	1
10840	2
10841	1
10842	1
10843	1
10844	0
10845	1
10846	2
10847	0
10848	2
10849	2
10850	1
10851	1
10852	0
10853	0
10854	1
10855	1
10856	1
10857	2
10858	2
10859	1
10860	2
10861	2
10862	2
10863	0
10864	0
10865	2
10866	1
10867	1
10868	2
10869	2
10870	0
10871	0
10872	1
10873	2
10874	1
10875	2
10876	2
10877	0
10878	2
10879	2
10880	1
10881	1
10882	1
10883	1
10884	1
10885	2
10886	1
10887	2
10888	1
10889	1
10890	0
10891	1
10892	0
10893	1
10894	1
10895	1
10896	2
10897	1
10898	0
10899	1
10900	2
10901	1
10902	0
10903	1
10904	0
10905	2
10906	2
10907	0
10908	2
10909	0
10910	2
10911	2
10912	1
10913	2
10914	0
10915	1
10916	1
10917	2
10918	2
10919	0
10920	2
10921	2
10922	2
10923	1
10924	1
10925	1
10926	2
10927	1
10928	2
10929	2
10930	2
10931	2
10932	1
10933	1
10934	1
10935	1
10936	2
10937	0
10938	2
10939	1
10940	1
10941	2
10942	1
10943	1
10944	2
10945	1
10946	2
10947	2
10948	1
10949	2
10950	0
10951	0
10952	2
10953	1
10954	0
10955	1
10956	0
10957	2
10958	1
10959	2
10960	0
10961	1
10962	0
10963	2
10964	2
10965	1
10966	1
10967	2
10968	1
10969	0
10970	1
10971	2
10972	0
10973	2
10974	2
10975	2
10976	0
10977	1
10978	0
10979	2
10980	1
10981	2
10982	2
10983	1
10984	1
10985	2
10986	2
10987	0
10988	2
10989	1
10990	2
10991	2
10992	1
10993	2
10994	1
10995	2
10996	1
10997	1
10998	2
10999	0
11000	2
11001	2
11002	1
11003	2
11004	2
11005	2
11006	2
11007	1
11008	2
11009	2
11010	0
11011	2
11012	2
11013	1
11014	1
11015	2
11016	1
11017	1
11018	0
11019	0
11020	2
11021	1
11022	0
11023	2
11024	1
11025	0
11026	0
11027	2
11028	2
11029	2
11030	1
11031	2
11032	2
11033	1
11034	2
11035	2
11036	1
11037	2
11038	2
11039	1
11040	2
11041	1
11042	2
11043	1
11044	2
11045	1
11046	0
11047	0
11048	1
11049	2
11050	1
11051	2
11052	2
11053	1
11054	2
11055	1
11056	1
11057	1
11058	1
11059	1
11060	0
11061	1
11062	2
11063	0
11064	1
11065	1
11066	0
11067	1
11068	1
11069	1
11070	0
11071	2
11072	0
11073	1
11074	1
11075	0
11076	2
11077	1
11078	1
11079	2
11080	0
11081	2
11082	1
11083	2
11084	1
11085	0
11086	0
11087	0
11088	2
11089	2
11090	1
11091	0
11092	2
11093	0
11094	0
11095	1
11096	0
11097	1
11098	1
11099	1
11100	2
11101	0
11102	2
11103	1
11104	2
11105	2
11106	0
11107	2
11108	2
11109	2
11110	0
11111	1
11112	2
11113	1
11114	2
11115	1
11116	0
11117	1
11118	1
11119	2
11120	1
11121	2
11122	0
11123	1
11124	1
11125	0
11126	0
11127	1
11128	2
11129	0
11130	2
11131	0
11132	1
11133	1
11134	1
11135	2
11136	2
11137	0
11138	2
11139	2
11140	0
11141	2
11142	1
11143	1
11144	2
11145	2
11146	1
11147	2
11148	0
11149	1
11150	1
11151	1
11152	1
11153	0
11154	1
11155	2
11156	0
11157	0
11158	2
11159	1
11160	1
11161	2
11162	2
11163	2
11164	2
11165	0
11166	1
11167	2
11168	2
11169	2
11170	1
11171	2
11172	0
11173	1
11174	1
11175	1
11176	2
11177	2
11178	2
11179	2
11180	0
11181	2
11182	1
11183	1
11184	0
11185	1
11186	0
11187	2
11188	2
11189	2
11190	1
11191	1
11192	1
11193	1
11194	0
11195	0
11196	2
11197	0
11198	1
11199	2
11200	2
11201	1
11202	1
11203	0
11204	1
11205	1
11206	1
11207	1
11208	0
11209	2
11210	1
11211	2
11212	1
11213	2
11214	1
11215	1
11216	1
11217	1
11218	0
11219	1
11220	2
11221	1
11222	1
11223	1
11224	2
11225	0
11226	1
11227	2
11228	2
11229	0
11230	2
11231	0
11232	1
11233	2
11234	2
11235	1
11236	1
11237	2
11238	2
11239	0
11240	1
11241	0
11242	2
11243	0
11244	0
11245	2
11246	1
11247	1
11248	2
11249	2
11250	1
11251	0
11252	2
11253	1
11254	0
11255	0
11256	0
11257	2
11258	0
11259	0
11260	1
11261	1
11262	2
11263	1
11264	2
11265	0
11266	2
11267	1
11268	2
11269	1
11270	1
11271	0
11272	2
11273	2
11274	2
11275	2
11276	1
11277	1
11278	0
11279	0
11280	1
11281	1
11282	1
11283	2
11284	1
11285	2
11286	0
11287	2
11288	0
11289	2
11290	2
11291	1
11292	1
11293	2
11294	2
11295	1
11296	0
11297	2
11298	2
11299	2
11300	0
11301	1
11302	2
11303	2
11304	2
11305	1
11306	2
11307	0
11308	2
11309	1
11310	2
11311	1
11312	0
11313	2
11314	1
11315	2
11316	0
11317	2
11318	0
11319	0
11320	1
11321	1
11322	1
11323	1
11324	1
11325	0
11326	2
11327	1
11328	1
11329	1
11330	2
11331	2
11332	1
11333	1
11334	2
11335	2
11336	1
11337	0
11338	1
11339	2
11340	2
11341	1
11342	0
11343	1
11344	0
11345	2
11346	1
11347	2
11348	2
11349	2
11350	2
11351	1
11352	2
11353	1
11354	1
11355	2
11356	2
11357	2
11358	1
11359	2
11360	1
11361	2
11362	1
11363	0
11364	0
11365	2
11366	2
11367	1
11368	0
11369	1
11370	1
11371	0
11372	1
11373	1
11374	2
11375	1
11376	1
11377	1
11378	1
11379	1
11380	1
11381	0
11382	2
11383	1
11384	0
11385	1
11386	1
11387	1
11388	1
11389	2
11390	2
11391	1
11392	1
11393	1
11394	2
11395	2
11396	1
11397	1
11398	0
11399	1
11400	1
11401	0
11402	1
11403	1
11404	0
11405	2
11406	2
11407	0
11408	2
11409	1
11410	2
11411	2
11412	1
11413	2
11414	1
11415	1
11416	2
11417	0
11418	2
11419	2
11420	2
11421	2
11422	2
11423	1
11424	2
11425	2
11426	0
11427	0
11428	1
11429	1
11430	0
11431	2
11432	1
11433	1
11434	0
11435	1
11436	2
11437	0
11438	2
11439	1
11440	0
11441	1
11442	1
11443	2
11444	1
11445	0
11446	1
11447	2
11448	0
11449	1
11450	1
11451	0
11452	2
11453	2
11454	0
11455	0
11456	0
11457	2
11458	2
11459	2
11460	2
11461	1
11462	2
11463	1
11464	2
11465	2
11466	2
11467	2
11468	1
11469	2
11470	0
11471	1
11472	1
11473	1
11474	2
11475	1
11476	2
11477	0
11478	2
11479	1
11480	1
11481	1
11482	0
11483	1
11484	1
11485	1
11486	2
11487	2
11488	2
11489	2
11490	1
11491	2
11492	2
11493	2
11494	2
11495	2
11496	1
11497	2
11498	1
11499	0
11500	1
11501	0
11502	1
11503	2
11504	0
11505	0
11506	1
11507	2
11508	1
11509	1
11510	1
11511	2
11512	2
11513	1
11514	0
11515	2
11516	2
11517	0
11518	0
11519	0
11520	0
11521	2
11522	2
11523	2
11524	2
11525	1
11526	1
11527	1
11528	1
11529	2
11530	2
11531	1
11532	0
11533	2
11534	2
11535	2
11536	1
11537	1
11538	0
11539	1
11540	2
11541	2
11542	2
11543	2
11544	0
11545	2
11546	1
11547	2
11548	1
11549	1
11550	0
11551	2
11552	1
11553	1
11554	1
11555	2
11556	1
11557	2
11558	1
11559	2
11560	1
11561	1
11562	2
11563	0
11564	2
11565	0
11566	2
11567	2
11568	1
11569	2
11570	1
11571	1
11572	0
11573	2
11574	0
11575	2
11576	0
11577	2
11578	1
11579	2
11580	0
11581	2
11582	0
11583	1
11584	2
11585	1
11586	1
11587	2
11588	1
11589	2
11590	2
11591	1
11592	2
11593	0
11594	1
11595	1
11596	2
11597	2
11598	1
11599	1
11600	2
11601	1
11602	1
11603	2
11604	2
11605	1
11606	2
11607	0
11608	0
11609	0
11610	2
11611	2
11612	2
11613	0
11614	1
11615	2
11616	1
11617	1
11618	1
11619	2
11620	0
11621	1
11622	2
11623	2
11624	0
11625	1
11626	1
11627	2
11628	2
11629	2
11630	1
11631	2
11632	1
11633	0
11634	2
11635	0
11636	1
11637	2
11638	2
11639	2
11640	1
11641	0
11642	2
11643	2
11644	2
11645	2
11646	2
11647	0
11648	1
11649	2
11650	1
11651	1
11652	2
11653	1
11654	0
11655	2
11656	2
11657	0
11658	1
11659	2
11660	0
11661	1
11662	1
11663	0
11664	1
11665	1
11666	1
11667	1
11668	1
11669	0
11670	1
11671	0
11672	1
11673	1
11674	1
11675	2
11676	1
11677	2
11678	0
11679	1
11680	2
11681	1
11682	2
11683	2
11684	2
11685	2
11686	0
11687	1
11688	1
11689	2
11690	1
11691	1
11692	1
11693	1
11694	1
11695	1
11696	2
11697	1
11698	2
11699	0
11700	1
11701	1
11702	2
11703	2
11704	2
11705	2
11706	2
11707	0
11708	1
11709	1
11710	2
11711	1
11712	2
11713	1
11714	2
11715	2
11716	0
11717	1
11718	1
11719	0
11720	0
11721	2
11722	0
11723	0
11724	1
11725	2
11726	0
11727	1
11728	2
11729	1
11730	0
11731	1
11732	0
11733	1
11734	2
11735	2
11736	2
11737	2
11738	0
11739	1
11740	2
11741	2
11742	2
11743	1
11744	2
11745	0
11746	1
11747	1
11748	1
11749	1
11750	2
11751	2
11752	1
11753	1
11754	0
11755	0
11756	0
11757	2
11758	1
11759	1
11760	1
11761	1
11762	2
11763	1
11764	2
11765	2
11766	1
11767	0
11768	1
11769	1
11770	2
11771	1
11772	2
11773	1
11774	2
11775	2
11776	1
11777	2
11778	2
11779	2
11780	1
11781	0
11782	1
11783	0
11784	1
11785	1
11786	1
11787	2
11788	1
11789	2
11790	1
11791	0
11792	1
11793	1
11794	2
11795	1
11796	1
11797	1
11798	2
11799	2
11800	1
11801	0
11802	2
11803	2
11804	1
11805	1
11806	1
11807	0
11808	2
11809	1
11810	1
11811	0
11812	0
11813	0
11814	1
11815	2
11816	2
11817	0
11818	0
11819	2
11820	2
11821	1
11822	2
11823	1
11824	0
11825	0
11826	1
11827	0
11828	2
11829	2
11830	2
11831	0
11832	1
11833	2
11834	1
11835	2
11836	2
11837	1
11838	1
11839	1
11840	1
11841	2
11842	1
11843	1
11844	1
11845	2
11846	2
11847	1
11848	1
11849	2
11850	1
11851	2
11852	2
11853	0
11854	1
11855	0
11856	2
11857	2
11858	2
11859	2
11860	1
11861	1
11862	1
11863	2
11864	1
11865	2
11866	1
11867	1
11868	2
11869	0
11870	1
11871	2
11872	2
11873	1
11874	2
11875	2
11876	1
11877	2
11878	2
11879	1
11880	0
11881	2
11882	0
11883	2
11884	0
11885	0
11886	0
11887	0
11888	0
11889	1
11890	1
11891	0
11892	1
11893	2
11894	1
11895	0
11896	2
11897	1
11898	0
11899	0
11900	2
11901	2
11902	1
11903	2
11904	0
11905	2
11906	1
11907	2
11908	1
11909	1
11910	2
11911	2
11912	0
11913	2
11914	1
11915	1
11916	1
11917	2
11918	2
11919	0
11920	1
11921	0
11922	1
11923	1
11924	0
11925	0
11926	1
11927	2
11928	1
11929	1
11930	1
11931	2
11932	1
11933	0
11934	2
11935	0
11936	1
11937	2
11938	2
11939	2
11940	1
11941	1
11942	1
11943	1
11944	0
11945	2
11946	1
11947	1
11948	2
11949	1
11950	1
11951	1
11952	2
11953	1
11954	2
11955	0
11956	1
11957	1
11958	1
11959	0
11960	2
11961	1
11962	1
11963	2
11964	2
11965	2
11966	1
11967	1
11968	0
11969	0
11970	0
11971	1
11972	1
11973	2
11974	1
11975	0
11976	1
11977	1
11978	1
11979	0
11980	1
11981	1
11982	1
11983	1
11984	0
11985	0
11986	2
11987	1
11988	1
11989	1
11990	2
11991	1
11992	0
11993	1
11994	0
11995	0
11996	0
11997	0
11998	2
11999	0
12000	1
12001	2
12002	0
12003	1
12004	1
12005	1
12006	2
12007	0
12008	2
12009	2
12010	0
12011	0
12012	1
12013	0
12014	1
12015	1
12016	2
12017	1
12018	1
12019	1
12020	2
12021	2
12022	2
12023	2
12024	0
12025	2
12026	1
12027	1
12028	1
12029	0
12030	0
12031	2
12032	2
12033	0
12034	2
12035	1
12036	2
12037	1
12038	0
12039	2
12040	0
12041	2
12042	2
12043	1
12044	2
12045	2
12046	1
12047	1
12048	0
12049	2
12050	1
12051	1
12052	0
12053	0
12054	1
12055	2
12056	2
12057	1
12058	2
12059	2
12060	1
12061	2
12062	0
12063	0
12064	0
12065	2
12066	2
12067	1
12068	2
12069	2
12070	1
12071	2
12072	0
12073	2
12074	1
12075	2
12076	1
12077	2
12078	0
12079	2
12080	1
12081	1
12082	2
12083	1
12084	1
12085	2
12086	2
12087	1
12088	1
12089	0
12090	2
12091	1
12092	2
12093	1
12094	0
12095	1
12096	0
12097	0
12098	1
12099	1
12100	2
12101	0
12102	1
12103	1
12104	1
12105	1
12106	0
12107	1
12108	2
12109	1
12110	1
12111	2
12112	1
12113	2
12114	2
12115	0
12116	1
12117	1
12118	2
12119	1
12120	1
12121	1
12122	2
12123	2
12124	1
12125	1
12126	2
12127	1
12128	0
12129	2
12130	1
12131	1
12132	0
12133	1
12134	2
12135	2
12136	2
12137	2
12138	0
12139	2
12140	1
12141	2
12142	1
12143	2
12144	1
12145	2
12146	1
12147	1
12148	1
12149	1
12150	2
12151	0
12152	0
12153	1
12154	1
12155	0
12156	2
12157	2
12158	1
12159	1
12160	2
12161	2
12162	1
12163	1
12164	0
12165	1
12166	0
12167	2
12168	2
12169	1
12170	1
12171	2
12172	1
12173	2
12174	2
12175	2
12176	1
12177	0
12178	1
12179	2
12180	2
12181	2
12182	1
12183	1
12184	2
12185	2
12186	2
12187	1
12188	2
12189	0
12190	2
12191	2
12192	2
12193	1
12194	1
12195	2
12196	1
12197	0
12198	2
12199	1
12200	0
12201	2
12202	2
12203	2
12204	1
12205	2
12206	0
12207	0
12208	0
12209	1
12210	2
12211	2
12212	1
12213	1
12214	1
12215	2
12216	0
12217	2
12218	1
12219	2
12220	1
12221	1
12222	0
12223	2
12224	1
12225	0
12226	2
12227	0
12228	1
12229	1
12230	1
12231	2
12232	1
12233	1
12234	0
12235	0
12236	2
12237	1
12238	0
12239	1
12240	1
12241	1
12242	1
12243	2
12244	2
12245	2
12246	1
12247	1
12248	0
12249	1
12250	2
12251	1
12252	2
12253	2
12254	2
12255	2
12256	0
12257	2
12258	2
12259	1
12260	2
12261	0
12262	1
12263	2
12264	2
12265	1
12266	2
12267	1
12268	2
12269	0
12270	0
12271	0
12272	2
12273	2
12274	1
12275	1
12276	2
12277	0
12278	1
12279	0
12280	0
12281	1
12282	0
12283	1
12284	1
12285	1
12286	1
12287	0
12288	1
12289	2
12290	2
12291	2
12292	2
12293	2
12294	2
12295	2
12296	1
12297	2
12298	1
12299	2
12300	0
12301	2
12302	1
12303	1
12304	2
12305	0
12306	2
12307	1
12308	0
12309	0
12310	0
12311	2
12312	0
12313	2
12314	2
12315	2
12316	0
12317	2
12318	0
12319	2
12320	0
12321	1
12322	2
12323	2
12324	2
12325	1
12326	1
12327	2
12328	0
12329	0
12330	2
12331	1
12332	0
12333	2
12334	2
12335	0
12336	0
12337	1
12338	0
12339	1
12340	1
12341	1
12342	0
12343	2
12344	1
12345	0
12346	1
12347	1
12348	2
12349	1
12350	0
12351	1
12352	0
12353	2
12354	1
12355	2
12356	2
12357	0
12358	1
12359	2
12360	1
12361	1
12362	1
12363	0
12364	1
12365	1
12366	0
12367	1
12368	1
12369	2
12370	1
12371	1
12372	0
12373	1
12374	2
12375	1
12376	2
12377	1
12378	1
12379	0
12380	2
12381	1
12382	0
12383	1
12384	1
12385	1
12386	0
12387	2
12388	1
12389	0
12390	2
12391	2
12392	1
12393	1
12394	2
12395	2
12396	2
12397	2
12398	2
12399	2
12400	1
12401	1
12402	1
12403	1
12404	2
12405	1
12406	2
12407	2
12408	1
12409	1
12410	1
12411	1
12412	1
12413	1
12414	0
12415	2
12416	2
12417	0
12418	1
12419	2
12420	2
12421	1
12422	1
12423	0
12424	2
12425	1
12426	1
12427	1
12428	2
12429	1
12430	0
12431	0
12432	2
12433	2
12434	1
12435	2
12436	1
12437	0
12438	2
12439	2
12440	1
12441	1
12442	1
12443	2
12444	1
12445	1
12446	1
12447	2
12448	2
12449	2
12450	0
12451	0
12452	1
12453	2
12454	2
12455	1
12456	1
12457	0
12458	0
12459	0
12460	2
12461	1
12462	1
12463	0
12464	2
12465	2
12466	1
12467	0
12468	2
12469	0
12470	1
12471	1
12472	2
12473	2
12474	0
12475	0
12476	1
12477	2
12478	1
12479	0
12480	1
12481	2
12482	2
12483	0
12484	2
12485	2
12486	0
12487	2
12488	2
12489	1
12490	0
12491	0
12492	1
12493	0
12494	2
12495	1
12496	2
12497	0
12498	2
12499	0
12500	2
12501	2
12502	1
12503	2
12504	2
12505	1
12506	1
12507	2
12508	1
12509	1
12510	0
12511	2
12512	1
12513	1
12514	0
12515	0
12516	0
12517	0
12518	1
12519	0
12520	1
12521	2
12522	0
12523	2
12524	0
12525	1
12526	1
12527	0
12528	1
12529	1
12530	2
12531	1
12532	1
12533	1
12534	2
12535	2
12536	2
12537	0
12538	2
12539	2
12540	1
12541	1
12542	1
12543	1
12544	0
12545	1
12546	0
12547	1
12548	2
12549	1
12550	2
12551	1
12552	2
12553	0
12554	2
12555	2
12556	1
12557	0
12558	0
12559	0
12560	2
12561	2
12562	0
12563	2
12564	0
12565	2
12566	2
12567	2
12568	2
12569	1
12570	2
12571	1
12572	0
12573	1
12574	1
12575	2
12576	2
12577	2
12578	1
12579	2
12580	2
12581	2
12582	2
12583	1
12584	2
12585	2
12586	2
12587	2
12588	0
12589	1
12590	2
12591	1
12592	2
12593	2
12594	1
12595	2
12596	2
12597	1
12598	0
12599	1
12600	1
12601	0
12602	1
12603	1
12604	1
12605	2
12606	2
12607	1
12608	0
12609	2
12610	1
12611	1
12612	2
12613	0
12614	1
12615	2
12616	1
12617	2
12618	0
12619	2
12620	2
12621	2
12622	0
12623	2
12624	1
12625	1
12626	1
12627	1
12628	0
12629	1
12630	1
12631	1
12632	2
12633	0
12634	0
12635	0
12636	2
12637	2
12638	1
12639	1
12640	1
12641	1
12642	1
12643	1
12644	1
12645	1
12646	2
12647	1
12648	2
12649	1
12650	2
12651	2
12652	1
12653	0
12654	2
12655	1
12656	0
12657	1
12658	1
12659	2
12660	0
12661	1
12662	0
12663	1
12664	1
12665	0
12666	0
12667	1
12668	0
12669	0
12670	1
12671	2
12672	0
12673	2
12674	1
12675	2
12676	1
12677	1
12678	0
12679	2
12680	2
12681	2
12682	1
12683	1
12684	2
12685	0
12686	1
12687	0
12688	1
12689	1
12690	2
12691	0
12692	2
12693	1
12694	2
12695	2
12696	2
12697	1
12698	2
12699	0
12700	2
12701	2
12702	1
12703	2
12704	0
12705	1
12706	1
12707	2
12708	1
12709	2
12710	0
12711	0
12712	2
12713	1
12714	2
12715	2
12716	2
12717	0
12718	2
12719	2
12720	1
12721	1
12722	0
12723	0
12724	1
12725	2
12726	1
12727	1
12728	0
12729	2
12730	1
12731	2
12732	1
12733	2
12734	1
12735	1
12736	1
12737	0
12738	1
12739	2
12740	2
12741	2
12742	2
12743	1
12744	0
12745	2
12746	1
12747	2
12748	2
12749	1
12750	0
12751	0
12752	2
12753	0
12754	0
12755	1
12756	1
12757	0
12758	2
12759	2
12760	2
12761	2
12762	0
12763	2
12764	1
12765	2
12766	2
12767	1
12768	1
12769	1
12770	1
12771	2
12772	1
12773	1
12774	1
12775	1
12776	2
12777	2
12778	2
12779	1
12780	1
12781	0
12782	2
12783	0
12784	0
12785	1
12786	2
12787	2
12788	0
12789	1
12790	0
12791	1
12792	1
12793	2
12794	0
12795	1
12796	1
12797	0
12798	1
12799	2
12800	2
12801	1
12802	2
12803	1
12804	0
12805	2
12806	2
12807	1
12808	0
12809	1
12810	2
12811	2
12812	1
12813	0
12814	2
12815	0
12816	1
12817	2
12818	1
12819	2
12820	1
12821	2
12822	2
12823	2
12824	1
12825	1
12826	1
12827	0
12828	2
12829	0
12830	1
12831	0
12832	1
12833	0
12834	2
12835	1
12836	1
12837	1
12838	2
12839	1
12840	2
12841	1
12842	1
12843	1
12844	2
12845	1
12846	2
12847	2
12848	1
12849	1
12850	2
12851	2
12852	0
12853	0
12854	0
12855	2
12856	0
12857	1
12858	1
12859	2
12860	1
12861	2
12862	1
12863	0
12864	2
12865	0
12866	2
12867	1
12868	2
12869	2
12870	2
12871	2
12872	0
12873	0
12874	1
12875	2
12876	1
12877	2
12878	2
12879	2
12880	2
12881	1
12882	0
12883	2
12884	2
12885	2
12886	1
12887	2
12888	1
12889	1
12890	2
12891	0
12892	2
12893	2
12894	2
12895	2
12896	1
12897	1
12898	0
12899	2
12900	0
12901	2
12902	2
12903	2
12904	2
12905	0
12906	1
12907	2
12908	1
12909	2
12910	2
12911	0
12912	1
12913	1
12914	2
12915	1
12916	1
12917	0
12918	0
12919	2
12920	1
12921	1
12922	1
12923	2
12924	1
12925	1
12926	1
12927	2
12928	0
12929	1
12930	0
12931	2
12932	1
12933	1
12934	2
12935	2
12936	0
12937	0
12938	2
12939	1
12940	2
12941	2
12942	1
12943	0
12944	0
12945	2
12946	1
12947	0
12948	1
12949	1
12950	0
12951	2
12952	1
12953	1
12954	2
12955	2
12956	2
12957	2
12958	0
12959	1
12960	2
12961	0
12962	0
12963	2
12964	1
12965	1
12966	0
12967	1
12968	2
12969	1
12970	2
12971	2
12972	1
12973	2
12974	0
12975	1
12976	2
12977	2
12978	0
12979	1
12980	0
12981	2
12982	2
12983	2
12984	1
12985	2
12986	2
12987	1
12988	2
12989	2
12990	2
12991	1
12992	2
12993	2
12994	2
12995	1
12996	1
12997	2
12998	2
12999	2
13000	1
13001	2
13002	1
13003	1
13004	2
13005	0
13006	2
13007	2
13008	0
13009	0
13010	1
13011	1
13012	2
13013	1
13014	2
13015	2
13016	2
13017	1
13018	1
13019	1
13020	1
13021	0
13022	2
13023	2
13024	1
13025	1
13026	0
13027	2
13028	1
13029	2
13030	2
13031	2
13032	1
13033	1
13034	0
13035	1
13036	2
13037	1
13038	1
13039	1
13040	2
13041	1
13042	1
13043	2
13044	1
13045	0
13046	1
13047	2
13048	0
13049	1
13050	1
13051	2
13052	0
13053	0
13054	1
13055	2
13056	1
13057	1
13058	1
13059	1
13060	2
13061	1
13062	1
13063	1
13064	0
13065	2
13066	0
13067	1
13068	2
13069	1
13070	1
13071	0
13072	0
13073	2
13074	0
13075	2
13076	1
13077	2
13078	2
13079	1
13080	0
13081	2
13082	1
13083	1
13084	0
13085	1
13086	1
13087	0
13088	2
13089	2
13090	1
13091	2
13092	2
13093	2
13094	0
13095	2
13096	2
13097	0
13098	2
13099	2
13100	0
13101	1
13102	1
13103	2
13104	2
13105	0
13106	0
13107	1
13108	2
13109	1
13110	2
13111	1
13112	1
13113	1
13114	1
13115	0
13116	2
13117	1
13118	0
13119	2
13120	1
13121	0
13122	1
13123	2
13124	1
13125	0
13126	0
13127	0
13128	2
13129	1
13130	1
13131	1
13132	2
13133	2
13134	2
13135	2
13136	1
13137	2
13138	1
13139	2
13140	0
13141	2
13142	1
13143	1
13144	1
13145	2
13146	1
13147	0
13148	2
13149	2
13150	0
13151	0
13152	2
13153	0
13154	1
13155	1
13156	1
13157	1
13158	1
13159	0
13160	1
13161	2
13162	0
13163	0
13164	0
13165	2
13166	0
13167	2
13168	0
13169	2
13170	0
13171	1
13172	2
13173	1
13174	1
13175	0
13176	1
13177	1
13178	2
13179	0
13180	2
13181	1
13182	2
13183	1
13184	2
13185	1
13186	2
13187	2
13188	0
13189	1
13190	0
13191	2
13192	1
13193	0
13194	1
13195	2
13196	2
13197	1
13198	0
13199	2
13200	0
13201	2
13202	2
13203	0
13204	2
13205	1
13206	1
13207	0
13208	0
13209	1
13210	2
13211	2
13212	1
13213	2
13214	2
13215	2
13216	1
13217	0
13218	2
13219	0
13220	2
13221	1
13222	0
13223	1
13224	2
13225	1
13226	0
13227	2
13228	2
13229	0
13230	1
13231	2
13232	0
13233	1
13234	2
13235	2
13236	0
13237	2
13238	2
13239	1
13240	1
13241	1
13242	2
13243	1
13244	1
13245	2
13246	2
13247	1
13248	2
13249	1
13250	2
13251	2
13252	1
13253	2
13254	2
13255	2
13256	2
13257	0
13258	2
13259	0
13260	1
13261	1
13262	1
13263	1
13264	1
13265	2
13266	2
13267	1
13268	1
13269	1
13270	2
13271	2
13272	2
13273	1
13274	1
13275	0
13276	1
13277	2
13278	0
13279	2
13280	2
13281	2
13282	2
13283	1
13284	0
13285	2
13286	1
13287	1
13288	2
13289	2
13290	0
13291	2
13292	0
13293	1
13294	1
13295	1
13296	0
13297	0
13298	2
13299	2
13300	0
13301	2
13302	1
13303	0
13304	1
13305	1
13306	1
13307	2
13308	0
13309	1
13310	1
13311	2
13312	0
13313	0
13314	2
13315	1
13316	0
13317	0
13318	2
13319	2
13320	0
13321	2
13322	2
13323	2
13324	1
13325	0
13326	2
13327	0
13328	1
13329	2
13330	1
13331	0
13332	1
13333	0
13334	2
13335	1
13336	1
13337	1
13338	1
13339	1
13340	2
13341	1
13342	0
13343	2
13344	1
13345	0
13346	2
13347	2
13348	1
13349	2
13350	1
13351	2
13352	2
13353	0
13354	2
13355	1
13356	1
13357	2
13358	1
13359	1
13360	0
13361	1
13362	2
13363	0
13364	0
13365	0
13366	0
13367	1
13368	1
13369	0
13370	2
13371	2
13372	1
13373	2
13374	2
13375	1
13376	2
13377	2
13378	0
13379	0
13380	1
13381	1
13382	1
13383	1
13384	0
13385	1
13386	1
13387	1
13388	2
13389	2
13390	1
13391	1
13392	0
13393	1
13394	1
13395	1
13396	2
13397	2
13398	0
13399	1
13400	1
13401	2
13402	1
13403	0
13404	2
13405	1
13406	0
13407	1
13408	2
13409	0
13410	2
13411	1
13412	2
13413	1
13414	0
13415	2
13416	1
13417	2
13418	2
13419	2
13420	1
13421	2
13422	1
13423	2
13424	2
13425	1
13426	0
13427	1
13428	1
13429	1
13430	2
13431	2
13432	0
13433	0
13434	0
13435	2
13436	1
13437	2
13438	2
13439	2
13440	0
13441	1
13442	0
13443	2
13444	0
13445	1
13446	1
13447	2
13448	1
13449	2
13450	2
13451	1
13452	2
13453	2
13454	1
13455	2
13456	2
13457	2
13458	1
13459	2
13460	1
13461	0
13462	1
13463	1
13464	1
13465	2
13466	1
13467	0
13468	2
13469	2
13470	2
13471	1
13472	1
13473	0
13474	1
13475	1
13476	0
13477	0
13478	2
13479	0
13480	1
13481	2
13482	2
13483	1
13484	0
13485	2
13486	1
13487	1
13488	2
13489	2
13490	2
13491	2
13492	0
13493	2
13494	1
13495	2
13496	2
13497	2
13498	2
13499	0
13500	2
13501	1
13502	1
13503	0
13504	0
13505	0
13506	1
13507	2
13508	1
13509	2
13510	0
13511	2
13512	2
13513	2
13514	1
13515	2
13516	0
13517	1
13518	2
13519	1
13520	1
13521	2
13522	1
13523	2
13524	2
13525	1
13526	2
13527	2
13528	2
13529	1
13530	1
13531	2
13532	0
13533	2
13534	0
13535	0
13536	0
13537	1
13538	1
13539	1
13540	1
13541	2
13542	1
13543	2
13544	1
13545	1
13546	2
13547	1
13548	1
13549	2
13550	1
13551	2
13552	1
13553	1
13554	2
13555	2
13556	0
13557	0
13558	1
13559	2
13560	2
13561	1
13562	2
13563	2
13564	1
13565	2
13566	0
13567	1
13568	1
13569	2
13570	0
13571	1
13572	2
13573	1
13574	0
13575	1
13576	2
13577	1
13578	1
13579	2
13580	2
13581	2
13582	2
13583	1
13584	1
13585	0
13586	2
13587	1
13588	2
13589	1
13590	2
13591	2
13592	0
13593	1
13594	2
13595	2
13596	0
13597	2
13598	1
13599	1
13600	1
13601	1
13602	1
13603	2
13604	1
13605	2
13606	1
13607	1
13608	1
13609	1
13610	2
13611	1
13612	1
13613	1
13614	0
13615	0
13616	1
13617	1
13618	1
13619	2
13620	1
13621	1
13622	1
13623	1
13624	1
13625	2
13626	0
13627	1
13628	2
13629	1
13630	1
13631	2
13632	2
13633	0
13634	2
13635	1
13636	1
13637	1
13638	2
13639	2
13640	2
13641	2
13642	2
13643	1
13644	2
13645	2
13646	2
13647	2
13648	0
13649	1
13650	2
13651	2
13652	0
13653	2
13654	0
13655	2
13656	2
13657	1
13658	1
13659	0
13660	1
13661	2
13662	2
13663	1
13664	1
13665	2
13666	2
13667	0
13668	2
13669	1
13670	2
13671	2
13672	1
13673	0
13674	0
13675	1
13676	2
13677	2
13678	2
13679	2
13680	2
13681	0
13682	2
13683	2
13684	0
13685	1
13686	2
13687	1
13688	2
13689	1
13690	0
13691	1
13692	2
13693	2
13694	1
13695	1
13696	2
13697	1
13698	2
13699	1
13700	0
13701	2
13702	2
13703	0
13704	1
13705	2
13706	1
13707	0
13708	1
13709	2
13710	1
13711	1
13712	2
13713	0
13714	1
13715	0
13716	0
13717	1
13718	2
13719	2
13720	0
13721	2
13722	1
13723	2
13724	2
13725	0
13726	2
13727	2
13728	1
13729	1
13730	2
13731	2
13732	0
13733	0
13734	1
13735	1
13736	2
13737	0
13738	1
13739	2
13740	2
13741	0
13742	1
13743	2
13744	1
13745	1
13746	2
13747	1
13748	0
13749	1
13750	1
13751	2
13752	2
13753	1
13754	1
13755	2
13756	2
13757	0
13758	1
13759	2
13760	1
13761	0
13762	1
13763	2
13764	2
13765	1
13766	0
13767	1
13768	1
13769	2
13770	1
13771	0
13772	2
13773	1
13774	2
13775	1
13776	2
13777	2
13778	2
13779	1
13780	2
13781	1
13782	2
13783	1
13784	1
13785	1
13786	1
13787	1
13788	1
13789	2
13790	1
13791	2
13792	0
13793	1
13794	1
13795	1
13796	2
13797	0
13798	0
13799	2
13800	2
13801	1
13802	0
13803	1
13804	0
13805	1
13806	2
13807	1
13808	2
13809	0
13810	0
13811	2
13812	2
13813	2
13814	1
13815	1
13816	2
13817	1
13818	1
13819	1
13820	2
13821	2
13822	2
13823	2
13824	1
13825	1
13826	0
13827	0
13828	1
13829	2
13830	0
13831	1
13832	0
13833	1
13834	1
13835	1
13836	1
13837	2
13838	1
13839	0
13840	1
13841	2
13842	2
13843	0
13844	2
13845	0
13846	2
13847	1
13848	0
13849	1
13850	2
13851	2
13852	1
13853	2
13854	2
13855	2
13856	1
13857	0
13858	0
13859	1
13860	2
13861	1
13862	0
13863	1
13864	0
13865	1
13866	2
13867	2
13868	1
13869	2
13870	1
13871	0
13872	2
13873	1
13874	0
13875	2
13876	1
13877	0
13878	2
13879	2
13880	0
13881	2
13882	0
13883	0
13884	2
13885	2
13886	0
13887	1
13888	1
13889	0
13890	2
13891	0
13892	2
13893	0
13894	1
13895	0
13896	2
13897	1
13898	1
13899	1
13900	2
13901	2
13902	1
13903	2
13904	0
13905	0
13906	1
13907	2
13908	2
13909	1
13910	1
13911	0
13912	2
13913	2
13914	2
13915	1
13916	0
13917	0
13918	1
13919	2
13920	1
13921	2
13922	2
13923	2
13924	1
13925	0
13926	2
13927	1
13928	0
13929	0
13930	1
13931	2
13932	1
13933	0
13934	2
13935	1
13936	1
13937	1
13938	2
13939	1
13940	2
13941	0
13942	2
13943	2
13944	1
13945	2
13946	2
13947	1
13948	1
13949	1
13950	0
13951	1
13952	1
13953	1
13954	1
13955	1
13956	0
13957	1
13958	2
13959	1
13960	2
13961	2
13962	2
13963	2
13964	1
13965	2
13966	2
13967	0
13968	0
13969	2
13970	1
13971	2
13972	0
13973	1
13974	1
13975	2
13976	1
13977	1
13978	2
13979	2
13980	2
13981	0
13982	1
13983	1
13984	2
13985	2
13986	2
13987	1
13988	0
13989	1
13990	1
13991	2
13992	0
13993	0
13994	2
13995	0
13996	1
13997	2
13998	2
13999	2
14000	2
14001	1
14002	2
14003	2
14004	2
14005	1
14006	1
14007	2
14008	1
14009	2
14010	2
14011	0
14012	2
14013	2
14014	1
14015	2
14016	1
14017	0
14018	0
14019	1
14020	2
14021	2
14022	2
14023	1
14024	1
14025	0
14026	1
14027	1
14028	1
14029	1
14030	1
14031	1
14032	0
14033	2
14034	0
14035	2
14036	0
14037	0
14038	2
14039	2
14040	2
14041	0
14042	2
14043	0
14044	2
14045	2
14046	1
14047	1
14048	0
14049	2
14050	1
14051	1
14052	2
14053	1
14054	1
14055	1
14056	1
14057	2
14058	1
14059	1
14060	1
14061	0
14062	2
14063	1
14064	2
14065	0
14066	0
14067	1
14068	1
14069	2
14070	0
14071	1
14072	2
14073	2
14074	1
14075	1
14076	1
14077	1
14078	1
14079	0
14080	2
14081	2
14082	0
14083	1
14084	0
14085	1
14086	2
14087	1
14088	2
14089	1
14090	1
14091	2
14092	2
14093	2
14094	1
14095	0
14096	1
14097	1
14098	1
14099	0
14100	2
14101	1
14102	1
14103	2
14104	2
14105	1
14106	0
14107	2
14108	0
14109	1
14110	1
14111	1
14112	2
14113	2
14114	2
14115	1
14116	2
14117	2
14118	2
14119	2
14120	2
14121	2
14122	0
14123	1
14124	1
14125	0
14126	2
14127	2
14128	1
14129	2
14130	1
14131	1
14132	1
14133	1
14134	2
14135	0
14136	1
14137	2
14138	1
14139	2
14140	0
14141	0
14142	1
14143	2
14144	1
14145	1
14146	1
14147	0
14148	1
14149	0
14150	2
14151	2
14152	0
14153	1
14154	1
14155	0
14156	1
14157	2
14158	2
14159	0
14160	0
14161	2
14162	1
14163	2
14164	2
14165	2
14166	0
14167	2
14168	2
14169	1
14170	2
14171	1
14172	2
14173	1
14174	1
14175	1
14176	0
14177	1
14178	1
14179	1
14180	2
14181	2
14182	0
14183	0
14184	0
14185	1
14186	0
14187	1
14188	1
14189	2
14190	1
14191	0
14192	2
14193	1
14194	1
14195	1
14196	1
14197	0
14198	2
14199	0
14200	2
14201	1
14202	1
14203	2
14204	2
14205	2
14206	2
14207	1
14208	1
14209	2
14210	0
14211	0
14212	2
14213	1
14214	1
14215	2
14216	0
14217	2
14218	1
14219	1
14220	1
14221	2
14222	1
14223	2
14224	0
14225	0
14226	2
14227	1
14228	2
14229	0
14230	1
14231	2
14232	0
14233	0
14234	2
14235	2
14236	1
14237	0
14238	1
14239	2
14240	2
14241	1
14242	1
14243	1
14244	1
14245	2
14246	1
14247	2
14248	1
14249	1
14250	2
14251	1
14252	2
14253	0
14254	1
14255	0
14256	0
14257	1
14258	1
14259	1
14260	2
14261	2
14262	0
14263	1
14264	2
14265	0
14266	1
14267	0
14268	0
14269	2
14270	2
14271	1
14272	2
14273	2
14274	1
14275	2
14276	1
14277	2
14278	2
14279	0
14280	1
14281	1
14282	1
14283	0
14284	1
14285	0
14286	2
14287	1
14288	2
14289	1
14290	1
14291	0
14292	2
14293	1
14294	0
14295	1
14296	0
14297	0
14298	2
14299	0
14300	0
14301	0
14302	2
14303	0
14304	1
14305	2
14306	2
14307	0
14308	1
14309	1
14310	1
14311	0
14312	1
14313	1
14314	0
14315	2
14316	2
14317	2
14318	1
14319	1
14320	2
14321	0
14322	2
14323	2
14324	2
14325	2
14326	1
14327	1
14328	1
14329	1
14330	2
14331	1
14332	1
14333	1
14334	0
14335	2
14336	1
14337	0
14338	2
14339	1
14340	2
14341	0
14342	1
14343	0
14344	2
14345	2
14346	2
14347	1
14348	1
14349	1
14350	1
14351	1
14352	0
14353	0
14354	1
14355	1
14356	2
14357	0
14358	2
14359	1
14360	2
14361	2
14362	2
14363	1
14364	1
14365	2
14366	0
14367	1
14368	2
14369	2
14370	2
14371	1
14372	1
14373	0
14374	1
14375	2
14376	2
14377	0
14378	1
14379	2
14380	2
14381	0
14382	1
14383	2
14384	1
14385	2
14386	1
14387	2
14388	2
14389	1
14390	2
14391	2
14392	1
14393	1
14394	1
14395	1
14396	1
14397	1
14398	1
14399	1
14400	1
14401	1
14402	2
14403	1
14404	1
14405	1
14406	1
14407	1
14408	1
14409	0
14410	0
14411	1
14412	1
14413	1
14414	0
14415	1
14416	1
14417	0
14418	1
14419	0
14420	1
14421	0
14422	0
14423	2
14424	1
14425	2
14426	2
14427	2
14428	1
14429	1
14430	1
14431	1
14432	0
14433	1
14434	0
14435	0
14436	2
14437	2
14438	2
14439	1
14440	1
14441	1
14442	2
14443	1
14444	2
14445	2
14446	2
14447	2
14448	1
14449	2
14450	1
14451	2
14452	1
14453	2
14454	1
14455	2
14456	2
14457	0
14458	1
14459	0
14460	2
14461	0
14462	1
14463	1
14464	1
14465	0
14466	1
14467	1
14468	2
14469	2
14470	2
14471	1
14472	2
14473	2
14474	1
14475	1
14476	2
14477	2
14478	2
14479	1
14480	1
14481	1
14482	2
14483	2
14484	1
14485	2
14486	0
14487	1
14488	1
14489	0
14490	2
14491	2
14492	1
14493	2
14494	0
14495	2
14496	2
14497	0
14498	0
14499	2
14500	2
14501	2
14502	2
14503	2
14504	2
14505	1
14506	0
14507	2
14508	2
14509	1
14510	1
14511	2
14512	2
14513	1
14514	2
14515	1
14516	2
14517	1
14518	1
14519	1
14520	2
14521	1
14522	0
14523	1
14524	1
14525	2
14526	0
14527	1
14528	2
14529	1
14530	2
14531	1
14532	2
14533	1
14534	2
14535	1
14536	1
14537	0
14538	1
14539	2
14540	1
14541	0
14542	0
14543	0
14544	0
14545	2
14546	2
14547	1
14548	1
14549	2
14550	2
14551	0
14552	1
14553	1
14554	2
14555	1
14556	0
14557	0
14558	2
14559	2
14560	2
14561	2
14562	2
14563	2
14564	2
14565	0
14566	1
14567	0
14568	2
14569	2
14570	0
14571	1
14572	0
14573	1
14574	2
14575	2
14576	2
14577	2
14578	1
14579	0
14580	1
14581	2
14582	2
14583	1
14584	0
14585	1
14586	2
14587	2
14588	0
14589	0
14590	2
14591	0
14592	0
14593	2
14594	2
14595	1
14596	2
14597	2
14598	0
14599	2
14600	0
14601	2
14602	1
14603	0
14604	1
14605	2
14606	0
14607	1
14608	2
14609	1
14610	1
14611	1
14612	1
14613	2
14614	2
14615	2
14616	2
14617	0
14618	1
14619	1
14620	1
14621	0
14622	2
14623	1
14624	2
14625	1
14626	1
14627	2
14628	2
14629	1
14630	0
14631	1
14632	2
14633	1
14634	1
14635	0
14636	1
14637	1
14638	1
14639	1
14640	2
14641	1
14642	1
14643	0
14644	2
14645	1
14646	2
14647	2
14648	2
14649	1
14650	1
14651	0
14652	2
14653	1
14654	1
14655	2
14656	1
14657	1
14658	0
14659	2
14660	0
14661	2
14662	1
14663	1
14664	0
14665	1
14666	0
14667	2
14668	1
14669	1
14670	1
14671	2
14672	2
14673	0
14674	0
14675	0
14676	1
14677	0
14678	0
14679	2
14680	1
14681	2
14682	2
14683	2
14684	0
14685	0
14686	0
14687	2
14688	2
14689	2
14690	1
14691	0
14692	1
14693	2
14694	0
14695	2
14696	0
14697	2
14698	2
14699	2
14700	2
14701	2
14702	2
14703	1
14704	2
14705	1
14706	1
14707	1
14708	1
14709	2
14710	1
14711	1
14712	1
14713	0
14714	1
14715	1
14716	0
14717	1
14718	0
14719	0
14720	2
14721	2
14722	1
14723	2
14724	1
14725	1
14726	1
14727	0
14728	2
14729	0
14730	2
14731	2
14732	1
14733	1
14734	2
14735	2
14736	0
14737	1
14738	0
14739	2
14740	2
14741	1
14742	2
14743	0
14744	0
14745	1
14746	1
14747	1
14748	1
14749	2
14750	1
14751	0
14752	1
14753	1
14754	1
14755	2
14756	1
14757	1
14758	2
14759	1
14760	1
14761	2
14762	0
14763	1
14764	2
14765	1
14766	1
14767	0
14768	1
14769	0
14770	1
14771	0
14772	2
14773	0
14774	1
14775	2
14776	1
14777	2
14778	1
14779	1
14780	0
14781	2
14782	0
14783	2
14784	1
14785	0
14786	0
14787	1
14788	1
14789	2
14790	0
14791	1
14792	0
14793	1
14794	2
14795	2
14796	0
14797	0
14798	1
14799	1
14800	2
14801	2
14802	2
14803	0
14804	1
14805	2
14806	2
14807	0
14808	2
14809	1
14810	2
14811	2
14812	2
14813	0
14814	0
14815	0
14816	2
14817	2
14818	2
14819	2
14820	2
14821	2
14822	2
14823	2
14824	2
14825	2
14826	1
14827	2
14828	0
14829	2
14830	2
14831	0
14832	1
14833	2
14834	0
14835	1
14836	1
14837	1
14838	0
14839	2
14840	2
14841	1
14842	1
14843	2
14844	2
14845	2
14846	2
14847	2
14848	1
14849	2
14850	0
14851	2
14852	2
14853	1
14854	2
14855	2
14856	1
14857	1
14858	1
14859	1
14860	2
14861	1
14862	2
14863	1
14864	2
14865	1
14866	2
14867	2
14868	1
14869	1
14870	1
14871	1
14872	1
14873	1
14874	1
14875	0
14876	1
14877	1
14878	1
14879	1
14880	2
14881	2
14882	1
14883	1
14884	1
14885	0
14886	1
14887	2
14888	2
14889	1
14890	1
14891	2
14892	1
14893	1
14894	1
14895	2
14896	0
14897	2
14898	1
14899	0
14900	1
14901	1
14902	2
14903	1
14904	0
14905	2
14906	2
14907	1
14908	2
14909	1
14910	1
14911	1
14912	1
14913	1
14914	2
14915	2
14916	1
14917	1
14918	1
14919	1
14920	2
14921	2
14922	2
14923	1
14924	2
14925	0
14926	2
14927	1
14928	2
14929	1
14930	2
14931	2
14932	0
14933	1
14934	2
14935	2
14936	2
14937	2
14938	2
14939	1
14940	1
14941	2
14942	1
14943	1
14944	1
14945	1
14946	2
14947	1
14948	2
14949	0
14950	1
14951	1
14952	1
14953	2
14954	0
14955	2
14956	1
14957	1
14958	1
14959	1
14960	2
14961	2
14962	2
14963	1
14964	2
14965	1
14966	1
14967	0
14968	0
14969	1
14970	2
14971	1
14972	2
14973	1
14974	2
14975	2
14976	2
14977	2
14978	0
14979	2
14980	2
14981	1
14982	2
14983	0
14984	1
14985	1
14986	1
14987	2
14988	2
14989	1
14990	1
14991	1
14992	1
14993	2
14994	1
14995	2
14996	1
14997	2
14998	1
14999	2
15000	2
15001	1
15002	2
15003	1
15004	1
15005	1
15006	2
15007	0
15008	0
15009	1
15010	1
15011	2
15012	1
15013	2
15014	2
15015	0
15016	2
15017	1
15018	2
15019	2
15020	2
15021	0
15022	2
15023	1
15024	2
15025	0
15026	2
15027	2
15028	2
15029	1
15030	2
15031	1
15032	0
15033	1
15034	1
15035	1
15036	1
15037	2
15038	1
15039	2
15040	2
15041	2
15042	0
15043	2
15044	2
15045	1
15046	2
15047	2
15048	2
15049	2
15050	2
15051	0
15052	1
15053	2
15054	1
15055	1
15056	0
15057	2
15058	2
15059	2
15060	2
15061	1
15062	2
15063	1
15064	2
15065	2
15066	2
15067	0
15068	1
15069	2
15070	0
15071	0
15072	1
15073	0
15074	0
15075	1
15076	2
15077	2
15078	1
15079	2
15080	1
15081	0
15082	1
15083	1
15084	0
15085	0
15086	2
15087	1
15088	2
15089	2
15090	1
15091	2
15092	2
15093	2
15094	1
15095	1
15096	2
15097	2
15098	1
15099	1
15100	1
15101	0
15102	1
15103	1
15104	1
15105	2
15106	1
15107	2
15108	1
15109	2
15110	2
15111	2
15112	2
15113	1
15114	1
15115	1
15116	1
15117	2
15118	2
15119	2
15120	2
15121	0
15122	2
15123	1
15124	0
15125	1
15126	1
15127	2
15128	2
15129	1
15130	1
15131	2
15132	1
15133	2
15134	1
15135	0
15136	2
15137	1
15138	0
15139	1
15140	1
15141	1
15142	0
15143	2
15144	2
15145	2
15146	0
15147	1
15148	2
15149	0
15150	2
15151	1
15152	2
15153	0
15154	2
15155	1
15156	0
15157	2
15158	1
15159	1
15160	1
15161	1
15162	2
15163	0
15164	2
15165	2
15166	2
15167	1
15168	2
15169	1
15170	2
15171	2
15172	0
15173	2
15174	1
15175	1
15176	2
15177	0
15178	1
15179	2
15180	0
15181	0
15182	0
15183	1
15184	2
15185	1
15186	1
15187	2
15188	1
15189	2
15190	2
15191	1
15192	0
15193	0
15194	2
15195	2
15196	2
15197	1
15198	1
15199	2
15200	2
15201	1
15202	2
15203	1
15204	2
15205	2
15206	0
15207	2
15208	1
15209	2
15210	1
15211	0
15212	2
15213	2
15214	0
15215	1
15216	0
15217	1
15218	2
15219	2
15220	1
15221	0
15222	1
15223	1
15224	0
15225	2
15226	1
15227	2
15228	1
15229	1
15230	2
15231	2
15232	0
15233	1
15234	0
15235	1
15236	2
15237	2
15238	2
15239	2
15240	2
15241	1
15242	2
15243	1
15244	1
15245	1
15246	1
15247	2
15248	2
15249	1
15250	0
15251	0
15252	1
15253	2
15254	1
15255	1
15256	0
15257	1
15258	1
15259	1
15260	0
15261	0
15262	2
15263	2
15264	1
15265	1
15266	0
15267	1
15268	2
15269	0
15270	0
15271	2
15272	2
15273	2
15274	2
15275	1
15276	1
15277	2
15278	1
15279	0
15280	0
15281	2
15282	2
15283	1
15284	1
15285	1
15286	0
15287	2
15288	2
15289	2
15290	2
15291	2
15292	2
15293	1
15294	0
15295	1
15296	1
15297	1
15298	0
15299	1
15300	0
15301	2
15302	2
15303	1
15304	2
15305	2
15306	2
15307	1
15308	2
15309	2
15310	2
15311	2
15312	1
15313	2
15314	0
15315	2
15316	1
15317	2
15318	2
15319	1
15320	2
15321	1
15322	1
15323	2
15324	1
15325	0
15326	1
15327	0
15328	1
15329	2
15330	1
15331	0
15332	1
15333	1
15334	1
15335	1
15336	1
15337	1
15338	1
15339	1
15340	0
15341	1
15342	2
15343	1
15344	1
15345	2
15346	0
15347	2
15348	0
15349	2
15350	2
15351	1
15352	2
15353	2
15354	1
15355	1
15356	1
15357	0
15358	2
15359	2
15360	2
15361	1
15362	2
15363	2
15364	0
15365	2
15366	1
15367	0
15368	0
15369	1
15370	1
15371	0
15372	2
15373	2
15374	1
15375	2
15376	2
15377	0
15378	2
15379	2
15380	1
15381	1
15382	2
15383	2
15384	0
15385	1
15386	0
15387	1
15388	2
15389	1
15390	0
15391	1
15392	0
15393	0
15394	1
15395	0
15396	2
15397	2
15398	0
15399	2
15400	1
15401	1
15402	2
15403	1
15404	0
15405	1
15406	1
15407	1
15408	2
15409	0
15410	1
15411	0
15412	1
15413	2
15414	2
15415	1
15416	0
15417	1
15418	2
15419	2
15420	1
15421	0
15422	2
15423	2
15424	2
15425	2
15426	0
15427	2
15428	0
15429	2
15430	2
15431	2
15432	1
15433	1
15434	2
15435	2
15436	1
15437	1
15438	1
15439	1
15440	1
15441	2
15442	0
15443	1
15444	0
15445	1
15446	2
15447	2
15448	1
15449	2
15450	0
15451	1
15452	1
15453	0
15454	2
15455	0
15456	1
15457	0
15458	2
15459	2
15460	2
15461	1
15462	1
15463	1
15464	2
15465	1
15466	2
15467	2
15468	0
15469	1
15470	2
15471	0
15472	1
15473	2
15474	0
15475	1
15476	0
15477	2
15478	1
15479	2
15480	0
15481	2
15482	1
15483	2
15484	1
15485	1
15486	2
15487	0
15488	2
15489	2
15490	0
15491	1
15492	2
15493	1
15494	2
15495	0
15496	1
15497	1
15498	0
15499	2
15500	0
15501	1
15502	2
15503	0
15504	1
15505	2
15506	1
15507	1
15508	2
15509	2
15510	2
15511	1
15512	2
15513	2
15514	2
15515	2
15516	0
15517	1
15518	0
15519	1
15520	2
15521	2
15522	0
15523	2
15524	2
15525	1
15526	2
15527	2
15528	2
15529	2
15530	1
15531	1
15532	2
15533	1
15534	2
15535	2
15536	1
15537	1
15538	0
15539	2
15540	1
15541	1
15542	1
15543	2
15544	1
15545	0
15546	2
15547	0
15548	0
15549	1
15550	2
15551	1
15552	1
15553	1
15554	1
15555	0
15556	1
15557	2
15558	1
15559	1
15560	1
15561	1
15562	1
15563	2
15564	2
15565	2
15566	2
15567	1
15568	2
15569	2
15570	2
15571	2
15572	2
15573	1
15574	0
15575	2
15576	2
15577	0
15578	2
15579	1
15580	1
15581	0
15582	1
15583	1
15584	2
15585	2
15586	2
15587	2
15588	1
15589	0
15590	0
15591	2
15592	1
15593	2
15594	1
15595	2
15596	0
15597	0
15598	0
15599	1
15600	0
15601	2
15602	1
15603	1
15604	2
15605	0
15606	1
15607	2
15608	2
15609	1
15610	2
15611	2
15612	1
15613	0
15614	2
15615	0
15616	1
15617	0
15618	2
15619	2
15620	1
15621	1
15622	2
15623	1
15624	1
15625	2
15626	2
15627	0
15628	0
15629	1
15630	2
15631	0
15632	1
15633	2
15634	2
15635	0
15636	1
15637	1
15638	2
15639	2
15640	0
15641	0
15642	0
15643	1
15644	0
15645	2
15646	0
15647	0
15648	1
15649	1
15650	0
15651	1
15652	2
15653	1
15654	2
15655	0
15656	2
15657	2
15658	0
15659	1
15660	2
15661	2
15662	1
15663	2
15664	1
15665	0
15666	2
15667	2
15668	0
15669	2
15670	1
15671	2
15672	0
15673	2
15674	1
15675	0
15676	1
15677	1
15678	0
15679	0
15680	0
15681	2
15682	2
15683	2
15684	2
15685	1
15686	1
15687	2
15688	1
15689	1
15690	2
15691	2
15692	0
15693	2
15694	1
15695	1
15696	2
15697	0
15698	2
15699	0
15700	1
15701	1
15702	0
15703	0
15704	2
15705	2
15706	0
15707	1
15708	2
15709	1
15710	1
15711	2
15712	1
15713	0
15714	2
15715	1
15716	0
15717	0
15718	2
15719	1
15720	1
15721	1
15722	1
15723	1
15724	2
15725	0
15726	1
15727	1
15728	1
15729	2
15730	2
15731	1
15732	2
15733	0
15734	0
15735	0
15736	2
15737	2
15738	2
15739	1
15740	1
15741	2
15742	1
15743	2
15744	2
15745	0
15746	2
15747	0
15748	2
15749	1
15750	1
15751	0
15752	1
15753	2
15754	0
15755	1
15756	1
15757	2
15758	1
15759	2
15760	0
15761	1
15762	1
15763	2
15764	2
15765	1
15766	0
15767	2
15768	0
15769	1
15770	0
15771	2
15772	1
15773	1
15774	2
15775	1
15776	2
15777	1
15778	2
15779	1
15780	2
15781	1
15782	0
15783	2
15784	0
15785	1
15786	2
15787	0
15788	2
15789	2
15790	1
15791	0
15792	1
15793	2
15794	1
15795	0
15796	2
15797	0
15798	0
15799	2
15800	2
15801	2
15802	2
15803	1
15804	2
15805	0
15806	1
15807	1
15808	2
15809	0
15810	2
15811	2
15812	2
15813	1
15814	0
15815	0
15816	2
15817	2
15818	2
15819	0
15820	0
15821	1
15822	1
15823	1
15824	1
15825	2
15826	2
15827	2
15828	1
15829	0
15830	0
15831	1
15832	1
15833	0
15834	1
15835	2
15836	1
15837	2
15838	1
15839	2
15840	0
15841	1
15842	0
15843	0
15844	2
15845	2
15846	1
15847	2
15848	1
15849	1
15850	2
15851	2
15852	1
15853	2
15854	2
15855	2
15856	0
15857	2
15858	0
15859	2
15860	0
15861	0
15862	0
15863	2
15864	2
15865	2
15866	0
15867	2
15868	1
15869	1
15870	1
15871	2
15872	2
15873	0
15874	1
15875	0
15876	1
15877	2
15878	0
15879	2
15880	0
15881	0
15882	1
15883	2
15884	2
15885	2
15886	2
15887	1
15888	1
15889	1
15890	1
15891	2
15892	1
15893	2
15894	0
15895	1
15896	2
15897	2
15898	0
15899	1
15900	0
15901	2
15902	2
15903	0
15904	1
15905	2
15906	2
15907	1
15908	1
15909	1
15910	1
15911	1
15912	1
15913	0
15914	2
15915	1
15916	0
15917	1
15918	1
15919	2
15920	1
15921	2
15922	2
15923	2
15924	0
15925	2
15926	1
15927	1
15928	0
15929	1
15930	0
15931	1
15932	1
15933	1
15934	1
15935	2
15936	2
15937	0
15938	2
15939	2
15940	1
15941	2
15942	0
15943	2
15944	1
15945	0
15946	0
15947	0
15948	1
15949	1
15950	0
15951	0
15952	2
15953	1
15954	1
15955	2
15956	2
15957	1
15958	2
15959	0
15960	0
15961	1
15962	1
15963	2
15964	1
15965	2
15966	1
15967	1
15968	1
15969	2
15970	2
15971	1
15972	1
15973	1
15974	0
15975	2
15976	1
15977	2
15978	1
15979	1
15980	2
15981	2
15982	1
15983	1
15984	2
15985	1
15986	2
15987	0
15988	0
15989	1
15990	1
15991	0
15992	1
15993	0
15994	0
15995	0
15996	1
15997	0
15998	0
15999	0
16000	2
16001	1
16002	2
16003	0
16004	0
16005	2
16006	2
16007	1
16008	0
16009	0
16010	0
16011	2
16012	2
16013	1
16014	2
16015	2
16016	0
16017	0
16018	2
16019	2
16020	1
16021	2
16022	2
16023	0
16024	2
16025	1
16026	2
16027	0
16028	1
16029	1
16030	1
16031	1
16032	1
16033	2
16034	2
16035	0
16036	2
16037	0
16038	1
16039	2
16040	0
16041	2
16042	0
16043	1
16044	2
16045	1
16046	1
16047	2
16048	2
16049	2
16050	0
16051	1
16052	1
16053	1
16054	0
16055	0
16056	2
16057	1
16058	2
16059	2
16060	2
16061	1
16062	2
16063	0
16064	2
16065	2
16066	2
16067	1
16068	1
16069	1
16070	1
16071	0
16072	2
16073	2
16074	0
16075	2
16076	0
16077	1
16078	0
16079	1
16080	0
16081	1
16082	0
16083	2
16084	1
16085	1
16086	1
16087	1
16088	2
16089	2
16090	1
16091	0
16092	2
16093	0
16094	2
16095	1
16096	1
16097	1
16098	1
16099	0
16100	2
16101	2
16102	1
16103	0
16104	1
16105	1
16106	0
16107	2
16108	0
16109	2
16110	2
16111	1
16112	0
16113	2
16114	0
16115	0
16116	1
16117	1
16118	0
16119	2
16120	0
16121	1
16122	1
16123	0
16124	2
16125	1
16126	2
16127	0
16128	1
16129	1
16130	1
16131	2
16132	1
16133	1
16134	2
16135	1
16136	1
16137	1
16138	2
16139	2
16140	2
16141	2
16142	2
16143	2
16144	0
16145	1
16146	2
16147	1
16148	2
16149	2
16150	1
16151	2
16152	2
16153	1
16154	1
16155	2
16156	1
16157	2
16158	2
16159	1
16160	2
16161	0
16162	2
16163	2
16164	1
16165	1
16166	2
16167	1
16168	2
16169	2
16170	0
16171	1
16172	0
16173	1
16174	1
16175	0
16176	2
16177	1
16178	2
16179	1
16180	2
16181	2
16182	1
16183	2
16184	2
16185	1
16186	0
16187	1
16188	1
16189	1
16190	1
16191	2
16192	2
16193	2
16194	1
16195	2
16196	0
16197	1
16198	2
16199	1
16200	2
16201	2
16202	0
16203	2
16204	1
16205	0
16206	2
16207	2
16208	2
16209	2
16210	0
16211	0
16212	1
16213	1
16214	2
16215	1
16216	2
16217	1
16218	1
16219	2
16220	2
16221	2
16222	2
16223	1
16224	2
16225	1
16226	0
16227	1
16228	2
16229	2
16230	2
16231	2
16232	1
16233	1
16234	0
16235	2
16236	1
16237	0
16238	1
16239	1
16240	2
16241	2
16242	0
16243	1
16244	1
16245	1
16246	2
16247	1
16248	1
16249	1
16250	0
16251	1
16252	1
16253	1
16254	1
16255	1
16256	1
16257	2
16258	0
16259	1
16260	1
16261	2
16262	0
16263	2
16264	2
16265	2
16266	2
16267	1
16268	0
16269	0
16270	1
16271	0
16272	2
16273	1
16274	1
16275	2
16276	2
16277	2
16278	2
16279	2
16280	2
16281	1
16282	1
16283	2
16284	2
16285	1
16286	1
16287	0
16288	1
16289	1
16290	2
16291	2
16292	1
16293	1
16294	0
16295	0
16296	0
16297	1
16298	1
16299	1
16300	2
16301	2
16302	2
16303	1
16304	0
16305	1
16306	2
16307	1
16308	1
16309	0
16310	2
16311	2
16312	1
16313	1
16314	1
16315	2
16316	1
16317	0
16318	1
16319	0
16320	2
16321	2
16322	2
16323	0
16324	1
16325	1
16326	1
16327	2
16328	2
16329	2
16330	1
16331	2
16332	1
16333	2
16334	1
16335	1
16336	0
16337	2
16338	1
16339	1
16340	1
16341	2
16342	1
16343	0
16344	1
16345	2
16346	1
16347	2
16348	0
16349	2
16350	1
16351	1
16352	1
16353	2
16354	1
16355	0
16356	0
16357	0
16358	1
16359	2
16360	0
16361	2
16362	1
16363	1
16364	2
16365	1
16366	2
16367	2
16368	2
16369	2
16370	1
16371	2
16372	1
16373	1
16374	1
16375	0
16376	1
16377	1
16378	2
16379	1
16380	2
16381	0
16382	1
16383	0
16384	2
16385	2
16386	1
16387	2
16388	0
16389	2
16390	0
16391	0
16392	1
16393	0
16394	2
16395	1
16396	1
16397	1
16398	2
16399	2
16400	1
16401	1
16402	1
16403	2
16404	2
16405	2
16406	2
16407	2
16408	2
16409	2
16410	2
16411	1
16412	2
16413	2
16414	2
16415	2
16416	2
16417	2
16418	2
16419	1
16420	0
16421	2
16422	1
16423	2
16424	1
16425	1
16426	1
16427	1
16428	1
16429	1
16430	1
16431	0
16432	0
16433	0
16434	1
16435	2
16436	1
16437	1
16438	1
16439	0
16440	1
16441	1
16442	2
16443	2
16444	1
16445	0
16446	1
16447	1
16448	1
16449	0
16450	0
16451	0
16452	1
16453	0
16454	1
16455	1
16456	0
16457	0
16458	2
16459	0
16460	2
16461	2
16462	2
16463	0
16464	0
16465	1
16466	2
16467	0
16468	1
16469	1
16470	2
16471	2
16472	2
16473	0
16474	2
16475	2
16476	2
16477	0
16478	0
16479	2
16480	2
16481	2
16482	1
16483	1
16484	0
16485	2
16486	1
16487	0
16488	2
16489	2
16490	1
16491	1
16492	0
16493	0
16494	2
16495	0
16496	1
16497	0
16498	1
16499	1
16500	0
16501	1
16502	2
16503	1
16504	2
16505	0
16506	2
16507	2
16508	1
16509	0
16510	0
16511	1
16512	1
16513	1
16514	2
16515	0
16516	2
16517	1
16518	1
16519	1
16520	0
16521	2
16522	2
16523	1
16524	2
16525	1
16526	2
16527	1
16528	1
16529	2
16530	2
16531	1
16532	2
16533	2
16534	1
16535	1
16536	1
16537	1
16538	1
16539	1
16540	1
16541	0
16542	1
16543	1
16544	2
16545	0
16546	2
16547	2
16548	1
16549	1
16550	0
16551	2
16552	2
16553	1
16554	1
16555	1
16556	0
16557	2
16558	2
16559	2
16560	2
16561	1
16562	2
16563	2
16564	2
16565	1
16566	1
16567	1
16568	0
16569	1
16570	2
16571	1
16572	1
16573	2
16574	1
16575	1
16576	1
16577	2
16578	0
16579	2
16580	0
16581	1
16582	0
16583	2
16584	2
16585	2
16586	0
16587	2
16588	0
16589	2
16590	0
16591	1
16592	1
16593	0
16594	1
16595	2
16596	2
16597	2
16598	0
16599	2
16600	2
16601	2
16602	2
16603	2
16604	2
16605	2
16606	2
16607	1
16608	2
16609	1
16610	2
16611	1
16612	2
16613	0
16614	1
16615	1
16616	1
16617	0
16618	2
16619	2
16620	2
16621	2
16622	2
16623	2
16624	2
16625	2
16626	0
16627	2
16628	2
16629	2
16630	2
16631	0
16632	2
16633	2
16634	1
16635	1
16636	2
16637	2
16638	1
16639	0
16640	2
16641	2
16642	1
16643	1
16644	2
16645	2
16646	1
16647	1
16648	1
16649	2
16650	1
16651	1
16652	2
16653	0
16654	2
16655	1
16656	2
16657	2
16658	1
16659	2
16660	1
16661	2
16662	0
16663	0
16664	2
16665	1
16666	2
16667	1
16668	0
16669	1
16670	2
16671	0
16672	0
16673	0
16674	1
16675	2
16676	0
16677	2
16678	1
16679	2
16680	2
16681	0
16682	1
16683	2
16684	1
16685	2
16686	2
16687	0
16688	1
16689	2
16690	1
16691	1
16692	0
16693	2
16694	1
16695	2
16696	2
16697	0
16698	2
16699	2
16700	2
16701	1
16702	1
16703	0
16704	2
16705	1
16706	0
16707	2
16708	0
16709	1
16710	2
16711	1
16712	0
16713	2
16714	2
16715	2
16716	0
16717	0
16718	1
16719	1
16720	1
16721	2
16722	1
16723	0
16724	1
16725	0
16726	1
16727	2
16728	1
16729	1
16730	1
16731	2
16732	2
16733	2
16734	2
16735	1
16736	2
16737	2
16738	0
16739	0
16740	1
16741	0
16742	1
16743	2
16744	2
16745	2
16746	0
16747	0
16748	1
16749	1
16750	1
16751	1
16752	2
16753	1
16754	0
16755	2
16756	2
16757	2
16758	1
16759	2
16760	1
16761	2
16762	2
16763	2
16764	2
16765	2
16766	2
16767	1
16768	0
16769	1
16770	2
16771	1
16772	1
16773	2
16774	1
16775	1
16776	2
16777	0
16778	1
16779	1
16780	2
16781	1
16782	0
16783	0
16784	2
16785	1
16786	2
16787	1
16788	1
16789	1
16790	1
16791	2
16792	1
16793	1
16794	0
16795	2
16796	2
16797	1
16798	2
16799	2
16800	2
16801	2
16802	2
16803	1
16804	0
16805	2
16806	1
16807	2
16808	2
16809	2
16810	2
16811	0
16812	1
16813	2
16814	1
16815	1
16816	1
16817	0
16818	2
16819	1
16820	1
16821	0
16822	2
16823	1
16824	0
16825	2
16826	2
16827	0
16828	1
16829	2
16830	2
16831	1
16832	1
16833	0
16834	2
16835	2
16836	1
16837	0
16838	1
16839	0
16840	2
16841	2
16842	2
16843	0
16844	2
16845	1
16846	1
16847	1
16848	1
16849	0
16850	1
16851	0
16852	2
16853	2
16854	1
16855	2
16856	2
16857	2
16858	2
16859	1
16860	0
16861	2
16862	1
16863	0
16864	0
16865	2
16866	1
16867	1
16868	0
16869	2
16870	2
16871	0
16872	1
16873	2
16874	0
16875	2
16876	2
16877	2
16878	1
16879	0
16880	2
16881	0
16882	1
16883	2
16884	2
16885	1
16886	2
16887	0
16888	2
16889	0
16890	0
16891	1
16892	2
16893	1
16894	1
16895	0
16896	2
16897	2
16898	2
16899	0
16900	1
16901	2
16902	0
16903	2
16904	0
16905	1
16906	2
16907	2
16908	1
16909	1
16910	2
16911	2
16912	0
16913	1
16914	1
16915	2
16916	0
16917	1
16918	0
16919	1
16920	0
16921	0
16922	1
16923	1
16924	2
16925	0
16926	2
16927	2
16928	1
16929	2
16930	1
16931	1
16932	2
16933	0
16934	2
16935	1
16936	2
16937	2
16938	1
16939	0
16940	2
16941	2
16942	0
16943	2
16944	1
16945	1
16946	1
16947	1
16948	1
16949	2
16950	2
16951	1
16952	2
16953	2
16954	2
16955	2
16956	1
16957	1
16958	2
16959	0
16960	2
16961	2
16962	1
16963	1
16964	2
16965	1
16966	2
16967	1
16968	1
16969	2
16970	2
16971	0
16972	1
16973	2
16974	1
16975	1
16976	0
16977	2
16978	1
16979	1
16980	0
16981	1
16982	1
16983	1
16984	2
16985	1
16986	2
16987	1
16988	1
16989	2
16990	0
16991	2
16992	0
16993	1
16994	2
16995	2
16996	2
16997	2
16998	1
16999	1
17000	1
17001	0
17002	0
17003	1
17004	1
17005	0
17006	2
17007	1
17008	2
17009	2
17010	1
17011	0
17012	2
17013	2
17014	1
17015	1
17016	1
17017	2
17018	2
17019	1
17020	0
17021	2
17022	2
17023	1
17024	0
17025	0
17026	2
17027	1
17028	2
17029	1
17030	2
17031	1
17032	2
17033	2
17034	0
17035	2
17036	1
17037	1
17038	1
17039	2
17040	1
17041	0
17042	1
17043	0
17044	1
17045	2
17046	1
17047	2
17048	1
17049	1
17050	2
17051	0
17052	0
17053	2
17054	0
17055	1
17056	2
17057	2
17058	0
17059	0
17060	2
17061	2
17062	2
17063	1
17064	2
17065	0
17066	2
17067	1
17068	1
17069	2
17070	1
17071	1
17072	1
17073	1
17074	2
17075	2
17076	1
17077	2
17078	0
17079	2
17080	1
17081	1
17082	1
17083	2
17084	1
17085	1
17086	1
17087	1
17088	2
17089	1
17090	0
17091	1
17092	1
17093	1
17094	0
17095	2
17096	1
17097	1
17098	2
17099	1
17100	1
17101	1
17102	2
17103	1
17104	2
17105	0
17106	1
17107	2
17108	2
17109	1
17110	1
17111	0
17112	2
17113	2
17114	2
17115	2
17116	0
17117	0
17118	1
17119	2
17120	1
17121	2
17122	1
17123	1
17124	1
17125	1
17126	1
17127	1
17128	0
17129	1
17130	0
17131	1
17132	1
17133	1
17134	2
17135	1
17136	2
17137	1
17138	2
17139	1
17140	1
17141	1
17142	2
17143	2
17144	2
17145	2
17146	2
17147	1
17148	1
17149	2
17150	0
17151	1
17152	2
17153	1
17154	2
17155	1
17156	2
17157	2
17158	0
17159	1
17160	1
17161	2
17162	0
17163	2
17164	2
17165	0
17166	1
17167	1
17168	1
17169	1
17170	2
17171	1
17172	1
17173	0
17174	1
17175	2
17176	0
17177	0
17178	2
17179	2
17180	2
17181	1
17182	2
17183	1
17184	0
17185	2
17186	0
17187	2
17188	0
17189	2
17190	2
17191	1
17192	1
17193	1
17194	1
17195	2
17196	0
17197	1
17198	0
17199	2
17200	0
17201	1
17202	1
17203	0
17204	1
17205	1
17206	1
17207	2
17208	1
17209	0
17210	1
17211	1
17212	1
17213	0
17214	2
17215	2
17216	2
17217	2
17218	2
17219	1
17220	0
17221	2
17222	1
17223	0
17224	1
17225	2
17226	1
17227	2
17228	2
17229	2
17230	2
17231	1
17232	2
17233	2
17234	2
17235	2
17236	2
17237	1
17238	1
17239	1
17240	2
17241	1
17242	2
17243	2
17244	1
17245	0
17246	1
17247	1
17248	1
17249	0
17250	2
17251	1
17252	0
17253	2
17254	0
17255	1
17256	0
17257	1
17258	2
17259	1
17260	2
17261	0
17262	1
17263	0
17264	0
17265	1
17266	0
17267	1
17268	1
17269	2
17270	2
17271	2
17272	2
17273	2
17274	1
17275	1
17276	2
17277	2
17278	0
17279	2
17280	1
17281	2
17282	1
17283	1
17284	1
17285	1
17286	1
17287	2
17288	0
17289	2
17290	1
17291	2
17292	1
17293	2
17294	1
17295	1
17296	1
17297	1
17298	2
17299	0
17300	1
17301	1
17302	0
17303	2
17304	1
17305	1
17306	1
17307	0
17308	0
17309	0
17310	1
17311	1
17312	2
17313	1
17314	2
17315	2
17316	2
17317	1
17318	2
17319	1
17320	1
17321	1
17322	0
17323	0
17324	2
17325	2
17326	0
17327	1
17328	2
17329	0
17330	0
17331	2
17332	2
17333	1
17334	1
17335	2
17336	1
17337	2
17338	0
17339	0
17340	0
17341	2
17342	0
17343	2
17344	0
17345	2
17346	2
17347	1
17348	0
17349	1
17350	2
17351	1
17352	2
17353	0
17354	1
17355	1
17356	2
17357	1
17358	1
17359	2
17360	0
17361	0
17362	2
17363	2
17364	1
17365	1
17366	0
17367	2
17368	0
17369	2
17370	0
17371	1
17372	1
17373	1
17374	1
17375	0
17376	1
17377	0
17378	2
17379	2
17380	2
17381	1
17382	2
17383	0
17384	1
17385	2
17386	0
17387	1
17388	2
17389	0
17390	2
17391	2
17392	1
17393	1
17394	2
17395	2
17396	1
17397	2
17398	2
17399	0
17400	1
17401	0
17402	1
17403	0
17404	1
17405	2
17406	1
17407	1
17408	0
17409	0
17410	1
17411	2
17412	0
17413	0
17414	2
17415	0
17416	1
17417	0
17418	1
17419	2
17420	2
17421	1
17422	2
17423	1
17424	1
17425	0
17426	2
17427	2
17428	2
17429	1
17430	1
17431	2
17432	1
17433	1
17434	0
17435	1
17436	0
17437	2
17438	1
17439	1
17440	2
17441	2
17442	0
17443	1
17444	1
17445	0
17446	2
17447	2
17448	1
17449	1
17450	1
17451	1
17452	0
17453	2
17454	1
17455	2
17456	2
17457	2
17458	0
17459	0
17460	2
17461	1
17462	2
17463	2
17464	1
17465	0
17466	0
17467	2
17468	2
17469	1
17470	1
17471	2
17472	1
17473	1
17474	2
17475	2
17476	2
17477	1
17478	0
17479	1
17480	1
17481	2
17482	1
17483	1
17484	0
17485	1
17486	1
17487	0
17488	1
17489	2
17490	2
17491	2
17492	1
17493	0
17494	2
17495	1
17496	2
17497	2
17498	2
17499	2
17500	0
17501	1
17502	1
17503	2
17504	2
17505	2
17506	2
17507	1
17508	2
17509	1
17510	2
17511	2
17512	0
17513	0
17514	0
17515	1
17516	2
17517	2
17518	1
17519	2
17520	2
17521	2
17522	2
17523	2
17524	1
17525	0
17526	2
17527	1
17528	1
17529	1
17530	1
17531	1
17532	2
17533	2
17534	0
17535	1
17536	1
17537	2
17538	2
17539	2
17540	2
17541	1
17542	0
17543	2
17544	0
17545	0
17546	2
17547	0
17548	1
17549	2
17550	1
17551	0
17552	0
17553	1
17554	2
17555	1
17556	0
17557	2
17558	2
17559	1
17560	0
17561	1
17562	2
17563	2
17564	0
17565	2
17566	1
17567	0
17568	2
17569	2
17570	2
17571	1
17572	0
17573	2
17574	1
17575	2
17576	1
17577	2
17578	1
17579	0
17580	2
17581	1
17582	1
17583	2
17584	2
17585	1
17586	0
17587	1
17588	1
17589	1
17590	0
17591	1
17592	2
17593	1
17594	0
17595	0
17596	0
17597	1
17598	0
17599	0
17600	1
17601	2
17602	2
17603	2
17604	2
17605	0
17606	2
17607	1
17608	1
17609	2
17610	0
17611	2
17612	1
17613	0
17614	1
17615	2
17616	0
17617	2
17618	2
17619	1
17620	2
17621	1
17622	2
17623	0
17624	2
17625	1
17626	0
17627	2
17628	0
17629	1
17630	1
17631	1
17632	0
17633	0
17634	2
17635	0
17636	1
17637	2
17638	1
17639	2
17640	1
17641	1
17642	2
17643	2
17644	1
17645	2
17646	0
17647	0
17648	0
17649	2
17650	2
17651	2
17652	0
17653	0
17654	0
17655	1
17656	2
17657	2
17658	1
17659	2
17660	1
17661	1
17662	1
17663	1
17664	2
17665	2
17666	2
17667	0
17668	1
17669	0
17670	2
17671	1
17672	1
17673	0
17674	0
17675	2
17676	1
17677	2
17678	1
17679	2
17680	1
17681	0
17682	1
17683	0
17684	1
17685	2
17686	0
17687	2
17688	1
17689	2
17690	2
17691	2
17692	1
17693	0
17694	2
17695	2
17696	2
17697	2
17698	1
17699	1
17700	1
17701	1
17702	1
17703	1
17704	1
17705	1
17706	0
17707	2
17708	2
17709	1
17710	2
17711	1
17712	0
17713	2
17714	2
17715	1
17716	2
17717	0
17718	1
17719	2
17720	0
17721	2
17722	0
17723	2
17724	1
17725	1
17726	1
17727	0
17728	1
17729	2
17730	1
17731	0
17732	2
17733	0
17734	1
17735	1
17736	2
17737	2
17738	2
17739	2
17740	2
17741	2
17742	1
17743	2
17744	1
17745	2
17746	1
17747	2
17748	2
17749	2
17750	0
17751	1
17752	1
17753	2
17754	2
17755	2
17756	2
17757	2
17758	2
17759	0
17760	2
17761	0
17762	2
17763	2
17764	2
17765	1
17766	0
17767	2
17768	0
17769	1
17770	1
17771	1
17772	1
17773	2
17774	1
17775	0
17776	2
17777	0
17778	0
17779	1
17780	2
17781	0
17782	1
17783	1
17784	2
17785	1
17786	1
17787	1
17788	2
17789	0
17790	2
17791	1
17792	1
17793	2
17794	0
17795	1
17796	2
17797	1
17798	0
17799	2
17800	1
17801	1
17802	2
17803	1
17804	2
17805	2
17806	2
17807	1
17808	0
17809	2
17810	1
17811	0
17812	2
17813	1
17814	0
17815	1
17816	1
17817	1
17818	2
17819	1
17820	1
17821	1
17822	1
17823	2
17824	1
17825	1
17826	2
17827	0
17828	0
17829	0
17830	2
17831	0
17832	2
17833	1
17834	1
17835	1
17836	2
17837	2
17838	2
17839	2
17840	1
17841	1
17842	0
17843	1
17844	2
17845	1
17846	1
17847	0
17848	0
17849	2
17850	1
17851	1
17852	1
17853	2
17854	1
17855	1
17856	2
17857	1
17858	1
17859	2
17860	1
17861	1
17862	0
17863	1
17864	2
17865	1
17866	1
17867	0
17868	2
17869	2
17870	1
17871	1
17872	2
17873	2
17874	1
17875	1
17876	2
17877	1
17878	2
17879	1
17880	2
17881	1
17882	0
17883	2
17884	2
17885	1
17886	2
17887	1
17888	1
17889	1
17890	2
17891	1
17892	2
17893	2
17894	0
17895	1
17896	2
17897	1
17898	1
17899	2
17900	1
17901	1
17902	2
17903	2
17904	1
17905	1
17906	2
17907	2
17908	2
17909	1
17910	2
17911	1
17912	0
17913	2
17914	1
17915	1
17916	2
17917	2
17918	2
17919	1
17920	0
17921	1
17922	1
17923	2
17924	1
17925	2
17926	2
17927	1
17928	0
17929	1
17930	2
17931	2
17932	1
17933	2
17934	0
17935	1
17936	2
17937	1
17938	2
17939	1
17940	1
17941	1
17942	2
17943	1
17944	1
17945	1
17946	2
17947	1
17948	0
17949	0
17950	2
17951	2
17952	2
17953	2
17954	1
17955	1
17956	1
17957	2
17958	2
17959	0
17960	1
17961	0
17962	0
17963	0
17964	0
17965	0
17966	1
17967	1
17968	1
17969	1
17970	1
17971	2
17972	2
17973	1
17974	2
17975	0
17976	2
17977	2
17978	2
17979	2
17980	1
17981	1
17982	2
17983	2
17984	0
17985	2
17986	0
17987	2
17988	2
17989	2
17990	2
17991	1
17992	1
17993	0
17994	1
17995	0
17996	2
17997	1
17998	0
17999	1
18000	1
18001	2
18002	1
18003	1
18004	2
18005	0
18006	1
18007	2
18008	1
18009	0
18010	2
18011	2
18012	1
18013	1
18014	2
18015	1
18016	2
18017	1
18018	1
18019	1
18020	1
18021	1
18022	2
18023	0
18024	2
18025	0
18026	1
18027	2
18028	0
18029	1
18030	1
18031	2
18032	0
18033	1
18034	0
18035	1
18036	1
18037	2
18038	1
18039	0
18040	2
18041	1
18042	0
18043	1
18044	0
18045	0
18046	2
18047	2
18048	2
18049	2
18050	0
18051	2
18052	0
18053	0
18054	1
18055	0
18056	1
18057	1
18058	1
18059	1
18060	2
18061	1
18062	2
18063	1
18064	1
18065	1
18066	0
18067	0
18068	0
18069	2
18070	2
18071	2
18072	1
18073	1
18074	1
18075	1
18076	1
18077	2
18078	1
18079	2
18080	1
18081	1
18082	0
18083	2
18084	2
18085	2
18086	0
18087	1
18088	2
18089	1
18090	1
18091	1
18092	0
18093	2
18094	2
18095	2
18096	1
18097	2
18098	2
18099	1
18100	1
18101	0
18102	2
18103	1
18104	1
18105	2
18106	1
18107	1
18108	1
18109	2
18110	2
18111	2
18112	1
18113	1
18114	2
18115	1
18116	1
18117	2
18118	1
18119	2
18120	2
18121	2
18122	1
18123	1
18124	1
18125	2
18126	0
18127	1
18128	1
18129	0
18130	2
18131	0
18132	2
18133	1
18134	2
18135	0
18136	1
18137	0
18138	1
18139	2
18140	2
18141	2
18142	1
18143	0
18144	0
18145	2
18146	2
18147	2
18148	2
18149	2
18150	0
18151	2
18152	1
18153	2
18154	2
18155	1
18156	1
18157	0
18158	1
18159	1
18160	2
18161	2
18162	2
18163	1
18164	2
18165	2
18166	2
18167	0
18168	2
18169	1
18170	2
18171	1
18172	2
18173	0
18174	2
18175	2
18176	0
18177	1
18178	2
18179	2
18180	2
18181	2
18182	2
18183	1
18184	1
18185	1
18186	1
18187	1
18188	1
18189	1
18190	2
18191	1
18192	0
18193	1
18194	2
18195	1
18196	2
18197	2
18198	0
18199	1
18200	0
18201	0
18202	2
18203	1
18204	0
18205	2
18206	1
18207	1
18208	2
18209	0
18210	0
18211	0
18212	1
18213	2
18214	1
18215	2
18216	1
18217	2
18218	1
18219	0
18220	2
18221	0
18222	1
18223	2
18224	0
18225	0
18226	1
18227	1
18228	1
18229	1
18230	0
18231	1
18232	2
18233	1
18234	2
18235	1
18236	1
18237	1
18238	2
18239	1
18240	2
18241	2
18242	2
18243	1
18244	2
18245	2
18246	2
18247	2
18248	0
18249	2
18250	0
18251	1
18252	2
18253	2
18254	2
18255	1
18256	0
18257	2
18258	2
18259	2
18260	1
18261	1
18262	0
18263	1
18264	1
18265	2
18266	0
18267	2
18268	2
18269	0
18270	1
18271	1
18272	2
18273	1
18274	2
18275	1
18276	1
18277	0
18278	1
18279	1
18280	2
18281	2
18282	1
18283	1
18284	2
18285	2
18286	2
18287	2
18288	2
18289	1
18290	1
18291	2
18292	1
18293	1
18294	0
18295	2
18296	2
18297	1
18298	0
18299	2
18300	1
18301	1
18302	1
18303	2
18304	1
18305	1
18306	1
18307	0
18308	0
18309	0
18310	1
18311	1
18312	2
18313	1
18314	0
18315	1
18316	2
18317	2
18318	2
18319	2
18320	2
18321	2
18322	0
18323	2
18324	1
18325	2
18326	1
18327	2
18328	1
18329	0
18330	2
18331	2
18332	2
18333	1
18334	0
18335	1
18336	1
18337	2
18338	2
18339	2
18340	0
18341	1
18342	0
18343	1
18344	2
18345	1
18346	0
18347	1
18348	1
18349	2
18350	0
18351	1
18352	1
18353	2
18354	2
18355	0
18356	1
18357	1
18358	1
18359	1
18360	1
18361	2
18362	1
18363	1
18364	2
18365	0
18366	1
18367	0
18368	1
18369	0
18370	1
18371	0
18372	0
18373	2
18374	2
18375	2
18376	2
18377	2
18378	1
18379	2
18380	0
18381	0
18382	2
18383	2
18384	1
18385	2
18386	2
18387	2
18388	2
18389	1
18390	0
18391	2
18392	0
18393	1
18394	2
18395	1
18396	1
18397	0
18398	1
18399	0
18400	0
18401	0
18402	1
18403	1
18404	2
18405	2
18406	1
18407	2
18408	1
18409	1
18410	1
18411	1
18412	2
18413	2
18414	1
18415	2
18416	1
18417	1
18418	0
18419	1
18420	2
18421	1
18422	1
18423	0
18424	2
18425	1
18426	1
18427	2
18428	1
18429	1
18430	2
18431	2
18432	1
18433	2
18434	1
18435	0
18436	0
18437	1
18438	1
18439	0
18440	2
18441	2
18442	2
18443	2
18444	1
18445	1
18446	0
18447	2
18448	0
18449	1
18450	2
18451	1
18452	1
18453	0
18454	0
18455	2
18456	2
18457	0
18458	2
18459	1
18460	2
18461	0
18462	0
18463	0
18464	1
18465	1
18466	0
18467	0
18468	1
18469	2
18470	0
18471	2
18472	1
18473	0
18474	1
18475	1
18476	2
18477	1
18478	2
18479	0
18480	0
18481	0
18482	0
18483	1
18484	2
18485	1
18486	2
18487	2
18488	2
18489	2
18490	2
18491	2
18492	2
18493	2
18494	1
18495	1
18496	0
18497	1
18498	2
18499	1
18500	1
18501	1
18502	0
18503	2
18504	1
18505	2
18506	1
18507	0
18508	0
18509	0
18510	0
18511	1
18512	2
18513	1
18514	2
18515	2
18516	1
18517	2
18518	1
18519	1
18520	1
18521	1
18522	0
18523	2
18524	2
18525	0
18526	2
18527	1
18528	1
18529	1
18530	0
18531	0
18532	2
18533	1
18534	2
18535	0
18536	2
18537	2
18538	1
18539	2
18540	2
18541	1
18542	2
18543	0
18544	1
18545	2
18546	2
18547	2
18548	1
18549	1
18550	1
18551	2
18552	0
18553	0
18554	1
18555	2
18556	1
18557	1
18558	2
18559	2
18560	1
18561	0
18562	2
18563	2
18564	0
18565	2
18566	2
18567	2
18568	2
18569	2
18570	2
18571	2
18572	1
18573	0
18574	2
18575	1
18576	0
18577	1
18578	1
18579	1
18580	0
18581	1
18582	2
18583	2
18584	2
18585	2
18586	2
18587	1
18588	2
18589	2
18590	2
18591	0
18592	1
18593	2
18594	0
18595	2
18596	2
18597	1
18598	0
18599	0
18600	1
18601	2
18602	1
18603	2
18604	2
18605	0
18606	2
18607	2
18608	1
18609	2
18610	2
18611	2
18612	2
18613	0
18614	1
18615	0
18616	0
18617	2
18618	1
18619	2
18620	1
18621	1
18622	1
18623	1
18624	1
18625	2
18626	2
18627	1
18628	1
18629	2
18630	2
18631	2
18632	1
18633	1
18634	2
18635	2
18636	2
18637	0
18638	2
18639	0
18640	0
18641	1
18642	1
18643	0
18644	0
18645	2
18646	2
18647	1
18648	2
18649	1
18650	1
18651	2
18652	2
18653	0
18654	2
18655	2
18656	1
18657	2
18658	2
18659	1
18660	2
18661	2
18662	2
18663	2
18664	1
18665	2
18666	0
18667	0
18668	1
18669	1
18670	2
18671	2
18672	1
18673	2
18674	2
18675	0
18676	1
18677	2
18678	0
18679	1
18680	0
18681	1
18682	1
18683	2
18684	0
18685	2
18686	2
18687	0
18688	2
18689	1
18690	1
18691	1
18692	1
18693	2
18694	2
18695	1
18696	1
18697	2
18698	0
18699	0
18700	1
18701	1
18702	2
18703	2
18704	2
18705	2
18706	1
18707	2
18708	1
18709	1
18710	1
18711	1
18712	1
18713	1
18714	0
18715	2
18716	1
18717	2
18718	2
18719	2
18720	2
18721	2
18722	1
18723	2
18724	1
18725	0
18726	1
18727	2
18728	2
18729	2
18730	0
18731	0
18732	1
18733	2
18734	1
18735	2
18736	2
18737	1
18738	2
18739	2
18740	1
18741	1
18742	2
18743	2
18744	1
18745	2
18746	1
18747	1
18748	1
18749	1
18750	1
18751	1
18752	1
18753	0
18754	0
18755	0
18756	1
18757	2
18758	1
18759	1
18760	0
18761	2
18762	0
18763	1
18764	2
18765	0
18766	1
18767	1
18768	2
18769	2
18770	2
18771	1
18772	2
18773	1
18774	2
18775	0
18776	1
18777	1
18778	2
18779	0
18780	2
18781	0
18782	1
18783	2
18784	2
18785	2
18786	1
18787	0
18788	2
18789	1
18790	2
18791	2
18792	1
18793	1
18794	1
18795	0
18796	2
18797	1
18798	2
18799	0
18800	0
18801	2
18802	2
18803	0
18804	0
18805	2
18806	2
18807	1
18808	0
18809	1
18810	2
18811	0
18812	0
18813	0
18814	0
18815	2
18816	1
18817	2
18818	2
18819	1
18820	0
18821	0
18822	1
18823	1
18824	1
18825	1
18826	1
18827	2
18828	1
18829	1
18830	0
18831	2
18832	0
18833	2
18834	2
18835	1
18836	2
18837	1
18838	2
18839	1
18840	2
18841	0
18842	0
18843	1
18844	2
18845	0
18846	1
18847	1
18848	2
18849	2
18850	2
18851	1
18852	1
18853	0
18854	1
18855	2
18856	1
18857	0
18858	1
18859	2
18860	2
18861	1
18862	2
18863	1
18864	2
18865	2
18866	2
18867	2
18868	2
18869	1
18870	2
18871	2
18872	1
18873	2
18874	2
18875	2
18876	2
18877	1
18878	1
18879	1
18880	2
18881	2
18882	1
18883	1
18884	2
18885	1
18886	1
18887	1
18888	0
18889	1
18890	2
18891	1
18892	1
18893	1
18894	1
18895	2
18896	1
18897	2
18898	2
18899	1
18900	0
18901	1
18902	2
18903	2
18904	2
18905	1
18906	0
18907	0
18908	2
18909	2
18910	1
18911	0
18912	2
18913	2
18914	1
18915	2
18916	0
18917	2
18918	0
18919	2
18920	2
18921	1
18922	1
18923	0
18924	0
18925	2
18926	0
18927	0
18928	0
18929	2
18930	2
18931	0
18932	2
18933	0
18934	2
18935	1
18936	0
18937	1
18938	2
18939	1
18940	2
18941	2
18942	2
18943	1
18944	2
18945	2
18946	1
18947	1
18948	1
18949	2
18950	0
18951	1
18952	1
18953	2
18954	2
18955	0
18956	2
18957	0
18958	2
18959	2
18960	1
18961	2
18962	1
18963	2
18964	2
18965	2
18966	1
18967	2
18968	2
18969	1
18970	1
18971	2
18972	2
18973	2
18974	1
18975	1
18976	1
18977	1
18978	2
18979	2
18980	2
18981	0
18982	2
18983	1
18984	1
18985	2
18986	2
18987	0
18988	1
18989	2
18990	1
18991	2
18992	2
18993	1
18994	2
18995	1
18996	1
18997	1
18998	0
18999	1
19000	1
19001	2
19002	1
19003	2
19004	0
19005	2
19006	2
19007	2
19008	1
19009	1
19010	1
19011	2
19012	0
19013	2
19014	1
19015	2
19016	2
19017	1
19018	1
19019	2
19020	1
19021	2
19022	2
19023	1
19024	1
19025	2
19026	1
19027	1
19028	1
19029	0
19030	2
19031	0
19032	1
19033	2
19034	1
19035	1
19036	1
19037	2
19038	1
19039	1
19040	1
19041	1
19042	2
19043	1
19044	1
19045	1
19046	2
19047	2
19048	1
19049	1
19050	0
19051	1
19052	1
19053	1
19054	2
19055	2
19056	2
19057	1
19058	0
19059	1
19060	1
19061	1
19062	2
19063	1
19064	2
19065	0
19066	2
19067	1
19068	1
19069	2
19070	2
19071	0
19072	1
19073	1
19074	1
19075	1
19076	2
19077	2
19078	2
19079	2
19080	2
19081	2
19082	1
19083	2
19084	2
19085	1
19086	2
19087	0
19088	0
19089	2
19090	2
19091	2
19092	2
19093	0
19094	1
19095	2
19096	2
19097	1
19098	1
19099	2
19100	1
19101	1
19102	2
19103	0
19104	0
19105	2
19106	2
19107	1
19108	1
19109	2
19110	1
19111	0
19112	1
19113	0
19114	2
19115	2
19116	1
19117	2
19118	2
19119	1
19120	1
19121	2
19122	1
19123	1
19124	0
19125	0
19126	2
19127	1
19128	2
19129	0
19130	0
19131	2
19132	1
19133	1
19134	1
19135	2
19136	1
19137	0
19138	2
19139	2
19140	2
19141	0
19142	2
19143	2
19144	1
19145	1
19146	2
19147	0
19148	1
19149	1
19150	0
19151	1
19152	0
19153	2
19154	2
19155	1
19156	2
19157	2
19158	2
19159	1
19160	2
19161	1
19162	1
19163	1
19164	2
19165	2
19166	1
19167	1
19168	1
19169	1
19170	1
19171	1
19172	2
19173	1
19174	2
19175	0
19176	1
19177	2
19178	1
19179	1
19180	0
19181	2
19182	2
19183	1
19184	2
19185	2
19186	1
19187	2
19188	2
19189	0
19190	1
19191	1
19192	0
19193	2
19194	1
19195	2
19196	1
19197	0
19198	2
19199	1
19200	2
19201	2
19202	1
19203	2
19204	1
19205	1
19206	1
19207	0
19208	1
19209	2
19210	1
19211	2
19212	1
19213	1
19214	2
19215	2
19216	2
19217	0
19218	2
19219	2
19220	1
19221	2
19222	2
19223	2
19224	0
19225	0
19226	1
19227	2
19228	1
19229	1
19230	1
19231	2
19232	1
19233	1
19234	1
19235	1
19236	1
19237	2
19238	0
19239	2
19240	1
19241	0
19242	1
19243	2
19244	2
19245	1
19246	1
19247	2
19248	0
19249	2
19250	2
19251	2
19252	2
19253	1
19254	1
19255	1
19256	1
19257	2
19258	1
19259	2
19260	1
19261	2
19262	1
19263	1
19264	1
19265	1
19266	0
19267	0
19268	1
19269	1
19270	2
19271	1
19272	0
19273	1
19274	0
19275	2
19276	1
19277	2
19278	0
19279	1
19280	1
19281	1
19282	1
19283	0
19284	1
19285	2
19286	2
19287	1
19288	2
19289	0
19290	2
19291	1
19292	1
19293	2
19294	2
19295	2
19296	0
19297	2
19298	1
19299	1
19300	1
19301	0
19302	1
19303	1
19304	2
19305	1
19306	1
19307	1
19308	1
19309	0
19310	1
19311	0
19312	2
19313	1
19314	2
19315	1
19316	0
19317	2
19318	1
19319	1
19320	0
19321	2
19322	1
19323	2
19324	2
19325	2
19326	1
19327	2
19328	1
19329	1
19330	0
19331	1
19332	1
19333	0
19334	0
19335	1
19336	1
19337	0
19338	1
19339	1
19340	2
19341	1
19342	2
19343	2
19344	1
19345	2
19346	0
19347	2
19348	1
19349	2
19350	2
19351	0
19352	1
19353	1
19354	2
19355	1
19356	1
19357	2
19358	1
19359	1
19360	2
19361	2
19362	0
19363	2
19364	1
19365	1
19366	2
19367	2
19368	2
19369	0
19370	1
19371	0
19372	2
19373	2
19374	2
19375	1
19376	2
19377	0
19378	0
19379	2
19380	2
19381	1
19382	1
19383	0
19384	1
19385	1
19386	1
19387	2
19388	2
19389	0
19390	1
19391	2
19392	2
19393	1
19394	2
19395	1
19396	2
19397	2
19398	1
19399	0
19400	2
19401	1
19402	0
19403	2
19404	1
19405	2
19406	1
19407	1
19408	1
19409	0
19410	1
19411	0
19412	2
19413	2
19414	2
19415	1
19416	2
19417	1
19418	0
19419	1
19420	2
19421	2
19422	2
19423	1
19424	1
19425	0
19426	0
19427	2
19428	0
19429	0
19430	1
19431	0
19432	2
19433	1
19434	2
19435	1
19436	2
19437	0
19438	0
19439	0
19440	2
19441	1
19442	0
19443	0
19444	1
19445	2
19446	1
19447	2
19448	1
19449	1
19450	2
19451	0
19452	2
19453	2
19454	2
19455	2
19456	2
19457	1
19458	2
19459	1
19460	1
19461	0
19462	0
19463	2
19464	1
19465	2
19466	1
19467	0
19468	2
19469	1
19470	0
19471	2
19472	2
19473	0
19474	2
19475	2
19476	1
19477	1
19478	1
19479	1
19480	2
19481	1
19482	1
19483	1
19484	1
19485	2
19486	1
19487	2
19488	1
19489	2
19490	2
19491	1
19492	2
19493	0
19494	1
19495	0
19496	2
19497	0
19498	0
19499	2
19500	0
19501	2
19502	1
19503	0
19504	0
19505	0
19506	2
19507	2
19508	2
19509	0
19510	0
19511	0
19512	2
19513	1
19514	1
19515	1
19516	1
19517	2
19518	1
19519	1
19520	2
19521	0
19522	1
19523	1
19524	1
19525	2
19526	1
19527	2
19528	1
19529	1
19530	1
19531	2
19532	0
19533	1
19534	0
19535	2
19536	2
19537	2
19538	1
19539	2
19540	2
19541	2
19542	2
19543	2
19544	0
19545	2
19546	1
19547	2
19548	0
19549	1
19550	2
19551	1
19552	1
19553	0
19554	0
19555	2
19556	2
19557	2
19558	0
19559	1
19560	0
19561	1
19562	2
19563	0
19564	2
19565	0
19566	2
19567	1
19568	2
19569	1
19570	2
19571	0
19572	0
19573	1
19574	2
19575	1
19576	2
19577	2
19578	1
19579	2
19580	1
19581	0
19582	2
19583	1
19584	2
19585	2
19586	2
19587	1
19588	1
19589	1
19590	0
19591	2
19592	0
19593	2
19594	1
19595	2
19596	1
19597	1
19598	1
19599	0
19600	1
19601	1
19602	0
19603	1
19604	1
19605	0
19606	2
19607	2
19608	1
19609	1
19610	2
19611	1
19612	2
19613	1
19614	2
19615	2
19616	0
19617	2
19618	2
19619	1
19620	1
19621	0
19622	2
19623	2
19624	0
19625	2
19626	1
19627	2
19628	1
19629	1
19630	0
19631	2
19632	2
19633	1
19634	1
19635	0
19636	2
19637	1
19638	2
19639	1
19640	1
19641	1
19642	1
19643	2
19644	1
19645	1
19646	0
19647	2
19648	2
19649	2
19650	2
19651	1
19652	0
19653	2
19654	0
19655	2
19656	2
19657	1
19658	1
19659	2
19660	1
19661	0
19662	2
19663	0
19664	2
19665	2
19666	1
19667	1
19668	1
19669	2
19670	1
19671	2
19672	1
19673	1
19674	1
19675	2
19676	1
19677	0
19678	1
19679	1
19680	2
19681	1
19682	1
19683	2
19684	0
19685	1
19686	1
19687	1
19688	2
19689	0
19690	2
19691	1
19692	2
19693	0
19694	2
19695	2
19696	0
19697	0
19698	1
19699	1
19700	2
19701	2
19702	0
19703	2
19704	1
19705	2
19706	0
19707	0
19708	0
19709	1
19710	2
19711	1
19712	1
19713	2
19714	1
19715	0
19716	2
19717	2
