10817	18460
8070	3835
298	16725
8614	10897
9239	12702
19092	8353
381	10295
11668	12866
18907	17959
6947	19082
15370	3117
4685	18087
17985	16941
5387	1758
15741	13554
16275	19181
3701	4674
11026	19337
15414	5675
3113	9575
12087	10105
891	5256
1932	10581
17426	3657
18713	13863
15224	8295
13437	3799
2540	12240
18557	8172
6542	11829
16048	18932
12266	14616
6368	5512
13144	6352
9726	17232
19281	2512
3931	10135
3059	18050
1573	3808
17965	9358
18257	5592
8373	7293
7127	10969
25	12307
10610	9397
3298	4297
11261	1211
19520	10096
4817	7746
17744	11943
3582	12544
18521	16199
12145	17281
16050	1994
254	7344
18618	16164
13152	16776
6542	2561
8626	19148
13348	9140
2415	17905
14071	1485
19397	16628
14071	7750
10983	668
3923	13310
12012	3395
17715	1821
9011	5556
10057	16501
13096	3384
4098	1304
11670	6758
19682	14257
18040	12263
19281	8142
7597	9643
2602	6290
8593	13370
10057	3989
9322	8956
3116	5967
17511	7981
17537	8487
7084	16513
4725	2969
4442	8919
14425	3655
19183	12516
7823	6957
18131	4628
10409	5737
3774	10960
2066	155
15915	12128
6234	7562
4094	2374
19553	1603
12606	17971
13488	11390
17729	3402
18870	18764
19646	11363
13350	7118
11991	6010
17191	3001
4491	1922
2992	17529
12310	12702
13536	12280
19474	3052
15198	6943
6943	2895
2867	15215
18323	16529
3340	1498
7624	7771
9167	8259
16050	12224
18455	13221
10341	18855
17093	9295
3811	13486
19551	9801
3701	19118
6495	15428
4450	12265
18015	5337
4063	5636
13326	14860
6808	3454
6096	3835
2738	534
13678	843
324	9159
859	8398
3204	14742
11062	4383
8125	9812
9671	18277
5176	16713
4072	9012
9215	15201
16427	13390
17465	4723
14839	4065
14437	4213
5664	19587
1264	14783
7616	18046
9714	15774
12802	18268
1756	1518
18975	826
2505	8698
18699	14588
3056	8095
913	9462
19394	6075
17592	1972
18726	15917
61	11170
14815	3816
4031	1200
8150	239
16702	4625
15739	10622
15488	7325
9339	13575
8236	12666
8695	15491
5451	3943
13416	9144
6166	537
17797	7610
18387	16181
16440	8057
15813	3158
11771	17404
13460	8322
704	6713
1336	18311
2103	13988
5775	15067
7135	10029
17319	8083
7571	9687
2728	12962
4223	3731
16049	9167
3662	4088
636	13821
17006	859
4232	8394
5970	9149
8700	3923
10866	1994
6943	7482
1435	6898
3016	11038
17379	2796
6086	16794
11589	13579
5045	4476
15975	15078
6566	7238
19049	11277
13971	14223
12979	937
6943	4407
10426	5718
15519	8798
4223	9079
18921	4371
3933	9387
13295	13451
16575	16225
6437	17227
9938	3361
19611	16247
310	17012
11283	11851
7302	2009
6086	15993
5169	11046
6550	9944
2004	17903
18554	2866
11038	7785
17379	9641
18736	3302
7241	13854
19530	2878
1940	9602
3799	2046
4043	11442
14514	8212
12256	8499
1208	707
3926	14577
4167	9397
11078	13845
17739	18860
10985	1492
13212	2866
13060	5871
15194	17343
587	5277
87	10854
7058	633
19251	16131
10210	2995
18492	11528
7638	11645
3946	316
4032	17486
4100	6152
1745	19645
18788	1638
604	7019
5493	17340
3496	17436
14132	1101
17262	15562
1496	18584
15813	13928
10628	8050
8261	18396
3149	19222
11593	2504
17800	2290
8930	3438
2941	8222
8156	12975
4880	18054
14787	17477
7820	8421
8472	4899
13964	6957
16742	6446
16575	13206
1809	373
15012	10569
11263	1398
19	5560
5806	1563
2266	8292
9239	2354
2157	6299
6987	10095
15930	7898
15143	9016
6690	2452
12218	2035
5806	11296
17712	18820
19049	9220
2691	5204
13552	11782
5880	19199
17215	16704
14422	8698
7214	10356
9130	11061
8535	19651
7830	4249
6104	5352
16992	15697
18454	11520
11737	8549
5451	4232
1483	5467
5008	3405
18467	3774
19558	9839
1211	6303
776	995
12171	910
8635	17968
2228	3053
3618	316
18017	14439
2738	15204
18386	6227
7877	5531
5423	9214
5614	12914
17208	270
8929	6752
6096	3923
7672	19587
12500	5871
10831	10296
3859	7459
3714	415
6104	1622
10910	10885
15268	16562
18409	10166
4153	4612
15957	6465
1347	4644
17945	1227
18278	8717
15313	10957
14301	19224
9301	179
9548	19141
19688	8372
4260	4687
4885	9421
3062	648
14596	19540
17225	9477
8539	9992
7	15757
7617	1440
366	11656
16287	4238
2105	7186
19075	1745
11273	16036
2262	11393
15534	13789
7394	6716
3223	19639
12570	355
18554	19637
17005	9086
11798	15355
13089	7479
16021	9227
7422	1101
12570	3637
2631	734
3183	699
16516	9574
12389	12458
14406	4144
9692	5725
17942	10342
19019	5701
14080	14709
13869	18394
3169	4929
19579	689
17076	10210
2510	11382
1955	4833
4638	2821
11819	17013
17439	11678
14986	15417
17994	13567
11890	12604
11943	3125
12378	6385
15193	8179
12118	16704
14653	18464
15719	14725
17143	13791
12118	6159
3363	18434
19477	12785
758	12878
5880	1701
17772	14404
8683	10524
17517	9874
9781	10224
14071	11958
14086	7325
9660	12623
5014	18437
11224	1049
9760	12236
6539	8358
17069	11859
15406	7134
15244	16518
7259	8065
19587	15882
11498	19023
5355	9155
7053	9181
18595	9157
14328	19116
7858	15267
2885	19695
2421	9945
9263	7737
11314	11061
10912	4577
17205	12354
13024	15324
4072	19516
2033	16518
14880	15906
14774	7970
6542	18783
1273	15511
16165	17548
7093	3835
13683	3866
7852	14410
15315	12473
13659	1169
2680	2068
2027	8848
18312	268
7457	5052
18951	18521
3169	10370
5901	1799
12130	14047
1330	6811
8210	5038
13940	623
4094	5069
13727	12623
17017	2972
9305	7076
6728	6677
16300	13447
9312	16213
10807	13854
2423	2506
2103	4419
6278	12566
14815	9485
13727	316
4491	18671
14941	15488
2235	1196
15983	2699
8936	5873
12265	18824
16639	6273
16488	8106
11162	857
17762	16696
2519	17460
723	5642
16287	11300
786	13133
18357	12841
14855	8769
1204	14301
15588	3228
14435	2524
18921	10500
7081	14165
12152	16103
16079	18104
8929	10513
5231	12878
672	14423
13730	9917
18132	18246
16577	17803
16385	10087
18636	1453
14273	12252
16012	15545
9551	921
10123	11260
7920	10704
11400	16642
18823	4307
3934	8961
19305	5121
8488	12303
11333	16042
4732	8876
2802	1765
10527	4006
5981	6554
13460	13697
18333	3217
15335	13446
668	2046
16150	3329
10275	8585
17980	9997
3117	18740
19275	12157
9895	5724
7896	9629
7739	1882
17265	10026
1862	16250
11283	19659
10763	8941
5127	6957
1138	1093
17695	8245
10063	17252
2932	1621
17006	12747
14953	14695
9868	16825
19073	3039
2489	12819
15912	2616
16775	1225
15390	5897
1273	11630
15601	16574
17081	14019
6401	1277
3555	12487
13670	18512
13083	9859
11378	15602
2409	9846
9054	15774
12263	12596
9732	14476
2225	9842
15425	10918
2487	14380
1745	6352
19600	13857
5765	3716
15198	11691
1171	41
10983	2215
3650	10474
19247	917
14424	11074
12445	15159
17191	12926
4354	6268
5229	16514
6367	3806
3537	2060
8014	8505
17457	6721
15565	12739
1171	4527
15312	770
11922	15298
18755	19240
15356	14142
7697	9287
14083	4822
6063	17733
18014	1354
11754	18725
5902	7902
9720	14562
17846	1238
6759	4883
2385	10161
4527	11195
17722	5479
4526	6568
3169	3264
243	18691
11378	2046
410	16827
3368	9036
11593	3441
8990	10363
786	4605
13617	2074
17800	5072
3599	2682
10589	11559
5916	6811
18920	17485
3811	14600
16100	17419
12249	1815
188	15272
4160	6456
19104	626
14295	11048
6437	19034
14242	10573
1634	10250
19214	16900
12202	187
15784	14600
8041	6369
5641	10581
10733	7672
9957	7868
11668	5166
16526	3835
7296	12646
6437	16524
4053	7421
2738	7076
12828	12822
19400	4082
9120	12765
4880	8915
15817	16514
18403	17082
3854	7168
17994	2431
2013	3893
12044	18088
1273	15957
10763	19600
12245	19646
15335	19699
6443	9093
11833	16910
2738	13195
18132	11272
13971	4504
11386	11664
17627	6195
588	8267
18014	14235
8626	7857
15012	18846
14001	16635
3627	14494
18878	11782
8931	10185
9412	1101
17174	17905
14242	2472
16197	8210
5856	1021
15023	3896
2309	10854
11501	15574
1640	14404
6063	7130
13309	11924
1853	5963
6285	7638
18712	6971
16011	13987
19432	17517
3957	14796
12945	18114
19523	1226
18018	16651
10139	2930
8343	5170
836	14290
1734	8257
4699	13691
9084	10885
14437	16474
12720	4376
12386	19495
9941	5482
19251	16952
15564	15837
7873	2149
16984	19454
7602	8777
16426	2076
17930	16183
3931	13333
3952	6696
3016	12360
18755	6447
19251	8496
3756	19654
18819	16852
2353	1101
15905	14064
9042	12572
14922	3511
13555	12487
9131	11309
2621	15248
15416	13633
8692	3971
15950	13633
760	937
13826	7222
16086	7013
14280	4525
10410	7945
9788	10436
6690	18958
18356	16518
2919	15300
1970	7453
7033	14270
19520	5192
15193	10412
15187	5799
17991	7986
2071	12173
280	8307
10139	3237
13114	6943
4934	11556
435	8135
10222	10896
8350	17794
7217	14412
10014	11711
12378	5066
16090	12975
12991	12520
12067	12070
1013	15519
2621	15640
14941	16903
1408	12706
11616	18395
3209	17265
10959	9023
8989	16825
16048	1825
15265	2469
15511	11630
18524	6799
15224	9662
8392	19642
10610	12363
7071	4929
18613	18322
18921	8482
846	4725
18053	16582
16506	6864
4971	8996
17866	13904
11078	11842
7541	16218
4915	15708
6787	13477
16350	4681
18702	5360
19620	14618
3970	4170
4997	18323
713	17929
8894	5360
18597	18123
3169	9302
17486	14766
17642	17910
3464	6725
17439	9852
8893	3384
2909	7992
17698	16566
7535	2400
1264	4443
15616	9035
2584	10226
224	5537
13993	13203
786	19069
9235	15774
6340	15650
19403	13854
13152	16649
12497	18050
18544	5737
2768	1148
9383	5291
3140	184
1718	17180
6553	4832
5406	10285
7445	2766
2157	4902
15586	13727
8700	2353
17410	3669
3618	14864
14914	3021
17793	6667
15004	6893
68	14218
19080	14317
1181	4311
8635	12807
14810	1499
17471	4003
1441	16453
18899	13871
9235	9654
1711	1612
14295	10439
512	792
16384	10896
8626	17172
4021	1635
12053	6399
10774	2244
13506	782
6790	19391
17465	10035
18386	3835
173	8478
14424	18276
2444	9496
18588	5182
8683	9918
6437	4383
8488	11955
14522	8297
16148	13493
2885	14245
13024	19068
3627	6678
3756	13615
6728	19526
4443	6429
4780	6421
11506	17016
8156	11065
13555	3835
17157	3962
19551	13158
6783	15378
19214	726
2566	14613
3536	13322
17261	2131
18307	16433
149	7094
15356	3540
7769	1885
5465	6590
6007	3213
16020	1981
18542	19632
11283	13752
2621	6290
4045	11838
17627	16704
12227	8680
6257	6454
8846	17158
3701	11485
10875	9689
78	392
5734	5427
7044	8195
12925	515
9290	5302
2571	6165
14293	2629
5094	18115
17169	5998
6396	18575
5499	16781
620	2194
8373	3169
4450	4732
19275	14597
6566	18429
10733	15467
4527	4485
2605	11029
8070	15414
9628	4058
15950	2013
14280	174
16048	6000
4929	13189
5567	11759
939	13299
19079	16701
18332	6682
15616	17183
17745	18461
11580	5609
19631	843
12084	12640
6795	5849
11833	3456
11166	3989
16575	4376
8761	18297
4965	2420
757	7304
160	18297
15648	7420
10806	8800
18889	10821
15212	8079
18557	18359
9438	6217
4595	2253
17722	7227
9095	18271
3290	17112
12152	13426
17592	17723
4283	5860
12997	14504
2442	16449
18040	15282
15912	18285
17169	17879
3464	15837
4880	18824
12118	902
211	13370
8125	13939
12084	64
17191	9812
12149	12979
6408	16816
12971	18027
4971	19636
19713	2495
8000	10433
9273	14125
15511	14882
3711	7430
7624	18714
14815	1284
9322	14482
17762	18162
2157	14233
2758	5930
18268	7113
2930	4279
15397	13736
6463	12940
16592	15134
11162	7212
18018	10545
12986	4692
8158	441
15356	5633
5414	10168
2163	13052
14566	16572
15818	3518
1435	12953
18878	6519
13730	8721
5585	10567
17174	15125
7695	19080
9644	6464
14957	19698
877	3383
7885	9791
8931	7450
3662	12181
16056	14964
6550	134
15160	11583
2728	5342
19509	8647
1345	9115
12986	9654
8556	1646
9870	19270
5105	12981
19701	7202
10426	15875
3304	5122
3155	12216
2691	14429
10852	16391
224	2061
11146	10406
786	17539
7667	9323
11797	18821
19579	8599
11668	7076
2642	7775
604	4268
81	10470
14020	17521
8305	1682
14702	17844
19404	17072
2112	19089
16570	14562
8305	14597
14000	7163
16756	436
12925	6510
6753	8407
4818	10503
18608	571
8692	1909
6046	575
17621	18548
11425	8272
3615	10288
5135	13383
8251	8800
7029	4584
10733	4415
6085	17689
10807	5267
9767	2244
14664	18738
4096	14319
1995	18736
3116	769
7457	17212
19713	6599
5845	11850
16419	3719
8859	6439
12044	3685
17903	3116
8929	11423
4450	7323
16916	15628
13631	14936
435	1903
6530	187
408	16596
11378	6888
7645	1646
13777	12447
5381	4632
11911	4578
2113	11762
16378	19615
13560	9234
19338	6269
4259	12446
3920	7385
19477	16156
15356	16575
11319	5060
5845	19516
3926	1561
11728	12036
19073	12570
13458	15134
337	13071
12443	1334
12554	3613
3571	16550
9824	4899
16747	16263
10656	15336
16404	4873
10014	2323
3462	10980
12118	4726
6368	8719
3464	10810
7617	14117
8210	10029
19716	11359
14953	13655
7135	5955
7231	3506
16532	3835
4731	5331
12389	10658
3092	18273
17081	8823
16644	11913
16534	14213
18482	5102
405	12836
6178	8350
15867	14844
18688	1347
15758	6877
18980	19453
11911	3241
18568	12623
6814	5474
11795	17183
15813	10157
11608	7150
5108	2230
6040	1032
19423	5765
1225	5498
16265	3751
6463	16658
9577	4467
3425	19591
16743	497
8583	18305
16404	15326
17082	6818
2482	16793
1441	18277
3385	13193
14646	17748
1810	9836
17990	350
13400	16975
604	1397
16324	11962
19027	3656
2200	9502
12089	717
12118	16745
10884	15908
13669	14836
7411	16749
12986	19582
19275	13256
16089	19174
17797	3732
18975	16531
15971	2196
2520	2280
8553	437
2333	2769
5845	3305
4913	18751
19011	2656
12414	15950
15012	6688
298	15172
13221	13930
18179	12623
7712	5094
397	1701
10750	17736
18323	14345
5108	12295
3496	17829
11612	13396
3727	4043
8909	14810
3870	10650
1450	19222
15867	5926
9849	1106
17336	13310
16756	6411
6367	10189
18294	7108
9960	16167
15813	2290
1736	19183
5355	11199
8381	8297
19567	11369
11354	3371
8320	3779
4735	16396
1340	785
337	12164
11728	1480
949	11802
13043	18154
13006	18114
3774	18936
4687	5744
13661	4159
2180	10345
5784	18378
16197	19002
536	10983
9351	13081
12971	19467
7743	3383
16570	15837
9288	670
3316	12207
10014	18203
366	9214
15511	3230
17191	6001
19697	12804
7218	9571
11514	5907
17511	11741
3851	17093
4725	3911
5309	878
19011	11281
11945	5174
8519	5397
5981	13223
15212	18014
12258	5200
8320	751
6728	14791
11425	4325
6071	12063
2509	10528
5230	2244
19240	1498
577	16781
12653	1586
13978	18379
18410	5038
3056	19034
4798	17498
569	19312
18014	10732
15760	14639
19370	15501
9034	7923
842	3160
3657	1216
16403	16713
18667	7717
9801	6888
8909	16602
3902	16880
18472	11017
11926	8697
1301	2290
604	14864
17994	7013
19496	619
17040	18285
16750	17816
68	13174
8929	13295
19613	14256
7885	16145
5845	7200
13662	18603
18432	9697
2418	6235
16012	10627
9795	15229
1847	12900
1444	11206
14839	13642
1040	3886
7751	85
3093	7672
11807	9022
4443	1646
8140	7076
17093	9248
10124	13319
11413	5804
16239	17751
17490	1464
11535	4031
5499	11661
19223	7860
3557	10265
12878	16574
17361	10596
8512	8901
18978	13839
2489	10776
515	1564
2906	11645
14328	4977
15143	8853
465	8169
3039	10500
3762	17424
17604	12306
16200	15883
16756	18985
15271	12157
13599	6317
5663	6704
7457	17153
6417	14991
2325	14245
2093	929
5970	8038
7880	11584
12019	11496
3607	11322
5521	13854
4065	9476
9874	5534
7417	11842
3183	14793
6049	15688
19688	4936
19474	18806
3293	9098
17974	7076
3498	2820
3246	7899
14071	12429
19713	7277
12005	14096
15123	6739
12249	16988
6172	8941
18525	17105
10815	6103
11003	19512
18962	7793
5896	9893
11937	6719
19264	13309
11837	3525
13524	2438
19251	11306
15198	6768
18572	4634
1454	14813
1745	1909
10858	7672
17959	18828
13373	16049
18017	10680
4595	6342
3952	1288
17930	4229
7093	14330
9634	16453
8466	4895
17621	6652
8816	3001
5662	18764
4819	3233
16551	12695
12720	16422
8094	333
13096	2052
16488	8259
11670	11999
632	2981
11162	9316
1046	5904
15003	12228
11754	937
17744	6918
9657	302
18907	2103
4465	17304
12265	17067
9548	9132
14973	17222
13619	6384
16567	73
10665	5728
17846	4154
3138	11955
16200	4579
13998	11702
8730	4566
16575	13309
9084	10046
11013	3923
25	14178
2527	6237
19072	11216
7672	7076
704	1122
5451	18251
3630	14068
9078	2846
19640	13514
3880	6151
7063	18623
4817	3553
637	3646
14855	1369
4740	4929
6482	17833
17904	5838
11498	11260
8139	18409
18168	14929
10737	378
14427	9481
178	15785
17081	1646
2121	4887
375	2092
14415	14132
4863	13310
12013	4585
4121	15173
4499	8572
15194	5535
16791	14915
2334	15178
12102	16098
9720	3751
6417	19210
516	6529
11283	5100
6366	15017
15143	13396
11349	9157
25	18155
6394	2468
10374	1683
5299	6710
3952	2799
15264	6679
4934	18513
1444	6353
9990	14747
12119	15798
11498	9626
2121	14434
15422	3799
18432	7839
8539	17538
5919	12848
2831	9428
2113	17746
3661	6135
14073	18244
11261	5452
9720	2511
11270	520
602	18952
11268	1216
18381	7301
7617	18441
12019	7066
18608	2042
587	12700
7672	131
5763	18552
7445	12516
16345	5428
7310	11610
4858	10500
2768	1189
11795	4222
19432	1257
16648	19365
17244	1425
12377	9176
280	937
1945	4217
18479	12628
1013	14877
9907	8306
2506	19639
2611	1367
3920	1930
7480	9157
16567	18201
8541	5077
11921	19497
2826	12914
3448	14224
13359	10166
14855	16901
2027	11368
25	2046
6107	3992
1984	1799
16455	8135
7217	15439
17793	15267
786	13676
12742	10650
16510	5747
12585	14273
11283	17352
7748	17517
4658	3651
12576	2120
15212	10736
13631	9859
3211	16789
10538	8915
10520	16125
17482	6968
15221	14835
152	13854
8923	17082
8325	6728
5019	5038
8865	742
1444	6288
10170	18550
10511	15146
1718	8562
17208	2901
16526	11645
9634	390
63	17572
3902	13854
7494	8349
10734	12197
1800	19562
3412	3353
8062	12306
2766	8307
1970	5552
15076	2246
10269	13710
4657	4339
11496	7372
14328	7066
9793	12009
8280	2046
19251	16649
15120	15708
2118	3967
12053	14969
8123	3081
5406	9462
5633	12480
19611	9222
18857	17344
3650	12431
13555	6829
16677	6153
5573	15083
10875	16320
1143	13794
786	8199
11248	17913
10663	1156
1336	16455
15164	11644
2891	5261
3042	16855
14692	2208
4692	3835
17243	13854
3541	2562
15937	8302
17450	14705
9382	9224
5076	7280
14560	11044
8072	9462
15220	5386
6526	16529
3879	4927
17980	12298
11632	7735
16975	10327
7560	18057
17212	999
18970	5760
9458	6303
12378	2046
6821	14800
11706	16208
17006	7165
17061	1592
9123	4457
9485	5098
6367	316
4425	13580
15033	6649
18038	18416
6464	13854
15244	10048
5238	14620
9120	16320
3919	17338
11013	8963
13631	17700
16784	932
3933	6189
9425	9158
7828	14087
18410	10204
4480	10529
16702	5947
532	3849
8046	19672
19520	3438
3516	4208
15198	15777
8104	15445
786	3584
10763	14327
16063	11721
15587	14248
7	7076
18356	14310
12084	18936
13541	18844
19240	14058
19266	12282
19477	8723
14875	6017
14709	11164
6102	11204
11921	6729
4121	16224
12443	5176
3178	9712
2188	15618
9239	5560
10910	9375
2505	4691
5407	977
3774	11309
17627	2595
18543	4711
6550	16661
18409	5899
997	14786
408	9508
19404	2868
15813	7020
17604	8681
16049	368
3782	2548
14945	11059
1837	10207
15960	2600
12752	11044
13707	2748
3187	18438
12882	1211
8086	13604
4167	19137
7285	15349
5499	8438
10070	1992
3641	15148
13709	5027
2767	7326
3425	7672
1437	12849
786	7816
11803	11164
12732	8238
3646	9211
2705	17375
6401	11845
4725	14450
15223	19298
11009	10828
8614	4886
3483	802
786	6514
3624	11365
16500	5888
17903	12065
3274	18148
11387	18689
2983	7007
10275	18503
7097	14609
2444	14389
19460	4534
18608	236
18283	14712
13039	14209
971	5675
8859	12165
11991	16147
8821	797
12467	1041
5880	18983
11598	2046
587	2023
15511	3455
4740	2866
4510	17014
3363	14951
8614	3381
7920	3279
2587	13042
3209	3088
9720	5199
4587	12899
10081	12979
14699	17767
6312	14636
7375	16661
4658	11536
25	1701
13555	18252
3498	18253
10511	4292
2334	6316
1739	9035
3209	13687
16904	609
15719	45
4954	8915
10033	5333
3952	1828
16324	9496
11425	8133
3059	3841
18571	10414
10983	18706
17592	15460
9579	4483
6357	12913
7168	12862
11301	9302
19477	19526
4913	9811
2093	18020
13372	17093
16645	11780
18819	19645
17174	17787
15805	2298
8783	13813
3774	16453
11844	8697
7315	7027
18472	11810
15467	19542
5176	2282
1930	12666
7660	16460
5048	13028
2200	13120
8152	556
7423	1605
6293	1994
5788	17429
786	16834
11308	17517
2612	12485
18966	1238
10410	5360
11670	19406
5856	15183
12570	8800
8512	12919
3341	2064
11423	13567
3183	16182
1167	15708
16243	5961
4880	601
164	7007
13039	15190
18856	17025
25	19074
1171	5438
12042	11297
1339	6725
8662	18214
3678	6878
492	8465
6312	7630
14922	10931
1907	5360
12653	13325
11670	7970
9732	7794
18370	15591
11739	1123
19523	1655
1143	19365
15616	3608
18160	9323
12782	12782
17426	14472
12556	7451
1945	10725
4635	11831
19317	10876
1793	13487
16063	5666
2501	14464
7541	9462
13458	2415
874	18948
18228	17305
78	19511
17712	16843
3630	4830
11283	1924
16575	17212
7391	18943
14765	661
13405	11949
18736	5431
16742	13906
7214	14509
10170	10159
19079	17471
5126	3584
4880	6723
17225	316
5547	18629
16756	1257
6007	13604
1450	843
18074	18937
5366	4716
19526	5580
18878	15336
3511	13806
11421	17946
9557	2259
9425	11468
18467	649
239	6066
12204	130
7168	5672
1792	5732
7218	18099
15626	9260
4049	15551
126	11667
8078	16659
10669	2555
17046	9048
13578	17132
18557	2594
15180	8951
6437	6284
8790	2258
13056	17636
18442	7076
3932	1325
2916	19402
2608	4229
3551	13396
15901	17419
16049	17362
16178	18720
18608	4725
1537	10553
10842	10540
1995	13469
16086	14944
18266	2908
17743	2137
15960	12943
1634	11011
9238	7578
16931	17413
14962	15584
2418	18483
17457	2327
11794	645
4725	12383
17243	14240
15370	13244
15040	17183
15804	10274
17215	8079
17764	18331
17439	50
18436	18795
19369	18001
1099	19288
12523	13424
8497	10810
18736	13829
587	8080
9444	9699
18717	15262
13869	6227
2606	8789
3811	5360
8357	11123
17994	2215
17548	6765
8292	6893
5684	19600
3498	12620
4241	11370
17191	6448
7877	10982
9322	13149
397	16077
10763	16125
2351	12514
3016	14221
17695	2837
9548	18365
1847	15998
13069	11969
1739	19339
18411	18946
5780	3142
15212	13352
13228	3568
17621	8569
1800	16303
8929	11386
9078	7076
3390	16473
8041	18261
14777	5682
16339	19328
3859	2889
8104	13857
16779	11601
7445	11441
15338	699
18543	11026
7743	16705
4603	10724
5155	12559
9490	2092
18542	3479
14810	864
12311	2937
2033	2038
15180	16678
18571	14821
2992	4148
3828	18253
18856	18104
757	16518
15212	12197
17279	10941
3169	17284
12378	13558
1211	15815
16942	10023
14230	17997
2826	12623
18268	134
16532	2692
15511	614
15721	14992
19012	758
3701	6177
9641	4877
10663	9817
295	11260
11704	13710
12148	68
7922	18101
2418	10991
11737	6616
18410	2042
9095	15445
16346	1726
15760	12872
17069	14121
19205	10620
13740	17501
6718	13406
16441	12440
9644	843
15244	1504
6178	17480
17336	16483
16012	12316
4783	2917
8887	12640
2112	1909
14953	6404
2902	13625
1844	6188
5229	4727
13290	7412
8251	7280
10409	9945
6101	15366
15615	16872
2432	2721
19251	13376
9957	16714
18228	3143
8790	19709
17846	16035
12146	11790
13391	15137
11026	11848
6718	2982
5808	15099
5880	9766
3759	12264
13917	18473
2309	19045
4260	9969
10695	9684
7214	14418
4098	17782
7920	15444
5218	19660
310	2802
9788	18681
6101	2180
3715	3616
7739	4580
11166	10285
15648	16684
14102	11844
7214	19639
17214	4947
9660	16661
15813	16806
6437	4650
2992	6208
2691	7950
2814	1576
17846	13857
2680	3305
14694	1645
16916	4419
16090	61
8809	2552
2029	19646
12130	16147
19433	6537
17301	5737
3106	330
13540	7401
18856	7435
4656	16332
18432	999
2252	10812
6476	4923
10613	1354
18217	11584
8056	144
4016	7145
14289	8723
2851	10959
913	16965
12443	3376
17450	6996
15511	4987
11926	1925
3778	3597
5499	13197
8526	914
16677	9984
16346	16917
5678	14846
1397	6002
3475	2878
14513	16083
4798	12306
12387	14273
5948	12259
7660	18651
5451	653
6842	2358
7241	3149
14702	12800
8456	4750
3077	4287
8989	19199
10878	3960
2022	500
17396	2866
18624	16387
17093	5468
14740	1313
19080	1258
9870	1249
16784	8536
19214	4771
1496	16280
14882	4791
3479	19201
758	19078
3759	11903
15813	4308
15212	3029
587	4564
9613	11026
1664	8715
14880	2994
9939	2227
3620	1496
18966	13333
410	18762
14389	6919
5238	18656
5406	11074
13784	8653
6178	8380
15467	9279
16891	8027
14415	646
9428	15769
12845	5948
6363	11335
18110	13644
10091	14092
16532	8089
2461	7076
7920	9387
165	1514
17972	15017
713	2785
6198	16080
6553	12890
6402	15174
19	1898
5953	16574
2930	7980
9106	2102
15286	16550
15785	4661
10774	2597
1171	15995
7268	17631
10352	13224
5309	8159
16592	15456
12067	19034
2992	11261
2200	14392
10426	557
17141	8542
5094	6921
5567	7797
15467	8853
11162	7327
14311	18277
18542	15164
604	331
7243	17662
14213	1909
337	16565
9788	7947
19281	15330
11421	1628
11425	3597
3778	10885
1886	15966
14020	3111
16488	6896
2013	1004
5406	18107
3140	2981
4333	18423
8239	16636
8236	10596
11166	1196
165	6502
14219	15556
3785	8252
4230	11790
8593	13640
8239	7575
10656	13189
1810	9884
7698	348
10690	11061
17439	3923
12070	19034
5446	7400
14399	3774
10886	17418
5850	18699
1171	2363
15813	19594
13617	12926
569	137
12366	341
2916	2146
4232	5980
17889	4822
16437	1918
15047	1113
11943	16225
7217	17576
4499	12942
3727	592
3529	19011
4075	4658
14405	19023
7296	18215
16101	4677
12702	17816
12892	5197
7960	9076
11797	7374
2415	17771
4717	19427
3091	14029
8329	8724
12822	18478
2049	2685
1356	16159
9596	8415
3677	11707
11315	12482
10419	19178
2177	15272
397	6178
11433	11475
5791	7584
4043	3038
13893	6303
7159	13084
13428	16635
9801	19613
4526	3626
4591	14679
3096	6286
17111	13995
19026	4822
17972	5649
12389	7485
449	1234
19433	3603
12622	10430
9312	9053
14882	3303
11308	2114
6683	12690
5048	14301
13152	9426
16775	10742
12836	10008
5154	19144
12576	4783
1549	17587
13228	10580
8167	16988
14102	16373
6427	19597
15889	4588
1356	17972
5108	919
12720	4220
5595	17236
19281	2804
17191	3523
17897	6479
1435	7929
5108	9323
16142	5360
15212	19610
3537	14021
6728	5417
110	16777
12202	441
14480	17655
19558	15774
10649	12710
6368	4791
7405	13594
13131	12446
6563	14152
19329	16088
3919	5360
4426	9402
15446	10885
15198	16501
7616	1765
566	18291
10763	11442
9838	3714
13212	6658
9927	1619
19420	4908
15422	19222
16012	13306
11498	18131
2953	7478
2442	14756
6363	1765
8343	13453
6943	16156
13584	10166
13401	13854
814	7458
13684	15367
15212	2674
16780	11188
410	4639
814	5038
13083	7090
17082	1247
13978	12985
5633	977
1014	722
6096	17226
14230	19035
9233	18380
7592	9004
11758	113
7394	13532
3934	14433
18276	15456
18132	9872
7641	19023
16179	8992
2919	14751
8593	3302
13775	18225
18819	19497
11232	3447
4346	5310
7617	4986
18356	13577
7217	5052
15012	9114
11939	7253
6233	1929
8720	264
12714	18299
8859	15370
4219	7799
3418	5746
3824	12601
9781	5605
17965	14834
1844	15176
12202	12623
5171	6411
9636	2105
4426	11330
8236	18050
18792	158
18718	5034
14415	17093
16197	5566
14069	647
19713	15218
6861	9735
12556	977
8643	3179
18809	2937
17482	16213
4880	613
9901	9439
15200	6095
19073	8307
3025	8045
713	9818
9178	16095
18385	6168
15414	5229
10553	11579
13872	9917
9131	13112
13056	9480
3289	4155
3442	5799
16852	18432
6098	17333
3953	16026
10460	9621
19526	14111
147	17569
6513	10009
17023	15175
11829	19536
5739	1024
17254	10837
18688	4027
11315	6960
19209	19248
15971	4929
3675	19170
15388	18420
8305	16855
16597	3384
18929	10001
17762	11877
14803	18746
4094	4064
9412	15966
12013	6273
13290	17307
456	3572
19496	7565
17363	11045
7904	18518
4735	15806
15488	14980
16768	14954
13088	14033
7969	6460
18424	18809
11598	11926
17361	16456
10374	2014
4344	3534
19386	4083
11319	16647
2103	15856
3690	17365
16506	11070
18695	10964
10520	7961
8772	8487
7135	7179
6186	17673
17624	14881
17807	19698
8239	9662
8700	8307
17800	9158
1443	11640
566	2617
1204	8801
12868	6661
18975	14408
165	3839
13873	5261
5045	9641
7885	17070
6049	3709
1171	17314
1810	13241
14722	1194
10878	2252
7058	7325
10907	4719
12286	3720
18110	12314
17379	16328
19266	3508
13936	3878
19520	4336
2680	18311
5451	7986
7457	2806
651	13342
14287	12456
12149	112
3293	13602
19614	2214
16409	18060
2631	4418
17914	4439
3902	1021
6542	12367
17174	4285
18591	13175
17023	5564
13826	7928
4531	9026
17940	14394
2506	7470
8602	19537
11568	10135
18272	14686
4783	19542
10878	11835
16852	10934
13993	17781
2527	8593
4527	19521
5299	9787
5790	3005
2163	937
4074	6872
4971	18441
7560	12696
3426	7508
15930	18832
1099	17859
3293	9205
1711	9755
10774	13573
10366	333
11283	15396
13584	13520
11580	7670
10397	16225
15075	16279
19080	16220
1301	5994
7663	13221
14213	17396
8356	15369
1171	8677
2353	14838
1330	10489
1739	19307
1664	1617
5716	11831
2942	7829
17450	266
6530	5759
1099	17460
2514	13234
18543	19696
19520	2583
12118	9654
4913	16518
3324	788
6	13145
2519	14995
18608	5465
11301	6010
10204	1635
19281	7483
3859	12974
4340	16229
11616	18710
11980	17720
17038	11974
15076	13071
16665	1441
18482	2493
18294	7686
15813	8745
18074	8307
4354	11591
10950	7665
16265	313
3624	15262
11563	10631
10628	5876
7645	18669
668	3625
7880	10095
8894	19105
3311	10729
1952	11475
5311	3168
4605	11248
7617	2057
8831	18964
13675	1196
17762	8907
587	4845
2119	19423
13352	1663
19338	11942
16532	12701
11308	3314
16648	11103
18003	8855
12	2681
3326	12151
16784	11815
19455	5084
337	15444
3536	19394
8929	6206
10774	8165
9954	4712
9941	18203
14425	33
14132	11873
14855	13075
12378	19526
11419	16458
14060	16080
12854	15898
8818	9650
17181	15322
17082	6094
3662	12252
1362	5682
8929	17929
18417	937
6067	14994
18872	5263
18324	12667
4286	16515
6086	12961
3228	9888
17681	6517
11633	8159
10763	7924
4880	4725
14435	7258
188	14764
3620	10097
5423	8259
13251	1467
14353	10902
5848	10317
19125	8192
8158	18788
12637	3153
14948	3729
11844	16373
2409	19582
12592	4633
13232	18533
18736	16733
11635	17330
17244	8173
19061	18449
1240	15965
3426	8831
13337	8965
6394	17867
9343	1601
11425	19102
1104	16093
10564	6286
14903	18392
5953	3387
1886	1834
14217	19392
5154	2914
15265	439
252	14898
6417	1466
7680	4116
13631	6256
19420	15099
12698	5590
13295	13599
7592	6455
7231	16775
16316	1373
4725	6841
2177	2000
11514	11186
15315	12036
15511	14944
2243	11801
3498	1004
18360	19388
8103	13111
14682	6372
14683	11136
13617	6070
18276	11074
9312	3686
15356	17418
3293	4843
11698	1430
786	6756
3762	5931
5534	2413
15519	6637
11906	19048
14171	6759
7663	2226
16011	15711
15128	15154
2738	3832
3762	8348
18479	7180
4242	1537
16599	13554
18819	10249
19271	7143
9424	6227
8456	6636
10527	5003
18480	7656
11554	16527
17512	12306
9485	11420
7391	3980
15508	17903
19520	17008
19701	444
15209	12731
16021	18246
11631	13521
16499	8985
4858	6943
18233	12307
8580	10183
17800	14766
14709	11109
4443	2438
14219	17968
3396	14155
6312	11207
2442	18533
3586	7576
8261	9031
13672	11611
8846	3059
11816	1230
4422	17057
713	2046
14273	17350
4153	4657
10576	11407
17762	18114
258	2928
4173	11303
5708	19242
6464	6386
10014	2866
11673	937
3851	1981
16021	14092
8738	12795
375	10091
8497	5360
1739	8169
13971	6851
6795	18293
5981	10284
9616	7508
12854	10970
19313	321
12991	9178
3039	11969
3701	13931
15562	18710
7217	13530
13524	2937
8125	1270
16049	6227
4817	385
7405	14482
10559	13144
12258	10885
4153	9696
258	9201
5958	2709
18706	8723
15615	18311
2188	2226
516	4702
10809	14521
2540	4000
13893	11999
11743	2469
1356	13695
4160	13172
2337	9626
11043	16575
7889	13098
17994	13114
17815	2205
3498	356
13869	1193
15366	3931
1855	9479
251	18720
11844	5472
11632	2406
867	16518
1831	14798
3150	18459
2385	9810
18199	4258
8201	4528
9969	5660
1496	11067
4286	14043
1678	575
7739	15261
14406	18191
8929	10983
6293	10889
8239	6294
6513	8236
15542	5304
10170	7197
7422	374
119	15625
651	3293
4025	17121
5737	19246
13678	3109
12286	14939
12714	19222
11840	13142
6865	7988
1186	18171
9617	13081
19530	11261
886	15864
10929	5876
9990	17100
2228	5164
12643	13593
1184	6899
14587	16414
18913	6371
11248	12215
9962	7381
7441	14164
15565	1855
4078	10524
2353	19639
15464	18068
6312	503
3163	18533
2002	1989
13753	18276
1345	5615
15416	9093
6278	17494
2693	9719
604	19288
7081	18512
12084	19073
2461	9654
19382	19123
16425	11760
7978	16451
18572	8135
3988	10339
11670	11378
16747	2102
4784	9503
8930	1572
10043	2053
2177	19587
7467	2734
6068	18824
9015	11417
2505	19646
10520	5363
16346	19415
19713	9173
7667	2230
18074	6742
17093	15870
5132	15445
2606	8129
14273	15414
14399	5581
558	14731
14646	8144
9321	11128
6311	10264
13495	7061
8597	13008
17261	7574
7053	16184
8086	11123
17143	8802
6468	19642
17645	14390
12156	4969
4074	2565
11162	12301
4271	12096
2093	6010
4072	18974
243	358
7100	6658
5674	1225
10733	16518
8381	17058
5086	8191
9130	14291
14097	2338
17541	7815
15446	15893
13628	5705
11026	1107
12084	8963
2705	16271
3477	1932
12399	15065
2514	3906
19587	16518
14599	4155
3363	9599
15370	4791
19474	2679
1225	8717
14746	4444
18328	13694
13024	10903
18792	19401
8103	9158
3582	8558
4817	823
14945	6830
5678	3657
18360	15438
8373	2921
19249	18925
15937	297
11635	10592
4121	13498
5788	18947
16534	13927
2802	3859
17695	9542
10852	10186
17100	283
7451	6658
3183	16518
8156	19479
15188	10863
1321	16165
13089	18503
7451	5899
13854	6803
9660	4443
17809	19174
19026	18521
3412	5333
10910	5821
3551	1073
119	17979
1651	11524
8013	17268
16283	15774
13354	12292
16111	10424
1789	5492
566	16981
14742	4423
7428	19070
7712	1566
12540	4280
11797	4906
10222	1904
16665	18277
12249	8729
14624	11487
15856	4590
11568	14404
11211	14355
19251	3786
8387	7246
3096	8271
4499	4640
8805	8144
7617	9261
9042	19383
3293	9761
19587	131
11973	17235
11568	937
3627	3305
11162	12632
77	16334
17661	1571
5092	4105
8929	6306
12258	7076
15511	9418
9131	13411
7	14143
5916	7921
16090	9191
12821	16680
384	1827
7830	652
9365	12037
410	10219
574	9863
9383	18316
14043	9093
6753	14511
9634	11301
1600	2706
13246	14217
5879	7578
1965	11248
8736	9503
9957	18774
15888	1373
1066	2115
3340	4791
13657	7680
16904	12312
899	19090
16577	4294
16567	6957
8626	9053
9962	5290
1884	19117
13174	15738
5674	7155
18432	11063
587	4430
12712	3289
18907	8477
11085	10999
14742	7511
10778	4312
2104	12431
4170	7329
11670	6912
10774	7791
19162	937
3959	19670
17811	10469
1984	7949
2334	3489
19523	11192
14274	13529
17373	12103
8790	3013
6738	11868
9726	13075
7391	1710
8441	9030
17762	211
5806	518
12084	9158
15813	19341
1736	7835
17023	15804
1458	16080
7217	16846
15950	10596
11638	17235
11668	13098
8140	17588
5445	3414
14011	9715
7969	7680
1443	16893
14774	8914
11980	3151
13560	5548
18976	13857
18038	4120
2188	5003
4142	770
5197	18755
19019	14760
9499	6871
13400	817
3902	11425
2584	8887
2309	13136
9806	13767
2105	15870
7617	13495
8802	7076
19100	9967
2157	2505
18907	13366
18417	7450
16644	14817
6366	9194
6468	10889
11013	17003
15719	10017
18040	806
4410	4546
2540	9186
12	6383
16345	15196
1721	18958
11166	7953
16350	10889
7569	11349
7563	2769
14953	18601
16346	5040
10222	17195
11123	6921
1634	406
178	11123
15212	4806
6566	3400
5324	2046
13978	3160
7680	13239
9258	3634
1345	12643
310	13680
2598	10639
8868	17337
1156	10292
19613	14111
17974	15837
4687	4483
1264	11645
15422	18246
9258	15072
15759	5664
6671	18109
3618	12623
18636	1862
1303	14679
16142	8190
15888	139
14069	15604
1490	14182
16791	9581
14490	6786
8913	251
15354	9834
8069	2618
16197	4658
14950	17099
18283	13874
15666	1075
18740	6888
8261	1606
3879	11
17985	4175
18615	10426
7751	13734
18110	19285
17704	13359
1253	4283
15586	7949
2969	785
17772	1909
2157	8057
18410	6893
2112	8856
13134	13666
7445	1910
17511	7607
11308	7143
16021	1366
2013	6152
18677	7108
12388	12400
15889	17815
604	13326
19322	13517
2027	14108
14587	11365
7296	4188
13878	2909
17006	2700
12556	760
10690	9036
3240	11894
3293	10912
7885	6447
5096	134
11771	9964
164	17946
3092	10244
8086	70
8715	4078
15212	7058
7217	13309
8261	12452
12703	10235
12218	11017
18497	6732
16427	5472
1345	1239
17212	7851
2350	208
5808	9921
15422	1193
4915	3472
8692	14838
13221	9503
10619	14031
8195	9323
5784	11280
15025	10231
3140	1368
2013	13633
9940	9979
12888	5162
8556	18315
15950	3413
11970	4656
9917	9227
1837	16924
16851	2196
5108	17460
7969	10345
2028	19347
1677	6185
7411	13303
6368	2385
15198	16402
4687	11442
7029	6515
12149	7450
8929	4116
4971	3148
10695	1132
19614	726
11211	11747
8373	2390
1944	4495
18637	9797
19194	17768
4340	10201
19565	17097
19460	19639
18866	9795
13936	7381
5848	15225
18840	8698
1435	15708
8006	8221
11333	11142
6236	3957
11387	12116
165	19283
7918	17936
366	6310
875	8212
1496	2970
10886	5730
18819	3058
16881	8317
18046	274
15975	12157
3711	662
8425	17553
10763	4665
2463	11876
18467	12224
13152	4005
4985	12697
10838	3744
15813	8653
13350	1679
2487	4105
5324	735
18278	5986
5781	8304
2584	17937
1266	1211
16243	15961
3902	170
1216	17460
7375	12914
16791	5725
8512	3610
10315	18458
11826	8469
3715	14489
18305	15505
18021	11969
4065	4790
2997	12170
3140	17581
16180	9380
5678	17426
14213	8371
786	4242
19523	10008
14314	17599
5737	12809
14514	1605
15011	4704
19050	1456
13839	7717
5901	4031
713	2940
14091	19437
19690	6871
15889	10835
13669	9203
10595	12968
18599	2343
6795	3896
4153	1338
17111	12520
3039	18800
14296	256
6795	19074
738	10937
8539	14562
6646	17191
13228	19142
15012	17582
14311	14540
8929	17771
2650	10114
13792	10950
10033	7066
4585	9873
11911	2492
9118	8630
3442	18717
11525	18597
12386	5486
18819	370
17529	16080
2177	15767
11926	2370
15576	6590
15631	14743
13477	6883
5987	10576
9393	18142
10809	16571
2606	13985
1683	9652
5158	4831
16750	470
15741	2317
10091	15414
12523	13167
6096	6937
9720	7779
17174	5772
6233	4143
7943	14260
11670	3185
16399	11857
8140	7888
11862	8306
15626	522
4699	998
17130	10563
14962	18098
7889	18026
588	8731
10656	13825
18856	1101
15565	5793
7616	1542
18424	18234
5485	4862
19464	2237
5806	1607
8626	7630
5154	2311
14903	2893
6198	6957
188	9
4587	17107
4997	17517
15366	2866
1143	15090
16179	17641
8626	12599
3662	5481
13661	15745
17088	8811
8821	8666
14314	13045
6442	4827
2423	12062
16243	1703
18602	5934
16079	9888
2997	17698
10817	10646
5381	1619
18458	15136
11925	518
5542	3228
1634	18512
830	15375
11333	14371
14325	7699
16665	14256
8046	12929
5247	16627
15967	7451
5299	18054
2470	16301
14049	6936
12878	12382
12149	3911
11819	4149
5108	5605
11225	10912
3564	4239
15564	3360
2119	17744
6040	2259
13333	5039
14914	11331
3727	11471
2983	15382
1392	5294
4880	10500
8212	11741
14406	3013
6683	9253
14043	12666
8529	1354
16931	4648
4393	9026
10733	847
11330	18244
17187	8904
5779	15735
13524	16480
9339	19170
3879	2289
9758	19009
8357	7131
6071	15214
7315	5989
5029	4999
11795	3608
14505	5443
7141	4646
16821	12318
11003	1817
11400	1195
4731	7366
5998	13974
15629	1877
17678	1065
13784	13780
12	11488
7751	9667
11038	16026
9849	14714
5845	13697
16555	11717
6068	13100
2728	17648
11670	2290
5995	10571
17082	7689
19305	6631
13753	6867
15950	3279
7274	12884
10366	597
4032	999
17157	16952
13936	12669
719	14218
6566	2179
14001	6817
7141	17879
2418	5354
5776	18949
17208	4284
3150	15549
11168	10093
16992	13529
12948	7062
5126	10314
18361	12520
2769	14253
5108	13515
12263	16710
25	2610
3662	5389
4585	7234
16644	5265
4658	15929
1138	6362
12882	3058
15899	11387
3092	8977
3194	9323
2953	675
18354	16347
3093	8681
16197	15159
18664	17587
16020	2042
15370	18432
15356	2180
6790	15753
15271	7779
16089	3657
1462	6533
5445	15070
5864	15719
5108	7076
19277	3609
18819	4000
8929	14670
19386	529
12517	19462
12477	1429
11632	3951
9618	18539
11598	8066
165	9526
1714	14835
11844	2216
2096	1499
891	12400
1634	5960
14933	14998
15949	1680
2992	1235
14855	13978
2664	10036
4765	6759
8001	15151
19281	1210
18966	6677
6357	3850
14043	3279
12772	16441
13212	4625
9905	12891
17713	12306
8244	17193
3464	7673
19611	17991
19275	15837
12149	12307
12155	12900
17191	3041
12854	7145
6852	7106
17809	13978
6697	15294
2022	3674
18132	586
14071	15001
2831	5770
6323	18966
3759	12496
17695	9809
16050	13072
2814	10632
566	7803
18557	7538
4499	5164
18370	8629
164	13884
13961	15262
14102	19179
5132	8132
11498	17212
19408	10504
16101	5909
160	17801
10081	17544
16011	15381
3289	15568
12933	16705
2391	15708
1837	19368
8356	15529
15818	10402
17770	5038
14957	19639
1040	1800
8636	7076
14287	14623
15616	19676
1793	13011
2664	9355
16441	2969
12175	4324
6943	4116
3341	14580
13536	6217
17745	16306
4451	10925
19011	18958
12782	1594
6313	1191
1366	301
11123	9158
12997	7785
18636	18223
5605	591
10974	18805
7641	5730
2519	15481
14243	17672
19474	10885
5808	1144
4426	13318
17082	13742
17023	5295
384	6159
814	11441
3187	9952
10644	4843
6488	1618
17942	18153
13033	8063
10070	18
17082	9888
1186	8207
4072	3213
13337	13332
6999	10500
10526	8225
7058	15521
4798	10787
7270	12306
12453	13986
9733	2620
4560	8528
13069	15815
11327	16703
15170	3835
4658	17578
9418	9626
19640	16722
7922	5392
6972	3055
7751	10980
9472	19037
6084	8746
18312	13081
18059	16512
15949	10356
15212	5215
7876	14446
7712	8963
8730	2401
6659	16035
15741	15282
19697	4656
15377	1882
2605	2327
8392	11039
12701	7710
3999	4007
1356	10272
2693	6277
2188	16199
8251	1703
11645	10292
9190	10288
17807	18203
11635	8067
12245	1422
8526	14825
6056	11446
13971	16435
3902	4647
11496	3039
1940	16165
6722	8700
13777	8091
18832	2329
2885	6683
7597	15825
14301	3123
7007	2114
19164	11684
16665	9252
4798	15965
5387	18153
4803	11412
10774	8205
19509	16878
15271	18349
3529	16835
18417	14838
10933	10700
18110	11011
786	18989
14303	31
9239	2041
2930	11509
4094	8841
1793	17953
4480	4723
3240	19381
9714	2994
1695	5003
13872	3835
9758	2698
3675	5477
15760	13
630	8462
14408	12265
5282	2288
16682	5039
11970	17623
18910	7576
1040	3034
7097	13781
8692	5273
3774	10004
1458	5924
18110	15776
6323	7223
3677	6269
18333	11260
14619	93
18110	14545
16427	1498
12581	14930
704	1644
14001	10765
15733	16093
13316	13504
16086	16165
577	13012
8929	14241
12821	7706
10185	7155
14071	18122
15681	802
14000	11802
5126	16762
16426	575
16951	3036
12326	13948
7877	15247
18608	12194
11009	1382
10886	4468
1336	16057
13755	16855
12388	18962
2309	13825
4954	7381
1156	14250
18053	8936
13936	15933
19098	5624
16745	10312
11939	18719
2635	7952
2800	4783
15765	15203
5096	15376
4854	17561
2826	4181
8071	10631
6104	17687
8441	17846
9657	17631
17957	13227
1721	11709
3311	15606
5324	6766
1655	6501
10734	11334
3183	16848
10910	13076
8094	6773
14490	19066
8551	17939
9485	11029
17985	686
8514	3095
11980	14171
2505	12831
13295	12889
16260	1338
16551	4106
3557	12900
5896	12133
3483	5579
17579	5219
5684	14404
13043	8212
11077	4977
411	8919
19073	12240
9579	19637
16293	3082
8072	7013
1289	2547
4038	6130
10070	7022
8978	17026
17439	4869
2631	9674
5520	16217
15147	5572
6513	16127
15950	16093
10767	1561
3274	16883
3412	6590
1046	10492
16096	14715
16403	19187
12130	4445
10679	791
14682	3596
8138	17163
6882	5665
11580	4146
11373	17929
16254	8230
19376	12949
11679	18158
12500	12694
10751	13774
15511	6182
8239	4754
877	15692
2013	1363
8715	15500
13131	941
3923	11150
10366	9984
8816	13069
2027	9487
8456	17228
19525	869
12628	18787
16197	5038
13631	4790
7135	6742
188	15
6178	6795
7667	3156
13458	15203
5406	11391
18132	6227
2566	6250
12575	342
10086	17567
12986	8022
10067	13590
12130	9122
8626	11463
7889	16405
18980	16280
2334	9131
13775	19486
8102	11411
18312	17979
4687	7839
17181	17126
3183	597
18553	4452
19553	5929
18354	10034
4638	2369
18436	19462
16335	11873
8371	9801
15813	19127
18110	11310
4009	6496
17994	12388
11224	8768
7641	10586
8456	5675
8622	4829
18425	16050
16881	9387
16176	4275
1186	14400
165	15182
3999	13633
2885	13640
10455	14864
9054	13370
16567	7435
12038	15232
2325	15708
16197	11369
14957	4740
8233	14271
10690	6871
13560	5200
2768	770
8219	5639
18658	14076
2004	8742
12390	16892
2177	5699
604	11031
14213	19613
16086	16223
867	8681
11970	15067
8538	7332
4142	15242
15761	2066
17729	16146
8894	2924
17889	7663
1677	7642
3647	9070
15245	12975
18595	4970
14957	5665
16086	2215
5067	427
17471	18518
6821	11667
18424	1422
4165	2528
17857	16754
4827	17127
16090	5437
788	9418
558	3976
5874	14030
1356	8115
17743	1360
7374	7986
18333	18541
9365	13114
6094	11550
13230	12103
1855	8057
19015	133
19072	15742
12145	5177
6020	16881
19640	12402
2606	5217
5880	3250
931	19497
18268	11111
2621	11227
11632	18782
16931	6957
12945	211
8280	9132
14566	9851
6500	16184
11270	1002
5585	19547
12204	2422
19015	8718
2723	17258
17076	16820
9242	3751
12467	8358
2237	7447
8909	8259
13241	19657
18387	13854
14174	4740
7858	4814
8071	8015
8929	14944
3304	4822
19011	16613
3248	13174
569	6139
6487	15445
7146	5823
8692	9032
16455	9281
1266	5452
8802	7785
18615	2245
15045	1179
8140	8084
12118	7286
8488	11666
12979	6818
2186	2164
4880	9215
14001	1646
5633	3001
5708	3967
3872	6395
3618	4443
2602	8788
9075	5497
2423	12347
17364	13664
13524	7477
1537	2222
18755	14350
9382	16892
7943	18567
11419	3815
17946	19646
12386	3594
17040	3603
18312	14573
2489	16440
7	18676
19420	17931
12979	3060
10734	13376
10520	19704
7241	3683
14810	6550
405	6010
5919	7097
14664	8033
13016	832
1289	2298
12445	18278
19614	10657
4472	9553
18655	10738
14746	15237
18017	11101
13795	16518
17191	7439
15696	19143
10170	13717
7697	8211
12635	19507
2119	10331
4766	8709
19444	14527
1521	13974
4672	2347
10856	18113
1264	3835
3582	6350
6155	16174
19255	17905
14924	4522
17457	5496
12669	4734
5218	10
14043	15444
16380	1814
3516	5409
19600	12431
16011	12568
14060	12316
354	4938
16089	14402
4958	13819
6186	4108
8441	13857
10824	8367
18310	6538
10275	1663
9938	10289
12225	12315
10378	6305
13460	1526
12689	11260
12286	1344
2738	9108
12653	13168
8497	1306
17945	109
668	1479
4259	1266
9383	13921
3163	3859
4658	11441
2192	1594
17761	17417
15207	1374
13869	16585
1301	7123
18341	3310
18544	11340
2678	18683
12156	12465
1427	6933
10222	806
14701	13962
210	12498
17229	15744
7885	10442
11437	9989
5605	7325
14252	7252
15716	1909
790	2297
16532	10239
1307	3011
15949	1407
10933	1381
13669	4908
2536	5581
19281	3718
4142	8962
5775	11842
9726	12707
9878	19174
14683	1397
7014	14010
5411	5914
1984	7058
18168	2348
9106	3502
10817	17563
11373	5295
577	10585
8662	19698
16063	11982
14425	5235
11009	10776
6313	9140
11706	16632
18624	3045
12689	16974
11162	4859
13607	18758
18784	2938
10974	7672
18425	19616
10511	9182
11973	13860
12918	6092
11770	6227
17081	18458
1718	12498
15356	6440
8744	13700
12862	6010
13326	19545
19267	11375
13083	6096
16425	8043
17143	3464
4075	10997
16427	516
10842	15283
1913	16944
4433	9654
2049	785
4717	16701
6102	13263
713	5818
11027	5605
14505	6431
8109	9614
7217	16057
165	11231
4038	17721
9941	8793
8305	7176
997	343
16992	7609
14903	1065
17301	16809
18411	7672
10806	8379
12868	8430
14857	5838
1458	5972
14314	15997
3920	9380
15784	18967
2119	18459
8325	3896
17946	8321
2797	5725
19600	1211
6202	11444
16230	15774
15888	14063
9034	11048
6640	19292
4241	15621
8458	13378
17627	19659
17443	9437
4819	13333
19353	14728
12175	15204
2113	9925
298	7121
19281	12348
4094	11780
9233	11195
13251	13692
17073	17850
713	11278
8070	3700
3025	5645
4185	3757
6368	13847
5988	9018
5806	15627
19584	12903
5485	17488
6417	16719
16324	17089
18458	6144
3418	8010
11285	666
17112	5360
17545	8974
7109	8151
14045	14983
17678	13057
7058	13245
5970	11785
17522	13724
8583	12548
18270	16837
7	11528
15774	11220
7464	15481
7899	14159
2188	15063
15370	9158
1634	6009
4395	4589
1146	8594
17112	18958
7351	6125
9425	18416
10134	9483
19403	9601
13290	15172
13506	6172
5493	1394
1792	15692
14957	6010
1066	15730
12879	11248
6007	19032
7995	7779
17743	2114
9868	12264
14941	3740
7024	7047
377	3977
9551	14942
8351	2769
13284	9800
767	15763
3385	3807
11033	13972
18533	8858
8125	5633
786	19317
12137	3061
10718	19588
1789	19639
5848	1765
12399	7019
19520	12126
16090	10784
1417	9121
16178	15571
10589	8577
5090	6006
11683	13279
2930	1472
12245	1855
14399	937
11413	5199
8002	10116
298	12829
15270	15085
10331	16318
14692	2168
11737	7188
602	7696
15414	1493
3392	6371
17770	15659
2767	5493
7097	18348
9634	9158
5299	2697
1013	7333
2391	13892
1156	4347
14807	2173
8142	16978
10783	5498
11891	10914
19012	15678
3517	6192
9300	11950
14071	9924
13418	19151
9339	4265
16896	18405
2738	5815
7302	16845
11632	2827
1059	1389
13191	3611
3828	6364
6476	12174
15156	17487
18228	9470
6257	6602
9015	12486
17082	7450
9821	3384
937	6303
11540	13471
867	15708
5847	15880
2810	13236
7568	17500
3431	4752
9536	5596
15813	5051
3647	4688
16821	11157
2051	16660
4977	4625
10734	13692
18899	5684
1184	11603
5995	7076
9551	5941
8805	11100
8929	10504
2766	11999
10367	16815
11317	3835
5216	11882
2188	2599
1521	2788
5176	1334
16052	18313
19526	14869
985	3550
16399	10992
1678	8887
11970	1363
12137	2005
786	5825
19267	18699
7081	18989
8636	19490
7969	937
11043	18403
2680	3055
5734	11063
19255	10983
14922	13075
714	5867
1138	12013
13138	10509
5633	7168
19525	10057
12258	6940
16287	2869
8715	17959
672	3107
14337	16431
5547	6803
3657	12485
18492	12179
10815	11218
4740	4000
3341	18285
1661	5442
15139	2417
3870	10451
13239	13584
2554	4079
13877	14713
756	13494
5109	6364
12296	12609
17945	2779
2942	19308
13382	4767
6554	16004
9190	8787
13704	1374
11433	8621
165	17172
1272	4774
3092	4658
8370	14480
17989	6695
3113	2129
5880	2905
15819	10166
6305	7945
17040	9719
19106	14273
4692	16661
9705	16795
15039	16518
19084	17489
8873	3835
15212	10120
2680	17786
15512	9149
1634	474
14011	265
2753	2612
7391	4279
18597	5468
7375	2611
3931	12640
1847	12305
3154	4466
9167	2438
12534	10473
2119	18597
17904	5980
5229	1093
1940	17875
2635	14648
4666	701
165	10618
4426	11012
18383	4642
18713	17898
18131	2477
9444	302
18482	9913
14174	17160
10829	7160
3425	7379
18179	18651
6566	7465
2200	7980
10755	7023
3140	934
18554	16852
6067	12520
397	1566
2509	9740
13232	15161
9167	864
3879	11984
13607	15141
19496	8118
5653	12622
10525	2804
15813	629
10748	7593
188	2504
6728	4725
8305	4649
17174	5276
17088	4367
11930	18324
5228	8515
17410	4073
19551	5468
7624	10762
9532	9082
18791	18778
15316	6930
15975	2583
8305	16168
5730	10894
16534	2370
569	11164
15128	1904
4527	8434
2728	14591
16780	9876
4343	15141
15012	7576
18658	16518
5247	12636
18966	17383
4293	8063
4450	13011
8488	19365
18307	16453
795	12232
14325	15376
14422	2329
11728	137
11146	1177
17678	13174
9305	1045
3778	7928
4604	19695
3289	15079
2589	13364
17903	17380
12155	18462
4560	6371
17279	8987
71	16744
17715	5031
6240	13215
10355	3012
12991	7420
18261	11647
19631	9214
6744	9355
10817	19451
2066	6445
16063	18594
324	7986
5019	7470
14903	2607
188	4726
8392	3895
1008	9711
4817	3905
17214	13610
1907	12306
17265	13446
7313	1292
7388	5996
8809	11476
1683	6227
9657	730
19631	1367
13854	3438
4053	18276
12932	13127
5884	17769
2292	1863
4072	14090
3701	1980
13194	16308
9015	1856
16532	4607
5789	19222
15681	1513
17671	17968
5258	8724
8929	19018
18041	4929
1273	14133
14011	10469
11283	14997
7885	10244
19050	9923
6464	5483
12477	13994
4393	9047
160	14443
8539	15837
15039	3384
13607	19041
7563	16226
18424	14936
8305	12858
3811	4899
178	17898
1266	8784
3695	8802
18597	2629
17538	1176
1661	12588
12183	13409
17619	16518
13024	11648
3872	12345
5381	16956
9034	12529
7577	19644
324	11924
13191	208
4880	7131
17974	13789
13231	2548
13083	2240
10669	19233
11254	6029
2874	12318
4344	13924
8929	6943
5585	9133
15414	19710
16012	13300
19073	15674
18703	8904
5135	2978
11250	4111
5230	1268
1435	7322
2382	14597
7474	5719
6927	4021
3641	18918
13382	3083
8645	7108
17235	10959
14080	11469
1104	19504
4520	13381
405	7091
6539	223
15631	3020
15264	1636
11948	4605
6488	4092
3727	690
19637	16463
15884	8461
4499	7730
8373	8332
14953	15808
10144	8581
2033	4497
147	10348
6229	2149
11850	10512
17940	5851
17093	2866
6367	672
14692	9735
1059	8964
10101	11115
13998	11685
11535	9917
18328	2623
6155	3679
5092	8861
5108	15481
15446	15494
7451	12431
14882	3261
3902	19648
19356	19497
11554	16935
3373	11606
10774	9154
19713	2519
14683	14846
13134	13277
4380	17915
8466	99
1122	9601
9743	10571
5249	17879
15582	11042
15356	10854
19011	18178
2916	2219
2333	11101
14945	4841
12635	2544
17061	367
15835	16830
14774	15158
7266	8919
17959	15234
14807	2792
12326	11955
2738	13174
165	6932
13775	8386
19400	13521
11756	4128
7528	1741
337	4100
14213	18104
18179	10813
4344	19059
2642	2237
704	13370
16425	8204
15818	17014
8306	2775
6738	11037
1156	13119
15813	3934
16752	18469
19386	14349
11926	18966
5605	4899
17761	847
16639	8057
8790	1573
6402	3877
15587	9992
14903	13057
1321	14611
2606	16518
9758	15476
8356	4140
7071	2311
10985	11248
2119	10854
5605	9490
18921	10014
12948	10135
6718	18230
4992	933
4813	7868
6728	18538
5096	7801
9801	14404
3782	11528
772	14482
2423	4896
16020	18227
18923	18052
3536	6404
3511	1354
3471	16201
19347	104
5738	9370
10806	12303
12201	9005
2813	18029
5499	2756
8818	15865
18409	14737
3135	19571
1171	918
10057	13627
18608	15210
4286	9387
15286	5817
7933	5979
5154	15841
9084	9984
6198	14404
8456	777
7480	8057
3988	14515
13114	19410
9485	6560
19051	6318
448	8317
3934	2789
18636	1916
13725	18509
11670	18554
15813	9716
1443	19178
14596	1284
19247	16518
2461	5951
19205	13294
12156	18662
18432	8292
390	6658
8972	515
3000	11844
5297	3763
5406	73
17541	7854
1150	16310
11826	19681
18132	10795
6065	8611
11794	3689
10553	18247
6463	14551
10014	17387
1634	7076
1014	6038
15552	5601
11632	8957
19408	9418
9167	7019
16257	17874
13096	8163
13309	18513
15414	19437
3701	14906
4562	8112
8152	18152
2941	19638
5445	11156
18410	11103
3385	11417
9941	6447
2159	6227
7014	1218
15356	3340
10774	6967
16469	19424
2664	16499
17903	8856
2421	11253
9215	18749
13382	10109
3599	5428
14986	2042
9485	2010
17712	18399
4393	16842
962	13197
8292	9252
4783	4546
2650	1366
11743	11284
13709	4071
15765	9462
17373	9418
14882	13144
8466	4946
18417	12640
12821	11388
17418	2540
16768	8187
18740	937
8350	12091
2769	9327
2334	10522
18403	1489
2157	6902
5814	15190
5168	6180
17014	12510
10576	3621
8692	6198
17089	11586
11943	70
19520	7927
1677	5569
3169	10500
1945	3041
19194	16735
10501	3478
1928	8979
16197	3587
16262	315
17804	8631
12439	15378
6242	8568
5475	14286
2800	11541
8622	16951
8802	3032
14594	11223
7712	6968
2680	742
18913	8851
16423	5003
8456	16413
19011	14926
10436	4687
5906	11109
14855	11420
12389	16673
14287	2226
13477	15428
899	18268
16747	2883
12554	14114
16473	11194
15223	9492
18455	9177
15586	864
2177	660
8464	7658
5906	11164
12737	9512
17745	18693
5987	2840
15813	11007
3093	6793
9619	5899
5407	12663
11224	3137
5791	486
3161	13197
17139	17874
15338	584
16551	11100
4810	18631
15811	7441
2944	12975
17797	16395
6368	11369
11598	16427
9123	16055
16065	2114
19713	1615
2738	9654
17908	5390
4232	17486
15003	2504
3952	2742
16868	1173
19717	12234
2969	1909
6697	3659
15582	11
12256	5686
9046	15757
5730	4732
772	14204
9641	18942
1573	6269
19501	2434
15012	8135
4408	10323
11162	2194
4510	9473
8195	3799
8168	16550
15759	19185
12311	16231
1434	18305
9219	19070
16251	928
5970	16290
13684	5137
17396	19639
10204	11568
18361	7151
16076	3852
3282	12701
13924	6182
11668	15502
4732	18203
6787	18699
8371	16012
10202	1909
7058	457
7374	8357
12183	18008
4858	18054
13155	689
17793	14895
387	2746
17512	14167
11387	1350
12585	11347
7127	5102
8990	16717
17341	9537
11123	18689
8270	16037
13039	25
13015	14335
3363	15106
18544	14222
13657	2046
17511	8327
15949	14877
19356	6860
5674	18821
8350	6617
13940	17946
1322	19420
14596	4130
5402	15544
4657	15366
10185	5292
9536	15952
7287	4279
9332	1093
14303	16509
800	8135
14425	13326
3390	15223
61	9972
2932	14025
16448	17730
8103	10128
9305	3835
5126	5795
11922	4648
16665	11229
4565	3509
11431	13702
2941	3799
18018	1466
6501	7986
3715	6214
17807	2392
13607	19072
3204	13818
10073	5812
2584	526
19026	18506
8809	18
15912	1683
11632	9489
4043	17800
8932	3468
3074	11528
7571	9521
11496	11123
6408	1376
3442	6783
4344	9659
16852	10166
15719	5735
15164	1009
18755	14058
756	3643
17143	4574
19275	3295
2560	12029
2200	10047
15813	10172
536	12616
9678	806
6423	5803
17649	7368
12971	4573
12894	14698
4491	648
535	17204
17205	15007
15370	5038
9957	1137
16405	3024
11283	15281
15286	5800
16260	16463
9962	681
16903	14316
16251	3616
5108	17129
14301	17401
17208	4523
9425	2727
7411	11997
19523	15769
8831	7076
16677	17536
19408	12569
1259	18153
2769	13477
9740	11687
1134	17065
1171	15206
4666	17519
15733	8131
10879	5041
17483	4509
9123	5356
11613	13592
6500	9181
18773	9543
19614	18503
9457	13501
2612	3480
2612	9227
13241	1300
5896	1754
12737	10301
3952	13854
9957	5704
9901	12485
11840	5824
15263	16333
1345	7221
3074	15483
19011	1520
17361	5806
16515	2569
7828	6575
14857	7986
18913	3740
337	9093
19423	18203
668	12368
16942	10546
8239	2733
6487	2167
14325	1484
9383	6725
8159	1065
11009	11178
165	6907
7141	4624
7445	1981
15271	13789
4559	17514
16021	11136
18184	8437
14406	18605
18840	17517
16855	9007
2004	9381
12390	9045
5167	12384
13446	2310
15760	4792
16380	12623
3138	6056
18542	5037
4344	14133
12637	19285
17804	2438
7602	12413
15733	9387
6040	1734
17486	8394
17089	5434
9678	7677
16093	13633
17418	19240
9927	3193
15446	8305
2104	12228
15813	16923
17397	16163
6765	601
4480	18762
16323	11755
11554	10371
3723	7742
18403	3587
1330	4507
6571	10498
17745	534
7175	11182
11943	15588
9329	14660
13978	3095
13657	10026
8815	19380
17418	19608
2418	17318
19551	999
1847	16819
17627	12395
9841	7881
6368	9766
15626	14605
18920	12086
5958	6817
13251	4851
12540	16227
18819	112
2509	8165
13709	10387
6509	2075
14437	7526
15362	18574
9305	6227
2941	1397
9536	17459
8046	11311
10858	10199
18312	8802
6947	9462
8401	7607
13650	18085
15937	6859
3607	10401
3541	7701
8919	11667
11930	11170
11525	16292
4480	2139
15819	9627
19317	13256
17703	7663
19178	17587
12534	7542
9239	1720
1930	1363
16086	4791
18819	1074
1171	9268
5886	15298
13631	2618
11301	12570
786	3552
4880	12826
10912	17285
17612	8649
19011	7632
12621	16475
19520	8600
5788	14458
13672	15064
19616	12228
19460	6975
1875	12687
13993	17209
19403	16661
6509	8011
9714	6803
12581	1054
2177	7192
10983	2046
17788	7365
9034	18080
19264	5633
17621	1414
8102	3012
16274	19263
8138	13811
18482	12790
17665	17301
3135	16811
4985	8135
8662	8576
5730	13787
14722	7923
5678	17463
1890	11772
2647	5177
5309	8452
9412	4710
16726	4977
790	9785
1853	633
4444	15140
7899	17058
19584	14926
2103	7184
15813	10894
2768	11986
5406	4725
19611	13857
14882	1217
5901	6227
17665	5804
6814	17898
17361	8323
512	12702
15648	85
6676	16635
7601	4824
16495	5814
5781	13014
12149	13948
18545	1475
4569	18810
3511	14273
7617	7095
8441	13212
8931	1702
12669	9888
14060	13333
2463	8166
6285	19222
103	6741
8014	6026
17082	11624
12737	9561
3398	9267
4043	16165
5788	13241
7135	495
5674	6136
1253	15346
6096	7100
13295	2184
15582	801
10950	18496
3194	14864
14765	18962
9960	13328
2540	4863
3426	17113
13208	19510
9490	4663
4121	6815
4731	11442
8456	180
2013	3999
15388	5810
19271	10570
15975	8671
14655	4831
7246	6763
5381	12040
16086	1321
3298	15850
15408	2170
13669	2274
12563	12447
6718	8184
9290	19357
3952	7681
16780	7058
12191	6410
12333	10544
17471	17577
18571	7480
16775	9158
19420	18216
19021	18897
15025	8267
9644	994
9322	3985
13306	6957
7876	3302
16377	18417
3015	7951
15804	17460
512	12626
7969	9888
16079	8504
17450	10808
375	9769
9990	10558
10831	17954
587	8224
5995	1174
13221	5119
4740	2581
5760	2878
2421	6798
8621	2540
8930	17146
535	773
5004	9946
13163	13409
9838	12680
9215	615
3620	11577
14599	16605
4433	15277
15511	12845
2180	937
16086	12848
4560	16024
18357	19233
14702	11600
3897	13459
15719	17660
10884	19583
3289	18930
16591	9787
9365	2370
986	14772
6377	7058
5663	12097
9845	3438
8972	8596
13869	3835
19601	3925
11925	12271
19477	16342
13907	817
2235	15129
5445	11582
1540	15751
11533	2702
17006	474
6278	7622
12669	6957
4344	7372
18664	4552
7141	19639
14933	7672
16236	16428
7885	8749
18132	466
9536	19426
7423	17179
13041	17946
19073	17956
15386	2525
2621	3950
17522	18512
6046	280
3902	7416
6110	8525
10623	389
5393	7355
13391	12265
3551	17134
15292	2279
15814	15947
16086	516
3150	9410
10132	8282
3799	1193
15519	11260
8239	17241
7514	7245
5328	12617
11683	5946
6468	16077
16868	5679
17522	11956
7848	19225
13251	17760
16836	17036
7396	8236
6172	8397
738	6893
12979	17544
10970	13654
3932	6023
8556	19335
10490	16015
2230	3799
1837	3417
5109	9438
7173	8906
17169	12721
16532	7327
604	2605
14914	11011
7058	2706
12576	7051
17910	2389
9579	7450
13683	9643
3715	7485
756	2042
15194	18424
13391	2005
14389	8135
13993	9625
2292	7325
19620	17082
12606	14180
14325	104
14273	3700
7601	757
17627	10828
17972	14672
2423	5707
15758	18501
18307	13072
18747	8161
2429	16728
4657	7815
4053	16468
18261	17025
14136	3783
9928	15314
19370	2134
19699	4252
8839	15208
12414	14147
1450	13678
13083	16030
7624	9105
8350	6233
10313	11157
8331	10657
3298	5394
11948	10674
9962	2848
2728	16127
11510	19459
13792	12345
17649	5795
12881	16518
8305	508
17619	667
1537	3700
4915	8503
512	6268
4656	13633
18228	8988
18713	17566
2325	10694
11413	18121
10070	7138
14777	11248
6242	13597
7573	19169
10817	1863
13543	249
11797	1950
6049	10140
19460	15870
11285	12036
19391	13854
14587	13020
10419	421
1745	4116
3074	16518
4167	10155
4072	95
1634	15305
5423	16661
2180	11969
6722	13828
13536	6015
11819	215
7899	2529
5847	7157
7302	8696
3756	11453
12137	15637
14424	11472
8723	11821
14513	803
8929	5896
3169	11693
16293	15677
492	5576
1435	19151
18497	18771
15004	374
14490	15683
19617	16560
6999	8307
13907	12823
18417	5492
8102	12902
8497	1495
10081	9232
7351	9194
10831	2518
10204	1338
11837	4263
2992	8162
1264	9323
12225	7564
4958	11674
5540	9066
17980	1760
4450	575
18015	14457
2315	7603
17191	4216
3246	12668
7291	8778
14624	14854
7939	9888
14966	18641
4153	3340
3926	10279
3774	13904
19404	4064
11770	3835
11645	19550
7143	8057
4880	15832
7375	15376
25	1909
19019	552
625	18458
7480	19646
6451	583
13152	7779
5779	3115
19551	10135
18403	5038
6508	727
8849	17105
17707	6993
16506	6307
17744	8634
12500	6196
17486	11961
12053	15816
9301	11282
14683	15058
10525	9132
16637	5825
19012	12235
16494	18964
604	14846
19007	19070
19073	12278
4142	11011
4023	10705
19026	14105
14289	13407
10613	9357
4942	9875
5606	9611
5573	2504
19255	4725
1186	12154
2919	2863
18889	18412
10495	16715
8621	12431
16775	17991
12882	9144
17846	9222
8553	5906
8929	9893
8236	13084
14001	7696
16405	13098
4244	643
17254	17806
4075	18251
2904	18065
18268	843
4283	16647
12561	15284
17994	11423
2104	14838
1171	11913
19027	3709
4625	11955
1242	11172
4510	15497
16063	326
1600	560
17490	1471
12258	18567
12362	7556
6242	707
19389	1623
11431	15062
17788	13007
5880	9187
11225	16582
1171	13178
9325	6746
12044	14597
13437	4842
8357	10401
17511	4517
129	8060
11970	18023
12202	18733
16148	19360
3262	6177
4692	11029
12834	4774
18635	7540
14004	12484
10878	4065
10751	16367
15422	13077
9106	17610
15377	8323
18272	15414
15445	977
3641	12734
2418	8119
17141	12355
3412	10983
5880	9081
19534	9358
13978	2438
18199	14929
13144	6957
11247	5629
6463	7279
4425	5319
3042	13854
19249	16475
12035	13017
1918	9756
7577	15001
18521	15710
4023	3075
18788	10062
17745	9569
8422	10704
15147	18947
9596	4295
11797	8210
17529	575
7821	15774
2382	4112
7873	14104
3326	18928
19281	18789
8538	10525
6401	13854
15313	8904
13131	6982
9130	11756
9075	5237
16495	17491
14656	15674
7217	12649
13174	4735
8636	5355
11283	14562
7751	16482
6442	95
17592	4707
11268	2519
3933	13262
3430	8016
17908	10832
5414	9313
5788	14529
12378	6658
5171	1257
3289	5347
11100	11365
2188	14287
6046	6912
15983	8026
7821	2460
18307	13409
11738	14579
18131	2167
6236	3590
15123	15770
18913	889
11425	18169
18018	774
11926	13306
3902	1644
7698	8399
14702	9559
19420	9503
3897	19489
14219	13694
4934	2123
15433	7672
11911	15489
3178	4725
17865	9664
7411	18765
14217	517
6891	970
10733	10090
10081	2766
9257	17299
18261	5439
3140	9
8929	5744
15262	9601
14435	611
11593	13473
17695	10938
8930	3160
14774	2258
14903	4572
18007	678
19701	19324
165	14341
390	1141
12084	5859
18324	8982
14012	1876
3475	5038
5970	16104
13352	3962
18921	14672
2482	15185
1454	11184
2810	11887
6236	407
17649	14590
16916	9999
5734	1441
7287	12858
3988	18203
16526	5984
3369	1211
18597	7470
3551	14755
1889	7772
12118	2961
17965	18609
18442	18739
5406	7013
12236	1668
13446	2870
14699	16430
5430	15301
16399	8256
9852	13403
15085	5806
5216	6604
9511	2769
5790	8141
13540	1933
17465	11635
15813	2708
5641	14422
2861	4722
16740	2430
10014	11987
11632	15048
15245	5921
16752	14362
8306	3875
16335	15366
15588	12339
9834	16852
6437	793
19631	7067
16089	8222
790	17209
11833	15448
7969	18432
11425	10668
2237	13193
11540	13807
11283	5457
7457	18271
15354	2956
18110	7868
3919	14675
16575	16165
2409	6551
17592	56
16756	3452
8014	16525
15741	13854
7645	18679
3952	14118
254	19287
5779	2380
17379	10265
18677	4123
13069	13333
10856	5734
5171	8057
18276	16130
12799	8487
465	6892
2228	10630
8929	16441
11397	17531
8504	10415
15758	12162
7643	5442
7920	8709
5351	4882
16478	10403
5902	7946
13239	4116
8887	16581
210	8367
10831	12400
12057	5017
3854	14913
1634	380
4880	8800
6198	1238
843	6493
16891	5325
15338	9422
2180	280
8422	14211
6468	10331
9641	15302
7768	6871
12118	312
19620	999
16089	11188
19555	7841
17076	18203
7748	7056
17522	10694
11009	18036
15012	14254
3187	16184
15446	7672
16197	2322
11694	10441
7217	40
14653	2926
9290	18604
13978	14860
9640	2703
3014	10075
12118	2619
19375	12520
10763	14187
2105	18576
2540	18393
15265	2212
12570	4318
2509	4838
1727	5302
6550	16869
7214	18104
6094	1247
10763	12385
13391	2504
13784	6807
19205	5511
13372	5760
19251	18693
18110	8934
6086	10816
5021	2703
2458	2239
4232	2866
14000	15515
19255	14090
2606	13406
6482	424
13683	10959
4096	18445
8626	1590
14682	9639
11162	2700
11078	19057
1341	9855
14219	16308
5981	11720
3774	14099
11261	5660
5127	12431
2418	14802
173	16890
14311	12228
15433	6515
1171	3384
3178	15677
3999	9161
12991	18521
11315	4179
16975	7814
10352	1502
3667	7672
12102	17612
13543	18494
14480	8019
11319	9503
1014	11537
12878	13995
15905	1207
14014	8253
19051	18409
8086	5707
15268	4456
4426	9722
2	5470
8210	11441
757	12358
1450	8259
13560	10413
18370	10166
9941	16244
17225	12623
954	13137
16532	2259
8251	1934
4687	8778
18788	9342
15811	11808
8865	14433
18209	3403
6377	14491
12971	13546
13348	4436
3369	13283
16385	2125
8450	11769
16100	9953
16021	9381
19100	9462
8929	11718
7405	14360
12689	8318
8320	1504
7668	15774
6728	13158
17182	12623
18973	8183
19277	18147
18967	5015
6510	6515
12637	18024
712	1753
17696	5675
5806	13360
18726	8785
10750	9689
16012	11550
5090	1422
5708	10007
10366	7672
1171	6885
14073	2152
4656	17828
14513	15111
3711	16543
11580	2275
16197	16549
4679	5386
891	7013
1397	17460
5108	12485
280	18800
786	5795
11737	14687
16093	2869
7561	5884
19520	7340
1678	16730
13784	12848
8210	15370
16385	4707
19520	2450
18899	6677
17715	9879
3778	19373
18110	3978
7391	15407
15414	1588
7007	11308
14049	5330
4766	15495
5299	1342
9660	8981
8839	13501
15212	19692
2885	10694
14880	13036
5297	14335
18132	16731
4885	8368
1875	9988
1264	14864
4656	2013
16265	15837
5812	2040
14651	4822
7634	12024
18454	13203
14020	7346
9617	770
7445	6094
19098	11790
8498	1193
7753	17547
17642	15467
18870	2214
9312	1294
19021	17160
12089	8936
12149	1088
17627	2194
9123	16464
7697	10401
19552	18072
2611	3109
4210	4901
14427	17075
3066	16758
3016	16518
16904	9937
11465	7325
18381	9466
6999	7186
13212	15348
18616	3781
13607	13171
13155	3965
16665	1331
2867	17048
13744	12095
5741	10563
10144	8869
16089	4517
12084	3587
6094	10135
4256	10942
11937	8967
2813	2763
4616	16704
7663	9831
17426	2438
17981	19210
10778	14869
13995	14108
11773	7581
15739	1477
14132	4977
4725	4125
17465	11401
14702	15227
3077	13074
13978	8304
6942	13554
1952	9265
14790	1927
536	1909
8373	15821
4603	4203
19251	4606
18110	7350
8990	19004
4520	1406
2738	14739
19432	3095
15033	8794
17007	17800
12787	843
11413	7673
17857	17022
8331	13370
5896	4576
18553	6363
12118	10657
4778	7337
19600	11768
4972	5603
8614	5506
5446	18336
12378	16071
1756	1421
756	14256
18017	13905
3066	11106
16851	12431
16243	5622
7933	11351
3661	15262
18328	6465
13230	5133
4958	19662
14230	10746
16742	4756
4725	5580
13795	10640
18921	9430
18370	10856
4075	7445
17214	12935
4685	13785
16050	1373
17959	13988
18458	1472
366	8259
14646	12428
4863	5073
17548	18393
1458	16035
10222	13980
19275	10125
17793	4501
13175	15999
18970	2713
18677	17175
2409	296
8512	8122
1573	3636
1171	8911
10374	2159
12925	6625
16855	15349
15085	10278
9548	15598
15212	12502
3902	9535
17745	13854
13607	19059
11146	18276
2909	5267
18524	2553
821	8679
17022	314
2409	12306
4032	19651
2029	317
12155	6252
13555	3555
11743	3688
3398	8757
295	4148
12311	5385
18425	14099
11378	10934
604	18246
5663	15012
2587	16624
2942	6259
8932	8525
2738	5349
11980	15462
937	5980
3620	16649
15212	14375
17465	13369
7146	3504
6790	7965
16534	9611
7896	16530
9788	4169
1008	19041
1208	13370
6759	15257
11413	11144
3149	704
13617	19024
13306	8310
7029	11949
11329	11170
11797	7855
4778	5946
19072	15846
16205	15442
19356	2055
11425	17293
18401	10108
13135	5701
16656	4015
11668	16518
15366	19365
12057	7663
3582	1012
10070	15417
19425	2191
14855	6386
6007	16318
1347	13775
3701	7833
11743	287
6252	7908
13096	14622
1540	1529
18387	15981
16455	11599
3923	9302
18482	11767
10856	2379
9322	1033
19146	8930
3169	1226
6178	19032
18494	19183
2049	5151
7044	22
15262	16573
5048	12520
10134	11578
10331	4740
2159	1646
10718	937
2571	14073
13359	14838
6927	16050
14406	16922
19420	17014
14301	9377
13541	10280
7029	1982
3270	3767
5595	232
10807	733
17692	16289
12467	8867
16682	9122
16564	7710
6313	10522
16903	15509
19317	7058
8456	296
18597	10934
9404	11055
5169	16902
16502	19452
17215	13769
9393	5660
1303	16693
4858	18711
9272	14570
2831	6921
18112	4725
13777	15661
16686	18704
8158	18733
8790	7431
11589	13106
7743	12762
1066	18532
9233	11026
18312	1250
14880	17221
2800	6302
5784	725
19297	8216
10170	14759
18424	5959
16243	15158
16618	5715
18432	8460
18370	14411
3756	9518
3479	15277
17522	770
1304	11280
4100	11360
1007	1384
11948	2080
10091	9389
6200	16510
196	578
2540	10166
2119	11260
8816	17197
13088	16576
9660	1523
5981	14728
5171	12106
5228	18774
9758	1700
6376	8681
71	344
13061	17874
14425	2532
3056	9313
8783	8840
10866	13072
18015	8020
310	16830
15338	18313
8614	3968
10663	4398
2029	18461
4074	14061
5459	15766
2113	3205
14333	1457
17744	7231
16851	3594
10170	10392
14765	8380
10315	843
1010	12870
13069	6957
7100	14838
16243	16043
15871	9572
8739	3616
7093	12484
6566	6904
18872	14680
939	16969
14945	16518
9732	17533
18228	9982
8138	18909
7528	1337
1335	11365
4585	12762
10564	11171
17081	2709
10831	16130
8700	16483
4333	3489
7306	7041
3571	1092
3483	7817
12836	6010
15489	8
10783	7155
17745	9654
14133	4987
2423	18885
7417	891
10907	5877
11932	646
1014	6330
12182	11936
16648	2521
8978	1057
2177	11741
8305	577
9288	1892
8373	2766
12044	18441
17017	2694
2906	6835
2693	8334
19420	8375
8818	13894
1907	6748
17511	13590
16142	13854
4160	7557
17548	16247
6570	14606
786	4726
6368	4534
6363	6118
9579	5468
11270	18133
5970	3736
5127	14404
8327	10153
9215	15674
2813	646
17336	2353
7375	6224
14004	9654
7127	14494
997	17640
17538	12747
3778	16898
13221	17680
3462	2834
9312	17016
4324	14597
19092	358
17912	14108
2540	7839
1745	14418
18664	998
1171	18678
12422	10627
5880	17968
18323	3712
14765	59
25	516
2738	3786
18038	11888
8293	15428
11616	3696
16350	10654
5451	4625
7604	11036
16377	13600
188	18178
18966	10135
15564	8853
397	2316
9870	2497
18492	18964
9636	17448
1068	3438
14391	13442
10144	597
9579	13831
19012	9486
14765	241
16052	4141
1677	18577
16200	12977
15198	736
3880	3354
15244	4172
12005	4678
19271	13368
8929	12375
18381	1602
7296	2109
10856	4716
3170	19680
5998	11387
310	4079
1322	10173
17169	15762
12128	8800
8195	11136
13458	16054
17057	16149
12037	12852
11043	4148
566	18852
17642	1653
5788	5149
11754	13403
305	4502
2631	10165
18542	11644
10806	12062
5746	18894
14217	1977
18014	9601
4915	6530
16904	16154
13536	982
17450	3086
15198	9897
435	8395
15408	8802
7751	9066
7617	3493
19061	10639
11943	5455
1372	7779
10409	646
3574	4208
17410	4936
954	10686
165	5382
5734	17377
5004	10044
11419	15956
11803	1812
15446	18919
6488	7229
8219	7058
4134	2438
6655	859
13822	8259
11425	16107
16931	8360
7604	3240
7093	7019
4913	17001
11615	7505
7053	16943
18432	4869
5806	11093
9927	1441
18589	12034
5451	6997
19713	17737
11283	16915
19688	10561
5573	896
2415	516
5896	1739
9634	15945
2768	15415
3859	10592
6814	14877
9450	4283
15023	14400
15856	18799
5737	9988
16441	7482
8761	18122
10774	17825
13607	3196
14389	11064
2121	1598
8859	7397
5299	16331
11948	13846
9305	17549
18792	12732
11922	5886
4526	11321
997	14209
11263	492
6086	5596
12986	4785
15212	15486
16197	2836
18901	4387
6102	806
9312	16775
11804	14075
14269	633
5311	12273
3859	14853
7302	2228
1600	5948
7885	10542
2598	9591
9428	4143
5814	17316
18272	8160
17807	6962
1397	4823
8239	1396
8744	5954
5406	1555
7920	10596
15356	16852
17361	337
18278	16484
7417	4261
14624	13447
6156	11449
13617	15756
5962	18359
9720	5013
12118	8671
10252	4577
2066	12221
4025	11248
18131	3223
2027	3028
3093	13191
11425	14597
10331	11123
14325	12914
15607	7237
2930	2405
3624	13854
4344	17968
11655	3302
17692	7123
3701	7067
15416	10596
7880	13029
13662	18864
7411	18177
1435	2188
2163	12431
15915	16433
3657	4823
10124	19236
4595	4364
6096	8700
15356	17751
11425	16005
2151	6183
13777	8340
7602	11430
15193	265
16608	13769
18823	3797
16155	13388
3646	9462
71	12560
149	9908
3170	658
17361	6570
8950	9947
5238	11749
9412	9032
10649	9170
6947	17929
2652	12023
13907	10440
11632	15064
13617	4940
11261	1235
8104	17898
11816	8330
13114	5472
5299	11331
18019	19573
1739	17688
2399	4983
9774	18145
2113	10553
12450	12016
12310	3242
7889	934
13770	9451
10817	473
14829	2718
11970	13084
10809	6375
15511	15957
8936	17851
11807	13993
3793	1271
5808	13760
3282	9557
11737	16151
19525	17659
4334	18999
19394	7076
12026	8982
9901	15134
7885	19108
16263	7572
5850	10605
3897	8922
1837	597
13619	7672
8715	19426
4283	10203
6795	7482
13978	11029
15279	13682
10341	5278
17985	19508
8674	18618
12916	7526
17336	14708
8002	15526
6004	6729
4954	13131
9720	13846
5216	9800
19551	4534
375	5004
10773	4544
16200	3445
19338	937
2621	758
2262	4283
1304	19673
4031	3835
17212	8738
18430	9376
12868	7076
5606	17101
767	3740
4725	17531
4929	13274
11077	5581
13607	3519
13543	18581
19464	16729
18832	6273
19275	12877
15949	4964
2489	14730
3240	6668
9035	4854
14986	14663
15582	12234
14506	6930
4242	6821
18726	9494
9644	18657
19271	4729
7900	9751
1167	153
7597	9601
7058	2405
12019	12098
3867	10177
2243	15498
17846	17686
10886	653
14514	17378
8512	16423
8046	10527
6376	7076
12296	16518
18599	3434
10637	5571
247	5243
16086	1498
9444	6447
14587	18646
14301	15617
19079	192
7306	12262
2769	13028
1862	1834
14790	9641
11496	7458
16975	18984
18014	15867
17678	15254
19713	13978
5048	9327
15813	5866
956	11539
9660	19453
5423	1367
4858	15103
16977	1724
6891	4193
3396	3807
5490	6647
2119	2423
1336	18191
465	13451
2119	8355
19477	7208
19349	4406
3305	19709
16346	9193
18018	19693
13770	12402
6198	10135
1664	15409
13024	19587
15587	18849
895	2187
535	4872
5780	18311
5567	4093
3223	13600
516	19074
5355	950
6503	14508
4450	18504
6676	6817
15899	5417
15025	8422
17082	14618
6085	16693
13460	5294
8535	2932
16564	18186
17027	5765
13683	7076
19205	19040
8512	18701
7503	847
2652	13050
12414	14011
2874	14256
4214	19503
15338	7672
8350	15929
8156	9529
17024	14256
14071	19276
16597	19475
17076	12785
10170	1531
2680	3538
6156	5912
17745	17748
8700	18800
3223	2477
11268	6363
14973	7603
12366	2959
3701	15376
2325	14960
2489	3770
4735	19010
18003	2024
13750	10872
15859	8068
15003	4148
11162	5145
16197	10500
11911	5675
397	18203
17288	19502
3092	1246
2423	3895
16578	18184
1906	19338
2826	14906
12523	16181
962	2411
18525	6492
12394	12032
13704	1102
211	632
12296	1631
2611	6896
19534	5300
7289	12306
17181	17561
7978	7046
8116	16605
12416	17104
15427	5251
10656	5184
2444	613
17743	9491
15012	7352
5806	17613
9806	19178
505	8625
19631	16661
5790	12290
3952	18382
1204	12132
15388	10286
17692	371
7561	2273
16473	16282
8464	5295
11270	516
13251	3740
9781	18912
11413	11011
3847	3410
15813	18485
7291	16281
5126	12196
538	16144
4603	7809
4167	14459
8002	4937
515	16729
15212	9129
17023	11099
3902	19391
3511	4789
15564	17018
18266	1001
3677	9627
2350	11592
4192	12093
1844	10776
3931	17846
8539	17474
8541	12717
14415	4742
11283	7402
12689	12265
17985	9345
16197	5672
5884	18681
17450	11084
17023	4171
19611	11077
6765	11969
14957	12275
516	5465
16786	2885
5606	4043
3418	3636
4588	14031
17970	11017
4813	19203
11973	3847
8392	11962
17797	19063
1945	11586
12868	16897
18014	13854
7933	1532
14882	5184
16682	10004
10974	2149
7920	9093
5249	9862
17722	15924
2768	12210
17361	3279
4433	12179
18592	14210
11378	1909
4344	15511
7743	16375
11062	1355
15765	8635
17391	12648
3872	6735
13669	17014
9263	11741
17457	2016
18417	16852
17532	14508
1156	14862
3194	16861
18630	2339
9678	11048
12390	7076
15582	4385
7514	19062
2707	6838
1104	3805
25	15501
10773	18298
12152	6515
7241	17504
3777	19467
2902	11756
8821	6945
11862	4486
11378	10135
14664	14041
6408	19159
13416	8307
12289	5112
15813	708
15047	6605
4913	4129
19552	9116
12986	17441
9190	697
11162	3888
7217	14350
19266	8073
7135	6439
10525	5755
9167	3835
11000	3439
7302	2546
11308	15585
12845	1909
6722	4216
15198	872
10252	7687
1341	18644
12145	2086
17889	6174
6697	15560
14746	10844
17288	14099
2444	12506
13978	17476
8155	17539
1793	9030
7885	3264
6765	11768
18442	14340
12653	2796
7578	17126
9167	11365
4354	4866
1928	14496
6007	95
5547	13705
14490	14035
8331	15774
17212	11942
7896	1199
10595	19222
19579	18691
375	12252
11077	13558
15408	1023
9954	5334
3998	8136
3223	575
512	5560
8456	16613
18602	9480
5230	14876
11166	19435
604	13678
18704	9838
8919	6499
12087	11991
15758	15733
14682	3289
6728	7639
587	16224
12084	5882
18602	3954
9957	19121
4934	5527
2605	3109
5381	16237
5684	18710
11816	14445
10329	12989
10763	11137
3753	18311
10774	12377
6659	374
15212	12536
17974	10537
6049	11909
4732	6081
17903	1183
7815	13333
14624	7905
3932	6613
11850	14401
18736	18438
17579	5954
4783	16927
7877	17339
19378	4928
14437	1826
5029	19711
14815	10016
3438	2148
94	11769
14353	2703
15534	6583
15143	16504
9106	6871
7315	14647
13326	9323
19403	8327
16254	17471
17361	3206
8512	12419
25	6529
11106	16518
18268	3109
1010	9583
5856	7076
5230	13173
16656	6574
2705	8661
16887	12234
13659	9653
13857	1338
1945	5633
17191	2773
1800	15928
15179	16044
13672	16001
7528	10882
18966	8307
9788	4687
7904	19236
7695	4999
18059	1555
8859	6190
10134	11711
10984	8963
18300	19379
2028	3835
6722	14669
19520	7058
10774	16493
5987	5944
3727	3345
4016	11707
19315	798
11387	5566
5779	2816
1995	5136
8456	8716
8456	10487
655	2114
19523	69
12449	1669
19460	9248
8392	11556
4603	17188
9301	9703
2906	6161
9628	16634
4094	5867
14083	6497
11038	12871
12057	9066
898	16344
13350	5833
3727	19605
19251	11102
13936	16974
1496	10245
2071	10012
3902	11820
7535	15467
940	19199
8730	4736
15406	4987
18624	8775
12161	15837
843	16661
17191	5900
12155	3530
16977	18700
5970	1405
2163	6303
2105	16520
18525	3659
12037	2042
17868	2229
4992	11336
5045	12786
5076	7839
13354	316
2680	6621
11261	11754
8168	6885
15719	10056
8823	18952
2266	14132
14020	4901
17793	19695
16653	7613
1124	11182
1875	15996
11523	14849
1727	11846
18387	14362
1104	15686
15414	14091
16503	13904
1995	8852
13936	9636
13326	34
19460	18710
18467	16453
3727	11972
2997	755
5216	16457
13458	1719
14653	10804
4491	4350
6417	10405
18788	1284
7024	2759
14011	7620
16515	16653
7300	436
3647	6876
5048	13995
11867	9418
8046	18520
4491	6410
4810	13605
2680	10121
3647	14256
18921	17879
7617	4359
12225	10409
6096	10105
173	18055
2606	4855
13978	7277
16283	8040
5171	11308
3150	2423
4954	6957
9901	9211
1458	1238
6368	8180
3223	2105
11991	9428
3077	18955
397	8735
9957	938
5168	4687
3908	4195
15818	16695
4827	7800
9438	9390
4679	2604
8251	16324
18913	19081
16384	15323
7820	13862
11737	312
5958	13660
11804	2215
16532	2010
8425	10242
14399	7961
5760	13494
7259	6016
8929	4360
17426	4432
298	17150
13619	7076
13372	14132
18424	9867
14855	6855
938	3437
7503	607
3475	19620
516	15841
16441	14768
13750	2463
9828	17386
3675	17444
15937	2567
63	12900
16478	2705
4094	268
1321	19460
12389	13933
2584	7186
15143	12778
10045	11487
13784	9812
3464	7265
9849	12172
15362	5147
14594	7750
15075	599
16063	6009
15212	15037
3117	18689
2709	1673
4049	3663
9325	8081
12878	4209
2049	18623
19338	2866
6550	3075
3630	10001
11906	14715
193	1725
13111	16539
4094	15107
8488	10538
11612	15467
10124	19398
17846	3228
5788	17096
9868	13457
9536	4474
5595	10402
8512	16622
15446	12390
17980	6767
6408	13788
17537	14975
12044	9569
8070	1683
17225	16320
10463	7215
1301	5213
2105	2866
2230	2937
842	9601
17522	16518
3998	11860
15221	4149
9644	12198
3163	6231
9583	12951
7978	5234
5880	3863
19275	12654
8028	15283
1634	14700
10733	15635
19317	7113
4153	19639
10842	15307
10983	4576
7624	19384
1970	8087
5048	18845
4344	9301
173	4719
18588	16092
11580	10020
12334	1085
7960	12939
17645	14502
3933	17323
7518	2471
12979	16852
2992	13779
3498	16267
577	6848
18597	10345
17930	3433
4422	17580
13114	10192
7748	633
3701	5841
3516	12103
985	7755
7601	9723
4426	15653
772	841
8097	16582
888	13336
13144	5516
16852	1238
9011	105
15975	15272
2013	14043
9011	9503
12265	9852
11245	15232
786	19291
5880	2474
13631	11328
3793	11164
9801	2042
899	18831
2631	15643
17174	5154
9793	13496
1209	14861
4915	9375
12118	3380
18883	4271
2334	8810
10806	8488
713	4767
245	3239
5387	2170
12979	17082
12378	17954
13995	14301
3872	9979
12933	7717
17898	16539
3385	4656
13588	16789
2768	18094
16499	18676
555	17237
2874	13072
7287	16611
874	11866
6378	937
7889	12866
19520	8133
16618	17460
9499	7764
9928	13398
3274	8340
9485	12935
19275	16858
15631	6267
13290	14237
19520	18604
17846	3103
12146	10884
17089	13939
17418	18409
3290	18958
3135	3283
5880	1654
9190	14007
7482	6150
5678	10455
10910	16518
19520	13396
12042	10314
12044	19102
15164	12325
569	13943
14132	11624
17901	12845
16639	8698
294	12786
1450	16661
19408	3835
298	8011
1455	16484
16702	2866
2177	13518
12622	8187
9238	1897
14701	13031
4731	4828
8069	7187
13659	13207
7259	1352
4344	18706
15244	9983
188	312
15586	8337
3646	10983
2808	12150
16575	7123
18553	8645
13144	16905
16784	6862
15198	14006
11926	2042
16243	5707
10610	18329
15012	6181
14102	4987
740	7524
15785	6475
2191	17831
7241	11365
6443	3279
4819	8417
11026	19429
4043	575
12203	14467
756	1441
17254	13097
16916	2525
4393	11960
5845	999
18497	9270
7046	19098
8990	16170
11261	9888
18472	421
3536	5373
2309	14094
11616	13381
15813	8879
9301	6635
7821	816
2048	1801
8401	14816
814	11496
4934	6831
16187	1361
17486	11754
16852	999
5105	13266
11261	14898
11106	14165
5988	6637
18442	4198
11317	4609
14311	6716
12386	6981
17023	15653
15207	2434
17421	11064
10663	6314
16564	19310
11421	17517
16358	1517
5387	13197
5847	11565
4412	9812
18872	15742
2013	16997
10910	4029
19209	9867
4605	8782
16426	19122
3498	10981
3701	10194
9106	17382
16503	13411
7441	17289
15152	18024
2237	7159
13659	12784
17418	13494
9215	16774
16951	15562
16425	12789
3830	10854
4078	12900
18784	1920
7058	5866
6550	1991
244	5473
7374	7131
11925	9436
5299	1057
9558	2654
9178	12337
16502	13854
1800	1456
5880	4715
11498	4687
16180	1992
13917	5448
2382	2287
11593	2076
9120	5508
10185	1950
17977	18140
898	9719
261	18280
6987	9183
19251	12301
4499	7932
9022	15261
6728	17688
2292	5871
11568	11999
9263	2706
13382	323
587	14261
129	17806
71	978
15312	16182
14787	1658
7509	6247
12249	12629
8138	9490
786	18305
7289	12747
18266	3391
4625	13127
19403	9835
14435	16054
1652	11562
18385	10885
19716	8144
15797	8293
13993	18453
9665	326
9480	142
9242	7779
6464	15262
10856	11385
9868	11863
10886	17120
8645	5304
17482	8350
10613	14565
12948	7647
17989	1764
8371	14404
10733	9795
2353	19365
7573	8454
19480	6762
604	16661
14945	11697
1143	4625
786	2580
10063	8458
8805	9601
5126	6514
8968	14298
3551	17508
9228	15154
17517	14534
7769	18623
4635	131
4591	216
9928	13757
12585	4789
6563	12510
258	451
14268	16520
7259	10693
14741	18568
569	6650
11378	6198
3113	16354
2514	10018
10461	8781
15370	1070
19620	16852
14765	6959
16108	12891
5820	18678
6340	15680
8692	9158
17361	2013
14957	5276
17807	17387
19051	16165
14069	16507
3657	639
16998	2737
9874	633
13907	14392
8094	10366
17959	16712
14692	3868
18921	5998
9215	17660
3952	11287
10774	2206
3650	10500
715	5534
1143	1933
14274	16050
4426	5880
4699	9622
14020	6880
13560	17747
1875	3879
11991	2831
5045	3953
448	6806
11738	3852
15813	18513
2732	18502
8497	11011
405	17585
8305	2687
15224	7076
18582	7198
5845	12556
2642	4877
11425	2700
4160	7784
9485	12701
2415	19059
772	909
9907	19212
3657	2438
11026	10744
12583	14944
19611	5972
2180	10401
7127	6531
482	9058
12445	10531
5127	19613
11413	7779
15760	4186
12258	10662
5504	18533
4032	18123
4230	4176
9743	15499
997	2284
11308	17946
6102	15972
11525	7450
16254	19507
9106	13496
1341	14297
15488	5867
18975	7457
1160	243
14741	15209
13210	4369
8931	9209
6728	17473
9957	2453
6368	12014
11270	846
8929	7606
16702	8211
4682	15959
7518	15227
1441	1373
17396	2370
7014	19222
12930	10866
3657	11136
6442	11941
6234	17455
12576	9819
13306	1909
17157	6567
620	18994
672	6690
5716	9200
6697	742
13061	2310
15899	18074
16048	3958
3762	2151
16599	11822
10875	16621
14914	3102
5901	2320
14328	19328
6046	7969
19403	11365
3228	937
3138	9931
11308	13926
15265	4093
7411	19326
16813	16518
2105	8307
17462	7076
12333	17894
13641	13481
3931	12316
1156	14683
5261	19307
16012	4222
1408	8017
10527	12337
18289	19046
1932	12007
5845	13143
8865	9033
14566	14991
16197	863
15370	3340
18636	2927
16852	5468
19713	5302
10352	19106
17379	13848
2766	10166
4021	6957
13578	13685
14333	12779
4569	12016
11425	269
16021	9323
6733	5152
4656	3396
14656	10583
1220	1869
14328	8211
2113	7748
6156	16893
15338	14375
7748	14549
9382	16943
11301	15990
16589	7441
5096	16869
1745	17120
14325	10396
11421	15585
3150	11258
4798	12219
10879	9276
11840	8749
7254	17772
11632	4071
6305	19664
5261	2216
6795	3382
3908	569
12258	4441
5962	12952
10563	6308
12606	17269
11737	8962
18266	16294
12366	1949
17007	12640
11270	10740
3056	18521
15785	8185
16129	2273
19713	11741
18356	12531
4442	9867
19073	10747
6821	2360
8909	2633
16197	19639
11826	2846
1240	9738
14243	16189
17450	2469
15719	7730
6471	19282
637	13694
8823	9824
13907	6725
12534	6179
1731	4932
7680	16156
7641	2198
14490	10600
13114	12003
2487	11592
877	13297
17604	17689
18430	18964
19640	6150
18268	14425
10773	13008
7541	8635
5567	5142
14566	12027
15128	9601
9714	3438
13617	14420
1945	7290
12149	2046
15127	3799
14020	1308
2598	6676
18053	11225
3756	14010
14740	8364
18386	7019
6071	16727
3398	9099
15187	19547
14328	14097
7100	18800
17648	13290
11354	18160
16648	8211
8551	12483
16263	4018
2051	19352
2084	5360
1435	15029
12399	12623
602	4825
587	1626
9069	3388
9634	18157
18014	1904
13194	13458
15564	6603
8070	6422
15388	2661
16570	11011
16324	11983
18324	16166
244	6438
5791	10037
12575	9245
17541	6010
3404	876
11268	18565
16346	12627
10815	17964
9634	15990
239	10089
8072	2215
2505	317
8831	3884
18736	2111
11706	3567
18132	2150
9801	5127
15239	10153
11252	10766
10511	8936
18613	4221
1435	15408
6783	5385
7889	9262
5445	7320
9678	11600
12202	864
2159	3835
18100	10064
9665	998
12118	19507
14252	10472
9821	6725
5542	937
15023	9144
8425	1902
9450	19418
786	9778
4333	8939
16791	7721
11498	5132
15576	16075
5168	4733
5	13512
12821	15466
4128	19497
4885	14842
585	18311
11554	17082
18872	16540
18046	6928
18992	16041
7351	19273
13740	6707
19214	1401
786	655
17421	10364
13607	6752
4658	4791
6487	8135
4880	5813
390	18157
15262	2937
5791	14541
6367	3259
13839	8611
18712	12674
19697	3586
8846	16093
11580	3586
14391	12509
4450	8318
12087	8332
4657	7445
5048	10203
8645	7303
4653	300
4776	9812
10248	15227
18712	16772
10983	14856
17235	208
19565	1953
18100	14450
19386	6937
16499	19415
1289	9513
4596	2858
6509	7529
937	6957
6501	5770
4031	12623
10804	19678
4783	11835
17363	19091
1995	3302
10081	15068
668	16274
12390	18964
16855	3153
17692	11506
15937	1431
10858	6636
6463	18565
8373	14553
4880	12730
9167	4609
6463	5324
3793	9614
9788	2273
12592	645
632	15923
3479	14818
1549	17914
4526	12015
12171	11297
6539	2665
10884	13817
1444	19419
13709	13888
3341	19516
11248	9601
8103	9032
18361	12117
15467	4546
18110	10662
18695	8768
18856	937
3897	16398
735	8645
14273	14235
8329	13213
17093	2713
11270	5266
18545	1618
7214	18416
7029	11571
7405	17152
13678	16869
11308	1696
9962	1292
5355	1588
17698	14458
12042	18320
10858	15834
3462	19191
3475	11444
9678	19222
19104	19321
19080	4905
8526	12238
16316	13409
14855	2229
13446	3348
15433	12702
11849	18456
18554	1254
9917	2612
7374	13212
1439	13715
931	9498
7943	6803
4818	14041
8809	10395
1156	12971
166	13456
7143	14269
12084	7839
13061	11693
8305	5740
4450	17124
12085	4606
6065	4170
19041	2204
9901	15203
5406	736
13056	18421
9917	19638
81	10721
15517	12468
6049	9784
3694	9304
7046	17286
16197	15278
13995	5119
9868	4030
10064	18711
305	17049
6468	13970
16440	9479
786	17433
16592	15501
2432	6658
2335	18836
10563	7137
12960	13099
10910	12866
6257	4228
17426	7840
10501	16839
61	11321
7411	8817
18978	4585
17804	3835
17205	822
2680	6784
15648	12780
9215	18672
1862	7572
12286	7832
6690	12306
9095	14401
16686	14057
13088	15162
13675	6436
13628	579
11301	4929
11283	11144
17361	13360
19	4797
17205	4567
3223	6765
6169	19574
12443	17664
19277	8191
3059	6443
10064	4854
14480	4854
4820	3804
11897	15481
3830	15380
7482	19173
12534	10208
6363	16641
9661	18192
4443	16635
4480	3715
3517	13413
8524	14277
13401	15323
2415	11693
5789	15788
12378	7435
2444	7961
18591	1935
19530	19620
16916	15787
14875	10593
4740	1909
5763	2182
11498	17007
2680	13699
15408	11829
10842	19073
12859	759
13485	15875
6368	7208
16551	13854
5566	1350
2415	1805
11670	1101
19455	7076
1216	1099
13563	9817
8008	17961
11003	19013
4545	6803
16419	4725
9838	5120
19474	19198
5094	6010
16904	7589
2540	18432
17912	7717
16532	6227
11795	15841
10983	9081
18018	5260
13161	11606
8529	1015
13826	6287
7541	15203
6056	7798
3369	7200
3677	2634
18283	19551
2813	1860
17139	17795
13770	2310
625	5108
14000	2133
6368	9282
1013	16575
1454	3435
15813	2181
13995	4662
15626	10572
11043	575
7899	13557
8139	4563
12245	8450
17157	7227
17868	14726
18217	4183
13458	5627
9123	6729
7920	10469
19474	17774
13641	18964
3627	7431
895	13669
1171	16228
9015	14891
15719	5409
12386	19498
7396	18808
2096	14926
3879	19511
5504	16574
19369	12633
5856	9485
18568	2014
1301	12640
7296	15030
6396	647
11610	15774
2225	14392
8370	3444
14408	2506
5021	16500
11185	17217
15657	9157
4780	13089
4072	4661
9781	12584
8200	4093
3262	5871
103	12431
13936	17486
12202	9917
15631	11899
2235	12307
8538	12520
17517	11208
16575	6070
9351	19632
8846	13179
6107	11588
19701	17463
11673	7818
3438	5385
25	15134
12859	43
9315	7650
10589	5189
13775	11693
5324	4998
19011	9945
6528	7701
13163	3874
4426	7506
10656	4951
13727	18631
11943	7155
15467	19625
18059	10889
17191	13206
7602	6935
375	7325
13826	17279
7053	7076
15123	11360
10409	1442
16891	4790
2415	1785
14325	8511
19317	18850
6943	3896
3690	19513
875	3835
9692	16518
17707	2937
2505	5732
337	13066
8422	679
10929	19647
11248	16943
8730	14077
2266	17093
1167	12870
19520	16704
3908	10833
8371	18184
10750	9167
9692	18827
6240	18625
4880	12130
17014	13930
13086	11258
618	8297
18595	16181
9365	516
4725	9690
14692	5408
3715	1326
11373	19526
16855	14446
18482	14237
558	12113
13114	2046
1792	2724
2509	11488
14709	3397
2093	6366
12787	13493
19701	18612
16425	19010
11315	15018
12592	18404
758	16407
15390	8295
2333	8236
18118	16453
10734	17539
17762	11365
14415	18995
2930	8992
17974	7673
15648	7449
9339	11056
12202	3835
3341	9799
3988	7961
14391	4278
18975	15445
2930	11056
1721	3737
17265	19685
2936	8317
12013	12831
2738	18693
7217	2504
18018	5884
18074	18689
7141	5998
2157	17380
9990	12629
4442	6928
17490	11389
6509	11243
9330	2937
4858	9439
1443	17927
12598	8267
8008	18514
17745	12680
10763	1989
10538	2878
3373	10082
17331	16518
3641	5419
17174	2777
4074	1848
19073	13902
12119	11754
19423	19698
18168	18199
625	6924
17592	18450
3334	4511
19050	14606
8783	7076
5760	10401
7541	9418
1941	18753
12387	2438
15194	1057
13096	6725
13114	14856
8325	483
14139	57
173	6252
8350	12862
11400	14452
19065	14299
16165	14408
13290	16432
19408	1654
7217	15909
448	10950
9190	680
19080	16458
19509	11203
17229	15213
7969	15929
17745	8577
3952	7146
6703	5304
12394	14346
15025	3403
11230	12690
9806	421
5845	4043
18357	9028
12581	3051
6464	15763
2002	13333
3511	2070
17511	19447
11770	7325
165	11681
5411	2677
14953	13854
18112	12516
19347	3835
898	8083
11354	1986
3304	16199
5880	18203
13326	7667
17715	13026
5542	10892
8859	12400
3897	15578
8930	1060
15488	12252
2480	5158
8739	14582
3270	16117
7270	12530
8972	5706
18310	4032
1014	11757
18568	14425
19558	10645
8488	1406
18730	13087
13326	8304
8761	1815
14765	4487
12311	1019
12653	16819
2292	13854
3988	1338
4880	15674
8909	6227
16672	19656
1524	11364
18370	561
10763	9373
15657	12759
4038	2453
5678	1200
3163	630
3715	9275
5406	4767
14268	17576
7866	579
13138	4899
13498	14088
735	12256
298	6391
390	19639
4160	18968
18591	10956
2103	10701
6007	10598
637	12583
18553	15310
8497	8003
11247	10811
17770	1101
14807	1373
12720	702
1356	17169
12148	12455
10511	5117
15406	7065
2932	8323
17379	487
16346	9563
9579	16775
12772	4116
1143	275
12137	4893
9617	14275
18158	4230
10410	16928
3557	7516
15446	4497
11043	17692
2642	5817
9678	7222
842	10959
11496	848
15406	13192
4863	10008
5784	3993
6402	3739
8873	4653
16316	13072
13083	14979
7081	3339
9957	14477
4585	7743
13096	11040
15121	10823
15813	3043
18571	12680
12854	13080
14391	2217
19565	1832
17903	14269
14274	12917
12702	11570
9428	1909
15912	6937
17418	9766
18328	846
15170	7019
6683	6305
7097	17658
15033	2274
14230	15183
15194	17460
16577	15172
9616	16278
1417	10608
15899	4618
12948	6888
14295	11223
7514	7503
2177	1250
13372	18123
13555	8953
786	316
17959	7184
11498	16080
11970	8049
13083	19380
15888	2874
7641	12736
7296	1122
18300	15369
18840	8291
12682	12388
5324	4514
17111	13028
8894	19622
17014	4552
8846	3389
16665	13072
1634	11581
17112	10395
16487	3403
2930	5409
8692	7445
19262	553
17743	11248
10331	14378
15406	1027
3163	5844
7024	18788
13056	11838
19526	416
9321	18604
7100	6010
4393	15708
5154	13949
13024	10211
8134	9132
8140	11411
7127	7432
4436	937
11756	12516
11833	5771
13400	11341
16129	14669
16197	16335
3178	14958
10527	11570
15390	19421
4560	13164
3879	6214
4817	7098
261	11764
15147	15954
8381	12829
7457	2152
14945	16838
7217	19633
12175	5812
14903	7590
3641	1092
15270	2589
1356	5293
3701	1367
15564	14444
2606	10381
18370	17601
12146	7571
18074	14766
10695	19222
224	19562
13477	6495
15519	9825
13555	2005
17157	13551
4770	18746
5171	5755
1695	9580
15760	10685
5238	7999
19251	3974
68	12455
3865	628
17174	16248
3650	6309
17426	9323
5407	18689
12854	15357
8014	5794
188	7286
1330	10304
12497	9397
1208	18487
1714	18946
4595	15142
12249	16518
11797	8357
7663	18845
12044	16670
12752	18646
1443	13765
2051	18737
7405	11303
17361	1585
2631	14481
558	11169
17069	208
6442	6417
1264	5246
5730	937
2027	10218
19551	18710
19474	5123
3438	840
7315	6140
12388	7450
13839	14796
2606	10837
12249	15222
16515	4460
12414	3612
5132	4043
15467	11606
14069	14610
19675	12306
4880	15849
8401	7981
19525	6131
10817	8154
19523	8963
18740	6742
78	14357
6368	11942
18856	17357
2885	6272
17364	4869
17443	14944
1259	11584
14133	12229
8989	4034
9490	16604
15286	9459
7014	3360
18747	14238
3582	4723
5520	19133
7969	19639
5140	9624
337	358
449	16518
19073	14144
3902	5688
4121	8424
13869	14864
13775	5478
17621	17414
16165	11441
15356	19386
5019	19608
18272	14092
9485	12380
2418	15282
3678	12595
12044	716
3811	7979
11706	16668
10426	11300
3667	8802
13619	11031
14785	17637
3161	6083
15975	8716
5995	12536
4560	3134
6753	12150
9928	14017
1721	15530
6795	6677
14746	15524
13524	12718
8859	10854
18118	7958
1336	5832
19281	13227
5108	6118
3809	9068
587	17677
9707	6789
13295	17183
17991	8717
7943	15176
10809	5462
16191	4320
10852	3389
17191	4376
3150	11131
4942	3884
9634	10960
7302	7076
1266	12228
2119	9579
19051	17191
4380	18403
6104	1608
1634	13919
13382	11793
2049	17507
19520	4837
4230	3716
2520	7076
12979	10934
17715	9598
14765	7759
17023	3562
12636	16696
10404	17232
13230	10644
17396	5947
8103	6765
2051	4743
587	18719
7739	2249
1884	14034
14702	16840
18557	10166
9322	3294
13083	11509
15446	15731
10734	1430
16526	16875
2540	12862
17191	11442
13135	7076
11224	19135
10355	14830
9239	11351
10463	6723
7173	12427
13560	7076
17023	2138
18305	8922
12156	9954
4776	14869
15859	19646
4094	9971
15588	14838
12477	19055
7968	14944
11738	15692
13174	19587
9418	846
5465	17126
17191	17765
2813	2314
11009	19368
19317	15078
18521	9452
6563	4238
18571	18234
4436	2419
1932	14660
17541	6233
15414	407
12772	4725
19072	16427
3625	16259
7602	11271
1307	4149
17889	7702
2768	8496
19205	18521
9480	17636
11631	7132
7217	9623
14774	1064
5406	16130
2540	16724
8468	1440
2606	14932
3536	9331
19614	3760
6229	17083
10728	5239
13993	1155
2309	3846
4699	17587
12247	2801
10656	718
4142	9103
12828	464
3092	5633
14945	18163
18524	2408
4344	14533
18545	9573
12878	15818
17341	11953
8805	13980
15370	5294
7417	18184
3607	11077
4451	8862
7577	11115
4784	5150
16197	814
19281	3411
13784	1481
12	19257
2191	4470
1013	2020
7852	900
13506	7037
10070	7802
5153	11068
16427	15134
4074	4319
18980	11712
10669	9480
713	17129
2904	2926
15615	18988
9485	4179
492	1390
17089	8210
4803	7906
6311	14864
15975	13214
4170	8057
7071	18041
14097	19179
9640	8293
2177	5839
6554	12092
7617	11290
13940	10394
8041	4625
15445	10548
12258	7298
15421	2356
15983	9766
6973	9451
14020	8487
12445	9719
16591	8093
8802	2170
5998	12836
405	15621
13704	358
19338	13131
13893	13713
10313	16316
7869	11335
17592	18512
4121	11365
8343	5804
17604	14689
16896	3330
1782	12619
7127	4309
5987	7849
5490	8323
12390	19229
19266	5732
16526	7707
6202	3475
11926	7372
7217	18513
7287	13835
9705	3267
15152	454
8150	15383
19266	2505
13416	3693
12986	15837
1171	5265
14478	6869
8138	13680
2885	794
10502	14527
16977	19077
11535	4706
585	2886
3782	17620
8950	16657
3701	9468
10139	16518
8239	12373
8929	6480
5490	16912
10774	3407
17023	10683
8541	5924
17042	8569
786	5682
11162	9090
3926	13833
6067	9638
19523	5770
3607	8483
4256	3041
410	11817
8583	11109
2105	5468
2732	12757
3039	12431
4817	4943
19525	19578
15370	4869
9606	15789
13822	3835
8512	11960
12019	19691
4121	15097
17486	3931
17695	9311
188	10487
2252	17122
2409	17656
16404	11952
18922	1925
5845	4687
3334	11247
3274	8091
13690	10902
14742	7648
9060	13854
18589	14853
16178	16625
17254	6024
4065	7454
17426	14846
12653	15451
17897	742
8212	451
2243	14617
4906	3039
15422	17540
14287	5063
2423	8417
11840	5617
11254	1161
258	19222
8305	15026
3667	12306
1397	14846
17897	349
16079	13244
4569	5523
4412	2506
2885	14539
13924	10033
18904	1043
17098	14231
9927	12040
10275	15190
16399	2601
10856	7633
19530	5468
18554	3931
13152	10245
15312	16518
19477	7641
1204	4209
886	16199
14807	12224
17082	7470
18966	11647
4725	8207
2200	9470
13251	4276
7617	18253
8535	6953
3778	17708
2527	8562
12263	2261
5919	7168
2941	138
298	8297
1216	1193
4748	16039
12197	5866
7296	1644
10275	3784
18872	2478
280	12431
1853	12223
3993	3768
11737	1827
14566	5858
3753	9515
13350	17192
16726	18966
12576	12044
2916	16208
2104	19613
757	14705
14774	4376
6285	3835
13083	19128
10817	15079
11645	6899
3988	16719
715	18883
16090	7744
4041	386
17261	10773
19338	10642
4344	3250
18991	4774
18310	3846
19717	1160
15774	1023
2423	10401
14683	16021
11378	11999
558	19463
3169	11991
12979	9888
18059	8032
2294	15398
9883	14221
10014	12512
1291	14558
18975	14877
1655	8963
7445	17082
4480	17425
2566	8773
12845	13959
5096	12914
6722	2831
17361	7455
6814	9496
19386	17548
11425	11102
9644	18717
11378	3119
12130	10008
2606	13976
19	18961
12689	2167
11670	6094
1886	17800
17946	7743
6510	16199
10983	15134
16339	13818
4241	6010
7474	13545
15949	3223
19423	15504
2013	983
19509	8159
19011	474
2350	4105
18966	8784
15937	14909
12388	846
8488	12339
9242	17983
19072	12120
13607	1196
5019	4732
18458	7246
3762	19561
15813	1203
7141	9549
2002	16081
7300	15905
11289	8199
8392	3489
7306	14226
17729	8802
12084	11961
1321	5019
4153	10500
12585	8398
3582	18482
12701	11061
4354	421
7135	19608
16049	17345
1721	11260
15188	5618
5406	5262
6312	8174
16665	18307
14624	12605
7494	13763
15601	1291
17681	16406
5781	14812
14014	11175
2415	15417
13088	17010
8381	14381
4142	12481
14682	2526
3541	13374
19251	15572
8849	3013
790	15498
15562	7236
3150	6637
7617	7785
6278	14469
11670	9320
1521	19629
19386	16247
18597	1101
3183	9449
5299	11345
6842	6679
18354	5401
14742	10431
19713	2107
18333	12926
10665	8054
18417	103
14389	15012
7127	1500
9424	8066
18740	8678
12148	12321
6096	5833
16984	134
15268	4760
574	14769
18410	4154
5737	10569
2027	9025
19403	8337
15085	5911
15221	7628
15338	16518
18019	17531
604	3548
9634	8564
1922	6866
17661	15334
8280	19265
9834	5899
7724	6604
1952	6303
15312	16704
8839	6419
3715	12234
11819	2701
15719	16164
8156	3632
6655	10005
2510	4728
3557	8448
3385	9387
5896	7626
9418	4360
11425	7928
788	12848
11580	15950
19717	13966
10124	6629
8524	7562
19209	979
13290	8246
18695	14926
18424	13227
11349	19710
19425	18795
14664	19461
15957	7658
8456	11335
17215	15477
12821	12453
17930	18868
1549	7235
13998	145
15180	9669
9362	291
8723	17531
16526	17062
8538	7076
12647	19639
16570	4606
178	6640
18717	15763
18809	1422
15733	10030
3715	1631
12737	13674
16176	18595
7053	4839
8156	19529
16165	1909
8458	15830
10824	7600
12854	10209
15012	1630
18554	937
7823	5465
5678	11272
2705	8100
5653	7386
7142	4201
9732	10949
2027	4599
17361	4146
3169	5482
6690	3281
18017	3409
1066	11357
16346	3401
886	6582
6722	17794
15356	14625
15511	13054
3959	5075
13543	9620
13337	5454
15733	8236
10933	12830
18417	16520
15315	19421
10878	17607
9264	9691
15983	16318
2932	11853
16656	3407
1138	8611
4009	6762
1441	14256
19688	5360
695	5868
4499	8669
14295	15001
15552	18122
17191	11595
5230	5464
7602	15892
14941	14980
254	2184
16851	6303
4656	8236
2022	10833
17846	6888
4560	10239
18425	8362
224	15110
14933	5413
19713	1145
10527	4822
10064	13599
3140	19695
11698	3664
12702	12939
17726	6590
5868	3544
6513	8964
13015	4028
14230	13717
18819	9144
8597	11603
19041	10090
4167	4187
4766	10704
8580	12228
9868	7272
13460	15336
11679	19381
3988	15588
15678	17912
15681	8289
2584	18899
17191	12480
16852	6658
17229	7054
6407	395
4858	11693
3902	8624
7391	10989
8212	1605
16197	15366
9225	18085
3762	40
16702	14737
938	7076
14882	3455
3785	7487
3187	6917
4293	2226
5108	15422
19275	4785
6999	18278
16589	15774
5381	3318
7672	12702
5788	16832
94	6618
3920	12345
8692	17944
1810	14654
8325	17578
3793	6663
14252	3805
4078	17209
13400	1988
17946	950
2680	7468
15582	4723
5299	4781
7451	11969
8541	16463
9628	2054
9215	15841
9120	12927
858	2434
11027	19671
19523	12862
8839	6716
16049	18071
2157	7748
5605	17460
16555	9021
12540	10159
11710	11382
4740	1350
12087	17003
7457	3223
305	5415
4121	18085
16887	3064
5664	9476
11622	19222
15888	11985
17288	1994
19299	13593
252	10077
3677	17097
19313	4044
19275	18383
11844	2046
14789	10095
2606	19429
12289	14451
15915	1373
12084	6634
2423	16043
1922	633
9322	11303
8150	2973
18328	17040
1831	18398
6311	2837
18740	17383
2225	8034
15975	10125
9692	6491
7768	10307
4343	5002
5258	14073
19404	19204
14217	16124
8138	3438
18526	14730
12038	6729
1435	8897
15550	13065
165	16981
9640	14899
3385	19571
16129	6333
13337	16866
9418	5948
12149	18819
4732	8564
7266	18415
9312	11376
18572	13782
3282	11945
2418	903
15889	1728
3828	5003
5451	16335
18110	11226
17229	9020
3774	14540
17139	13268
10110	16076
5981	7787
17940	8800
2105	9324
2874	18936
2969	10192
19262	990
5311	14775
4480	11042
14765	1351
9628	18468
5765	8800
13039	13189
5485	6168
5606	9626
15835	14199
17745	18503
886	9520
12289	3829
15356	863
9382	13854
19477	6795
18488	18798
2360	9479
5808	17109
11645	2612
870	3587
6198	13333
858	10926
17583	12299
8929	6590
15164	17818
9167	5984
16506	16476
15511	788
17061	4635
15244	13076
12188	1202
19713	17917
4810	10062
8738	18541
12941	16249
6722	5482
18572	1836
7071	9302
1655	4143
12044	16630
15446	3365
18276	19179
13607	1654
17994	9462
6442	8251
4942	19632
18526	467
11261	17904
3551	8439
17529	2105
8466	4485
13822	6550
10070	15059
9907	4149
15967	2786
5004	15053
2333	13363
9083	86
2536	17846
17704	13407
17426	16041
2013	11445
12326	13794
5004	14749
4856	7222
14437	19194
10750	10005
18472	5332
6257	1909
14785	16054
3920	6474
5919	8749
954	9047
9613	9942
9412	4852
7541	7372
5788	15343
913	15203
15151	11790
15370	7335
15316	6374
14011	3726
8102	19172
15512	18969
1793	9741
13672	9137
16534	16012
6513	7159
16502	7405
14741	4031
4880	8075
8104	12265
15025	16980
16487	6064
12067	15881
2732	15073
7445	10934
3223	8887
12997	5675
12012	10184
19520	3122
18403	18597
4604	6512
6509	15172
16916	12483
6233	6921
15058	6002
14328	10888
7889	1449
16665	18725
14903	16929
2225	4478
8932	15574
14810	5867
3341	17247
11250	3436
13617	9852
2360	1855
5958	10639
10051	3955
10663	3606
4659	11450
15534	15046
3270	13321
5987	3913
2527	13167
7933	16215
12986	380
15511	1713
6366	6626
13033	18643
1732	19369
5664	8802
11844	6590
2049	7798
71	16105
16197	14669
305	16518
8284	15232
19386	15940
14425	17666
8392	13160
18482	2075
5880	3264
15905	5028
11123	1350
18074	11961
11670	7278
8066	12307
11670	10785
17988	9532
10532	18919
1559	7435
5864	5685
16437	17887
10718	7691
18686	860
12204	5858
19080	16825
8692	9882
5791	16192
16752	7409
10628	950
6659	1402
8539	7402
1664	9594
7071	12915
8692	4424
5090	4816
8464	12623
7312	10485
12175	13855
17945	19665
11850	9158
17681	4656
13309	4687
6417	16567
10983	9227
2262	3586
1800	9387
4913	3179
11261	16071
7081	10312
19525	1578
6722	10500
19050	2988
10139	16424
18361	5808
4410	15130
12585	9817
1634	7522
13174	8181
1573	4723
6400	4796
16747	4918
10553	11308
13295	8908
3555	11756
16287	1648
9551	5356
5884	4977
3582	12825
19011	13073
17804	18537
1345	7672
6437	18316
11635	5817
8512	17109
8400	8874
19050	15444
8028	10500
15422	17557
17772	6150
18132	13515
6488	11038
7457	4227
8109	17558
8643	10163
17439	11961
10014	12862
7503	19154
18467	16316
2983	14640
8350	3716
655	7143
3329	14684
11743	9198
7873	19046
7617	3556
18636	10232
3140	7068
12689	7123
19331	1833
4803	17786
387	3717
1068	14808
11849	3610
13488	8227
15444	6788
7768	10544
9288	7310
15356	17089
11254	11682
8320	15118
19464	6282
374	16080
986	2736
1050	13888
9044	378
8280	16038
7029	13319
2353	7798
11496	1498
7885	7448
13893	13333
18736	15708
16440	1545
165	12452
11211	7738
10878	7110
10067	6731
435	16917
2028	16661
8538	201
6377	7813
19347	2320
16931	14838
4499	5409
19305	19429
17866	18936
1496	13906
3240	8719
8894	18850
4049	8999
867	12306
6539	9147
19558	4883
7243	4306
14102	5472
8809	18958
11013	9428
986	11210
8152	4725
9976	11663
3091	2784
10436	4436
11212	13471
9644	1644
8720	2046
17244	6525
15193	8944
14855	5360
397	10943
10970	7145
19050	18167
10774	11454
11166	177
2177	10885
3150	10331
3625	14480
7748	467
10637	14572
6733	5252
5105	12397
9965	4347
3677	14279
12013	2329
3715	10914
1273	13038
19112	16054
16441	3911
558	3654
14480	12541
8689	3874
5	12898
8816	12926
7287	6767
13727	7019
1721	9346
5806	593
875	6377
14609	5050
17989	1505
16165	10109
17426	2336
15716	6957
10014	1224
15012	4095
2983	9704
16488	134
7820	11716
5847	2951
4731	8543
19079	4831
1301	6937
5970	2282
16052	11584
9834	1101
11668	9262
6331	9503
8738	2258
11496	6333
12720	1487
8929	17040
6943	13584
6513	6382
7063	669
8006	3944
8201	12790
15261	574
4259	15846
3690	18990
6488	5243
16056	11365
2489	1588
10763	3465
8356	3174
15012	906
19646	317
13460	10166
11837	17682
10444	18436
19051	3540
11930	5736
4075	13939
10331	10105
5678	5605
16238	531
17761	4147
10073	187
2103	3482
15930	16343
620	15662
17006	18512
11378	19613
17511	2005
10737	9156
14954	17415
5324	8066
3464	8677
14012	12539
11261	19129
11283	8802
11616	9912
19015	19081
15127	7325
16335	2766
19073	17524
10174	17789
16743	3012
3178	7013
8351	1004
5906	10936
11283	8898
12803	17561
12191	5245
13872	316
672	19340
11679	17518
8094	14545
5916	13516
13138	9824
25	9144
10124	7249
19223	13986
11397	14869
4595	5806
14060	999
15123	14060
16756	11363
18040	12842
15467	17508
4286	10231
5499	16979
9322	17233
4731	8041
17181	4854
790	9363
8195	7667
4811	6683
4560	4984
12333	16246
15416	4146
8635	2541
5788	6430
1138	16514
10858	296
13144	16289
19397	7074
9339	16518
18740	13584
9878	11272
4658	2540
3647	11726
3753	15118
9828	9813
6040	12351
17649	5898
13016	6938
6530	344
16345	6451
8456	10312
13617	15445
14790	2139
17898	1830
9322	16961
7955	1176
9485	5867
4480	4385
7159	6382
15511	13607
4142	11689
15564	17516
14012	7086
4273	7206
17276	908
17692	11260
18132	14491
16100	14197
7571	6150
10132	17089
17537	15738
18110	19392
17006	13854
1678	6460
12149	5468
16547	6168
15366	19639
9660	15382
6943	13871
915	19467
1240	2434
4625	13131
5806	2945
19251	11011
2096	7666
7869	1430
12044	3360
10045	8427
5737	4414
1907	9947
11568	19613
12035	14319
18921	9766
1014	15110
3240	13604
17081	16635
6056	12578
17807	9862
4510	146
4167	17128
9720	953
5848	860
19106	2070
5806	6737
3727	8634
9733	12479
4075	16335
18053	5117
11455	4131
17988	16518
3780	10857
2941	2025
9343	10498
5108	16140
2432	4632
11168	11741
2768	15520
18740	3103
15286	11239
6085	4037
5919	9496
15774	14912
13251	2937
11819	16224
14646	18646
17088	14461
5261	661
16197	1159
1965	2558
9167	316
9242	15027
14890	19637
14001	4718
9536	4877
3762	18402
5573	10232
188	8671
9036	2125
8805	13854
5998	19469
4732	5482
17665	16093
19011	7303
15198	2123
4344	14944
18132	3806
13971	4122
9088	10310
7573	6345
13657	15134
5886	14404
6787	15428
18276	1909
18602	11048
11423	11216
18015	17963
937	1476
10983	5472
8046	8957
19041	127
17715	17750
12258	15796
17279	2937
13940	8119
2409	15227
10091	10394
15576	673
4817	6053
3690	17295
15316	16247
6697	5181
8056	5064
6442	3184
19477	18183
7578	14450
18840	2329
18921	13472
12635	11831
3830	8777
3727	14428
14914	3661
1483	18582
4232	11955
5053	15694
11009	19102
19011	16745
12042	12761
1875	15904
7480	715
17191	2504
11771	10166
9069	1905
2051	4150
2813	16071
11795	17688
4344	9418
18978	9673
18910	15031
19614	16911
1321	12165
985	7380
1988	8637
2509	14171
13194	15191
18554	6555
4153	18403
18636	16679
11013	13032
8371	18740
18951	4822
5296	8372
11270	9386
2612	7010
16645	1189
10842	8096
14953	11310
13290	8297
17846	6957
18357	16555
12570	19316
5567	8372
11162	15879
7482	15297
14219	6752
15971	14879
14488	52
15884	4463
5779	9790
18228	3428
11421	10394
16577	1215
12185	7993
15901	14686
577	10808
15212	4138
10202	2969
17465	15524
17661	9906
12467	6474
17418	11929
14810	12623
18110	18257
16409	5385
8556	4443
2028	11317
16260	7484
12130	12232
15542	11564
13613	13344
898	6537
188	833
15488	13167
11804	10983
14011	8863
14882	6889
17729	10565
17522	18178
7141	13783
18455	1281
7568	8645
12782	2985
10829	18441
17807	19300
13584	5580
2489	10386
12366	12963
786	10799
12702	3955
12892	8809
17846	8963
10806	18261
3661	13854
13854	7076
17910	2293
7141	10128
1907	16713
17965	17049
5299	11302
5880	11971
16494	7237
16455	16518
13174	4901
16046	2828
11425	16518
15615	10427
7007	19646
11431	1251
870	8621
10886	14058
17174	13747
17023	351
15889	10731
2584	12378
5446	16882
9444	1185
6987	1267
1443	10706
786	3645
7141	390
5086	12306
13917	17177
19019	6471
2647	73
15889	13708
14399	16976
165	1990
14043	9387
1721	4285
14415	2266
18479	17095
6085	12692
17191	3006
16942	3131
14139	9360
456	11163
13089	17008
19382	10883
18554	5980
17726	8169
6178	12602
7741	1430
12012	10285
786	14370
11123	17495
15845	2159
19520	18805
18913	1862
18899	2370
11162	8598
16142	707
17739	8758
18615	16093
19509	2139
19315	3127
689	17682
14049	1337
12971	3925
13198	14082
11963	11365
13775	15688
3564	1696
18160	7841
915	8280
12366	2850
18618	16518
7093	4031
10623	10055
15271	7286
5970	14519
16775	16852
6096	7080
8056	10065
4422	9165
13536	2508
11608	18211
4858	13390
16645	13070
17710	4816
2664	4938
19065	6255
7571	15688
5663	8135
15388	18871
15629	15870
18354	13236
12862	1412
11758	416
295	16289
17261	4651
19092	12306
11283	17516
15261	10330
9499	407
7081	4302
4388	12345
18480	9432
19601	3937
14295	19660
6368	14058
3248	167
15271	2771
9940	17539
14514	404
3988	280
8929	19074
11948	7399
4971	676
17276	3906
11631	11934
9463	13368
19281	8134
19264	14342
5459	14043
4526	3522
17910	17064
19275	17748
3289	13469
813	12215
3092	4732
13111	16852
19271	17074
7943	7058
10083	13649
2190	2754
4692	18284
19251	7779
7889	11484
730	2151
843	13854
8802	2668
15166	6347
9404	7798
397	370
4819	12959
9613	10788
16086	9418
3923	15990
5154	17787
10033	17968
13350	17641
6437	11294
19378	3224
587	11361
13936	16730
4596	17727
1108	9292
17627	15837
10984	18157
6948	7105
6814	18091
14683	1193
13083	11734
19112	15686
9895	1319
13041	8321
1655	761
19092	16092
814	8992
786	14830
8887	19230
16756	6950
2243	18832
11248	12957
13069	9586
11819	3885
814	10723
7933	4279
6368	15203
11491	7565
5587	14039
12378	14256
9052	7273
19012	8928
1289	16080
4810	7833
16409	11515
11683	16574
8539	218
14692	9729
178	3505
4538	6601
5716	18759
5108	10673
3096	8089
17082	11999
9034	1881
9732	3702
2463	14804
9351	8802
17985	9155
9596	6495
17143	11742
8929	15406
5789	8862
14957	9882
6357	9281
6046	3039
8700	9158
13873	15501
18976	11063
18832	3116
4915	1060
5445	11992
243	722
15489	2571
19382	16688
15739	2411
9301	9462
4433	5037
3715	15612
11673	14766
2919	4818
17745	19700
16090	14894
14950	7046
14422	16639
15170	19323
15356	17641
19526	19318
8887	14959
16323	8458
16855	14286
786	9817
8041	14359
18951	8111
4412	5707
4638	3591
4116	3911
11638	4993
16632	16668
2027	12788
16046	16738
7667	7802
18333	9513
4344	10467
1253	16518
13212	9158
10139	6510
15582	305
15950	18208
2049	1909
2983	19288
4480	12176
1005	4601
3475	9834
11289	6797
5465	4823
10063	5714
15575	12919
7214	13333
3727	13382
9322	1849
13560	16107
13971	6232
8103	1318
14132	12640
12247	3863
3223	1877
10067	9620
375	14109
1336	19544
7695	18182
1156	3657
1573	8658
7217	5846
8929	17387
19584	5652
19600	941
10679	6785
10275	1958
11130	15763
4595	5060
3498	17754
3194	2230
16178	11667
17772	10166
14091	633
11283	1923
17804	15350
18018	19284
9692	2827
5229	1643
5463	11164
11162	18337
243	11360
8072	5744
10185	18821
1156	3700
17592	810
15813	16245
1186	4725
14765	19208
4679	8295
3537	1819
18637	10519
18132	316
14953	19222
7274	13854
11211	344
17143	9375
4776	15549
4129	19120
6530	2974
16335	19639
7411	17348
9305	316
12149	9885
19015	10061
7904	9348
19464	4656
1392	5660
9300	16077
3108	5892
14229	17484
12986	10828
7560	5925
7577	3638
11496	6742
13230	14884
17061	7937
243	10418
7899	8617
18046	4170
13709	7847
8305	6908
3782	1086
3953	5058
14252	8418
1186	9035
8685	9551
5970	13655
14903	18599
6482	5766
7597	11365
4605	15499
4185	10166
18015	19470
7296	3104
2309	13787
2122	1730
2826	13524
1458	6198
6368	12688
2969	9521
3425	7053
536	1981
193	9317
15012	9615
5614	3109
97	12216
15354	6202
3932	820
18455	6284
13555	17427
12202	14503
1913	4371
16173	4162
6417	7800
8929	11472
9300	12512
7617	18797
8929	12569
17511	4268
12026	3626
4480	14357
14273	1369
6293	15299
3782	1343
2941	14846
9034	18163
2332	3374
1695	16883
3695	5474
15957	14533
10326	8714
9294	13571
6084	18305
17688	14400
7712	9055
19403	4708
5108	13854
12805	10514
5402	3748
1417	10370
15265	3593
16768	10417
715	6679
16488	3109
16049	316
16020	2370
15811	12306
12712	19499
2693	5744
7081	16620
11738	18853
2489	1482
5962	17955
2738	4384
11283	4384
165	13852
18572	17997
8723	13079
10367	4707
2584	19116
6368	2042
11506	16775
5309	12766
8239	12600
756	16453
1793	12378
2028	7019
17208	7730
7095	5842
12084	3112
6553	6926
8923	18403
17729	18503
410	13308
2612	10437
10204	4137
2180	18273
8929	8023
15262	109
18467	15697
11052	1552
8138	13854
19271	5892
10463	332
9644	15046
11419	16997
12236	19207
17985	7113
9774	1561
704	19524
13631	12257
15033	4822
10014	14919
10397	5633
9167	7638
16532	16329
19509	15640
2029	18798
13678	3901
15813	19256
9943	12484
19026	1517
19530	1247
13359	15823
12712	18925
1837	12654
8041	6746
14803	15361
9343	12407
1264	2014
17745	1305
15011	842
15975	1827
14174	11387
7885	9217
6738	9547
110	15951
9805	7076
9273	8039
6367	1156
1634	15041
17800	16289
8929	17968
2871	7301
18018	17529
7217	2277
3830	9748
9239	512
512	17031
11738	6382
1253	15675
11906	2411
2237	9387
18131	14877
19713	327
6488	14100
17212	14401
15316	9104
6233	4929
6813	15224
8401	331
8102	10865
11491	3267
516	8169
2415	15203
2831	4929
2942	17444
15871	7833
15586	4581
8893	10312
17910	12306
7388	18308
15975	10258
13560	16361
1458	5077
587	272
2237	11417
2423	6918
7313	11552
3867	11269
17486	5581
16752	953
14593	10543
13998	10034
448	15060
3240	9001
8261	7411
14505	16646
19587	4255
10490	9954
17410	4358
4731	4468
5393	17263
9849	10533
5678	9620
7741	16741
8873	1774
12019	6590
2337	3223
6046	12242
4098	11591
6049	17015
1104	9467
10240	17000
7391	784
2871	6804
5520	11678
19420	4014
5850	13766
19520	17359
15899	5665
2004	9157
1664	2607
7457	14420
9457	17587
10986	6987
261	9731
12263	3438
532	7649
8541	937
16012	1909
4426	6387
9054	845
15534	13133
18923	13008
18480	14414
3062	16072
18341	8168
16065	8987
178	5566
10774	24
15975	16619
15564	79
18800	10500
17181	7822
891	18107
17745	3137
3952	7096
15212	8540
19404	13056
16358	16199
9720	15837
3657	1193
3469	2560
8140	3924
4880	11763
10341	11714
18482	13045
7394	12040
6004	18993
7601	17452
8930	1644
11514	12660
17745	16479
5218	9516
17739	1896
1211	11018
9661	2716
16977	42
1847	4607
11062	6840
4053	3377
4682	9612
18411	18867
10690	1792
4006	16199
14823	10536
18877	18260
2180	16921
3311	2574
7480	1542
8425	17872
11455	3323
16780	19070
18179	316
5046	16041
165	12054
2027	1798
2867	6968
15263	9695
13024	5749
756	16305
4635	17845
5820	1757
8371	1909
8674	357
1225	19637
17562	13554
11038	11164
13134	15020
19613	5039
6722	18689
18913	15735
9878	3160
16637	6821
165	4396
15040	663
11593	2005
7969	13333
19277	15231
12161	7076
11926	2046
35	10932
16534	6957
10486	12753
1727	14946
9035	17531
1171	7673
4142	12157
10751	13712
3932	15774
11612	15538
5105	2225
10091	16181
2678	11104
17482	18689
1800	358
7467	12028
4259	6876
10222	3438
1435	8122
11413	7380
19631	11029
740	6335
7943	5200
17130	8490
636	19695
19073	10500
10679	15209
886	12438
8123	975
71	12708
6795	4024
15542	13061
15322	2965
19251	11178
18160	12008
17225	2657
11638	4873
9767	19522
4532	16493
8331	14854
10815	19619
11679	8719
6257	16983
16254	18440
8593	12695
15888	9814
6482	1797
10783	1225
1984	10615
1458	17846
8700	14708
8535	16574
5297	16735
10367	16745
2119	2105
16409	92
11161	7076
11333	4716
3970	6526
1718	9938
7514	1848
2930	515
6169	19321
13662	6692
2235	14394
1970	15101
5094	18689
12390	13854
17627	815
17379	12306
7712	18041
8529	18014
4695	6689
14522	1699
13617	6448
13316	479
16506	10982
16747	8769
6357	303
4319	10376
8261	7803
17797	9723
19084	17369
5856	5358
604	2014
6065	14549
6464	4067
19496	11715
8370	2184
2188	15701
12752	507
6104	18141
3799	2101
17522	5698
7302	4993
14924	17488
7296	11365
19251	12729
6563	12788
9412	14996
18582	3611
11631	8118
12702	4822
4731	13887
1289	5973
6096	18403
3870	15553
12702	10790
2505	11363
11317	316
12772	1909
13016	8042
8662	14672
18386	14864
8772	14661
4393	8575
15975	18178
13241	18618
15012	2789
2421	18890
16409	13854
16419	4062
6795	785
670	12327
11431	16798
14132	2379
2728	337
5856	5646
7411	13815
17279	6596
18747	17210
9767	5413
16526	6227
6765	6370
4880	9158
3117	12640
11670	9221
3475	10175
449	14382
9849	16709
6542	12174
1143	4732
8239	3146
4858	6082
9325	16463
5678	2612
604	3657
2800	11502
12592	14015
9714	17471
5988	18184
10842	8066
6040	6126
837	11359
17082	18123
18497	7694
10886	18522
1345	10719
14337	16027
8695	16511
5076	15927
15444	14343
14127	14926
17243	11365
17093	10934
786	16224
4635	4703
17006	19350
16350	14090
10374	12623
17426	12485
15975	947
18488	18463
16377	10894
3920	14366
13822	16661
14425	2438
6286	12197
11386	9462
17993	769
11043	267
19455	8619
1040	9988
3341	13102
16645	12942
3902	18610
7007	2405
1330	5717
7899	15055
5760	12603
3998	3516
15209	4708
2093	19380
7143	6620
4167	18841
4260	17082
5981	18030
6236	383
12388	2431
3897	7253
5299	16635
19146	10045
16251	16833
12399	7638
17739	12173
16012	16080
3583	13167
1339	3384
10679	316
14953	5626
5445	1067
11327	12767
8292	9888
16711	5348
17191	9710
2584	12542
899	11011
14073	7631
2228	14545
6442	18264
8849	8135
9190	15641
15733	5806
3368	11061
15193	7861
704	2586
10752	10664
12118	15774
18588	7441
4735	16518
12689	10081
3039	16045
4006	4822
12399	316
6927	13359
13498	13055
17022	16306
11000	2654
11425	5450
10774	18699
2606	9175
11816	2330
12388	2154
7518	17506
18582	348
18132	19295
17373	3261
12948	6659
4731	10894
2333	19635
9383	2170
7943	18441
3321	7636
5108	3799
3248	9779
2932	1516
17604	18735
5788	1418
8086	779
19600	3752
14069	2694
1521	18485
1171	8912
17800	5730
15681	13582
6570	14155
19329	18611
1008	2204
12821	14926
3762	10004
8556	5578
16239	13436
14709	14151
13552	18800
4324	9654
5716	17589
3830	16767
5653	12898
15759	17395
15416	14771
4016	15805
18655	15091
15416	14373
35	315
8350	1350
17336	6010
6425	8498
2334	16962
10815	17308
13961	9601
14789	2239
16419	16402
18544	18506
786	8594
8244	8826
17715	7791
12265	14838
9305	791
5076	17127
8929	17874
7743	8450
18270	13794
16251	6922
16551	3836
15629	12131
14296	7708
13555	6560
12500	1863
11419	4149
14437	18313
7351	11301
9557	5866
8989	5185
7175	16352
16404	9570
390	1101
3092	10550
10091	4178
538	1931
4880	16330
4242	11389
11737	11777
13348	6136
1443	18996
17761	19661
7978	13720
12979	11873
17793	1153
14815	325
1184	639
757	16338
7717	10871
13064	6451
10355	5243
7578	18711
14020	17916
875	2994
18333	13697
1205	5584
8158	16661
3169	7759
15045	11914
2767	16588
11301	13402
19480	19643
2693	10753
4442	11335
7053	2261
14807	13904
14767	5229
19275	9112
14073	4170
1837	4441
14242	14154
18712	389
17457	4031
11881	4912
6345	8609
18007	358
8887	553
7081	18083
9118	1105
516	976
17439	17810
1441	18725
7739	10877
18582	15774
10858	964
16403	13370
78	10590
19520	7479
10806	4412
4443	1284
17627	11751
16251	3862
14424	15992
13563	4079
16589	9464
13693	10599
12523	11389
14807	13052
1528	108
14328	18229
12787	15209
18442	19095
17426	9227
18278	4551
13563	7614
19620	2866
3066	13499
17804	7638
3430	3309
13477	10428
3923	1224
5252	16701
3498	1206
5247	15408
4913	3244
17804	14864
11270	2772
3363	10566
17319	7390
3187	9227
8201	8317
6094	1238
16405	8934
5029	8170
5790	7637
8327	9835
11906	4373
13560	346
4009	7076
8700	10500
8556	602
10774	392
7739	3921
13359	11999
3326	8098
4433	18164
3677	4245
4210	9734
19051	601
8401	8337
2415	13390
5734	11018
12175	9535
9732	16331
5299	8414
9301	9418
4442	6860
1167	10860
5485	16278
18110	6153
18357	9480
17483	7576
5806	9497
7528	9062
15316	16775
6236	18638
12473	6303
16599	13116
6526	16514
6451	10728
577	2269
9678	6112
7135	13494
6495	2653
11491	18654
13978	14530
13428	6757
15949	8292
4242	7644
7920	1551
1984	3835
19051	17418
19697	8610
3998	3593
9485	5360
1739	15841
6640	2655
4142	13507
14560	9684
11630	2673
11670	13333
2027	7558
15765	1196
3321	4726
11026	4799
16063	1021
7789	12352
17511	15022
7668	7076
11906	15075
10124	9281
9242	4935
13391	16613
1884	1530
11252	15604
5814	17419
5048	14108
3625	12889
5485	7076
1014	4798
19690	5508
8210	8474
12118	7188
16473	18533
2121	9042
8343	3167
8526	5796
12892	7108
16656	1856
15905	11010
3015	12017
224	15157
2766	9888
5019	19073
13631	17780
4880	6633
15902	15608
10733	3875
13400	9390
10417	19180
2175	14377
10091	4175
8028	6723
13024	8690
2814	12315
5366	16042
5021	9640
11419	722
5998	18020
6765	10500
12583	9437
15813	13454
14566	18072
17631	3057
13326	2230
11925	9503
12821	9620
2333	15172
2444	8749
15160	18063
8320	16286
18717	9845
7823	4725
15212	8949
13617	4338
17182	516
16427	19699
1678	12640
17665	9009
4915	187
3727	11307
8929	17126
19699	13446
2004	18272
13174	2053
4913	6510
19011	14913
17006	11020
2768	6661
14829	6979
15575	18570
10751	13167
2360	12744
1126	509
9613	19426
14086	2937
19027	8885
12182	1279
5411	1722
16488	10315
8056	7888
867	18085
4072	8719
5387	7627
18386	316
1216	7074
8597	18552
6722	6233
16150	7985
10809	6711
17846	12431
16931	16080
16597	6725
6437	2548
17143	15919
15889	19673
149	3682
10751	451
15517	19298
15648	13669
196	1285
9393	5648
7480	2114
7518	5481
17522	13347
15542	2973
4043	9496
14301	518
2540	13287
5105	5240
4094	5318
17696	14926
18664	2079
1721	5434
1683	13978
15785	4987
18920	2241
16012	18409
14514	12213
19021	13035
160	11090
8070	13842
16852	3587
3178	16803
15813	248
13619	9
9123	8586
1695	14819
10858	3381
2602	16091
1005	18517
13400	334
2611	19076
6550	9214
2463	5603
7291	937
12497	12900
17901	221
9618	7047
4032	19530
3056	4822
19266	15181
165	11818
397	14711
18356	9281
7457	8318
17388	4071
18568	4443
2118	16518
18589	19664
13775	6122
3658	8802
12326	11842
1167	16521
3998	16518
12636	5037
16316	12128
11496	5665
18819	12862
19525	15687
14701	1354
14522	14591
2103	12208
5663	1346
3583	6260
1138	4170
16197	14611
10064	12803
14624	8681
18913	10317
8212	18246
8715	7318
17482	6010
12087	7712
11789	8607
7029	15116
3113	9281
735	6928
7617	4759
19520	9934
13560	6091
9917	17557
12575	6680
16049	7019
18497	9220
3774	4721
16455	12860
4545	1561
2606	10459
12057	2915
4422	8802
6539	4683
14080	13679
6927	16453
13657	16156
18973	12632
10856	5427
15128	704
4408	563
18110	18774
14325	6310
1847	18371
15239	18840
1640	9227
1651	8802
10331	15278
16275	7756
3074	15277
1634	18178
11580	18028
7029	15774
859	7635
13669	9968
5086	4299
5521	9601
1443	6419
17141	16518
5127	9888
13995	3123
8894	14426
6233	9428
17910	658
8251	19642
8593	9465
12204	9053
19271	3273
8140	114
7604	7666
15835	14942
11994	9146
165	7292
10366	1966
18488	17332
3630	14672
625	13515
10644	17629
18038	1238
7743	12837
13401	9601
17868	14866
10858	3114
16564	1061
2292	4432
8873	14783
1266	16852
11630	13171
6107	14787
2709	5578
11162	2400
17774	11484
2540	19639
10985	5682
7715	15677
3169	15283
7	13789
12828	8966
10866	18936
8929	17858
15949	4277
14127	15488
13333	6303
15033	9638
8422	189
6821	282
12161	16410
12606	10439
12862	1864
18951	3424
6233	6010
15888	10866
18497	15831
1171	15837
13458	16837
7939	2315
1143	17840
3014	7954
2536	12431
9054	13854
7405	1849
7969	9158
14406	17116
7173	14531
9190	9010
3385	7447
188	18223
1677	10401
19391	8249
13408	10754
2180	521
8305	14887
18717	13421
8139	4016
13448	7334
899	17504
11283	5993
15075	11293
7514	13371
2519	13958
8072	17954
18655	14221
12118	12306
4820	18011
14045	4745
5806	14105
19060	12513
16293	17183
13619	3915
2831	2914
6987	19507
1952	11441
7313	12590
11770	7019
6510	19587
11413	14562
11635	13981
252	3489
11514	8297
15194	2025
5381	2995
9480	11717
11932	5075
16786	1904
15721	5378
14880	14286
16165	2258
4526	8982
3542	13839
6368	12149
4142	13202
9294	5413
7503	6269
17331	3078
16324	8800
8102	5243
10070	12681
13607	3230
1150	16574
14219	11346
16500	2703
11268	12681
2382	5083
7405	12619
17940	12526
11043	7986
2103	18828
19530	5760
3183	7076
6368	1909
14957	11387
5324	7206
18526	19222
1266	19639
15888	14256
9365	17460
4885	4902
18442	286
12366	1354
1138	2769
17081	7931
2584	13144
9895	8637
9425	19639
6305	1051
15937	5684
4214	12598
12399	11317
757	12702
12188	12313
14594	15559
8456	19096
19313	13904
19701	13455
9788	1191
4286	18842
18521	5003
3135	15965
3690	1514
1321	9579
15244	3512
17439	9888
745	5929
8802	17318
3150	19423
4532	13236
19455	10776
6202	2266
8843	4697
16455	8122
18233	15823
14071	8741
1259	5385
397	4143
14522	18699
8327	2438
16692	16178
2228	15592
2013	1963
12012	19043
12732	2179
5845	690
1126	14926
3920	9307
19281	6220
14301	4245
16448	14923
7254	12573
17715	5464
16775	4612
1289	12640
9714	2144
10366	11484
18921	5492
17169	19469
8630	12216
4803	4931
11694	2184
5108	1397
6007	351
3870	14068
6186	11572
6637	7100
9938	12841
10409	11618
3464	7210
13088	4047
243	16093
17846	16071
18454	2778
12653	8018
13822	14906
11925	13186
1922	457
17212	1466
16079	12165
14882	9626
2028	18386
14097	2046
19049	15183
15535	9180
1651	14239
10461	16125
11970	8236
19620	10934
9131	14666
11317	14864
4395	353
15758	16515
13460	7204
3701	16302
13437	5435
1800	3807
13730	17511
2608	14972
15960	7180
3701	19076
15151	19098
7351	15621
3155	1105
12084	10008
2983	15019
2382	6188
11211	10477
18972	3738
17364	18359
3293	17630
14914	18284
14948	18180
18425	17288
16532	2005
2104	1402
19565	9043
2252	4948
17214	2900
516	17726
2252	7863
19523	855
16157	8964
9034	12841
7173	14868
6257	14005
5135	12848
10409	11842
9190	7276
7231	7155
8343	13281
4997	1853
8602	11887
10783	7986
4915	14438
12941	5464
5493	16868
17619	3849
10275	2005
5896	12368
8086	15278
465	6590
11196	15774
3627	8790
15719	4279
12026	11321
19317	12982
10620	11280
16287	3805
3311	15799
4798	14169
15859	1129
16426	11260
9058	2332
16101	2225
12859	2654
8802	16026
19051	5633
12378	5472
569	10152
3701	134
6056	12040
14692	8211
16868	3982
4123	1430
3471	18331
17762	802
8472	7764
6566	19000
13391	10996
18312	1938
9726	17476
8621	19639
15170	2150
8514	13625
18383	10258
6086	5997
18494	10236
7978	7899
7159	8236
17762	16056
10886	15159
12714	17460
19713	14530
17815	12520
18872	3333
3762	9504
13560	8969
17985	15693
886	5752
4023	3657
3183	17600
5916	11318
15542	2700
7933	10075
668	1909
13709	3951
298	18005
374	11999
18307	15945
10027	5360
14314	5415
8238	16998
5845	11221
7645	6817
7300	8057
4798	3367
6323	2370
8783	19354
11683	18186
2910	12336
7405	11164
14405	18306
888	8444
18819	5491
13024	12924
8002	11800
4740	9158
16274	1479
3847	16041
7374	18556
15209	17476
846	2215
2230	4663
6463	17539
9957	15757
14882	9418
7100	13333
17205	9796
14973	3558
19264	12445
5880	8135
18966	4222
1809	7362
6570	518
5678	14864
14940	13955
15582	10601
14933	72
4858	6602
5090	15441
13290	18769
17846	7100
19699	7421
7423	7988
9011	6342
7672	15662
11948	18875
8930	15682
4319	7139
14683	3799
3933	124
3762	10500
12698	4155
12378	16778
8195	2612
8357	1225
7866	15238
165	4316
13416	10370
11589	18150
7	1589
9485	18353
1188	3835
15177	479
6476	1629
6293	8844
13477	16388
2814	7786
11078	8135
7885	1701
1875	18837
16575	18549
3223	6212
12802	6227
5355	9389
13770	11693
11819	10735
6094	14132
11837	16352
3694	3922
11698	15569
12390	7043
4510	8121
63	14630
10637	4792
19162	15815
14609	11769
16129	2046
8370	12803
18432	2625
4682	13667
1793	4458
15819	7722
14000	2059
6765	7964
13961	18717
5426	13414
15390	12219
10341	14731
11413	7076
5393	17773
16455	3299
384	312
12118	2504
4426	12075
14071	14594
11877	9601
14922	4548
3648	12223
1600	709
12118	13375
13416	11120
5585	10114
19631	3109
1952	5127
3464	9192
18966	16012
13628	7842
6821	7143
9365	14063
516	6590
2333	10119
4666	11028
1837	17837
17093	7131
3113	8569
5387	922
4587	9142
13144	13333
15322	4024
15681	17650
9634	7207
13015	18172
17219	7206
196	18774
10774	14237
2520	18063
10315	15376
3599	1130
12532	9843
6366	18368
2423	2714
13641	17235
4692	802
630	18533
8497	2447
2350	15267
18074	11123
8626	12452
16065	950
18713	575
18362	4311
17904	2506
14133	13038
18266	13583
17205	2297
15631	5949
19183	17473
16254	5804
6655	16320
1264	1200
13826	3360
6086	3586
15884	13326
8441	6198
15120	14633
14314	1562
8086	6486
15262	3438
10806	17860
8008	2207
4520	2105
3290	19209
1304	11050
381	10689
11670	6957
12310	11404
5108	16584
10983	14892
2262	4967
15366	9158
9962	3990
19640	9687
2048	15289
18231	7088
5297	15262
188	11534
4817	7358
15937	1840
10613	6400
886	4822
3448	10231
17183	4024
3056	12975
9579	18409
17846	12316
6437	18327
10409	14548
11598	7372
15905	7743
19241	8423
2505	17285
1013	17191
14740	4030
11166	7653
8583	17033
18525	6253
1013	5132
16692	10819
14810	316
14823	12306
15212	7076
10809	11291
11077	2866
7482	2895
14273	5605
3667	9051
1266	16463
15188	583
3617	1430
244	3302
9042	16933
15511	9659
15835	2348
17545	4250
17421	5593
5737	9864
10879	16657
6086	10592
7428	4548
10610	2165
5606	18966
6500	12760
6200	18360
14948	3423
5848	5883
8219	5303
15156	17509
1122	348
2519	18565
693	1599
11943	11123
5169	17408
5779	832
11224	4614
18747	8871
14799	514
16887	9275
19065	5792
18677	8645
6396	1574
6861	5938
10656	9388
18040	14068
11926	10666
19688	6103
19613	12431
63	9653
2191	17556
7601	5651
3140	15914
3880	17468
8270	17296
17974	10769
11003	652
15587	14090
3902	7340
7641	16247
11819	6725
3537	6403
8839	326
15782	17344
11000	18102
4451	18090
5806	11195
12161	17996
17225	11188
4813	13598
7291	1733
3933	18032
5730	7435
10589	10973
11816	16876
18018	9776
8072	18276
9660	15019
13524	8853
17707	13040
13437	5522
4942	18652
655	3936
8305	9606
16487	16598
8097	7650
17642	13846
1347	657
12453	15111
17734	12549
410	6024
8103	856
294	7076
14587	8144
14924	6661
12089	16868
7877	955
17904	10934
12798	6010
3908	10796
17187	4088
1335	12454
15960	4586
14596	17748
9106	10041
17980	45
18533	2050
17017	7209
2049	10500
8381	9596
18198	11096
7616	14324
4780	3442
8210	18452
15818	3887
19386	5019
13239	1364
14587	17799
165	16408
13596	13147
6882	8162
17665	15467
11386	12133
9837	7923
7417	6011
15180	11916
1913	11585
7351	17003
13114	10895
17038	5602
3777	18698
8929	11536
8692	3578
11498	4043
9536	2139
3305	2258
14855	238
18209	16598
3627	13502
17191	16548
9678	11164
4934	16537
19011	16958
2142	12306
8070	14864
1321	11525
19264	7123
1156	441
4426	19001
16749	10627
10511	16582
18040	18555
173	16477
2418	16181
16191	15171
16274	785
7597	16652
10436	9140
4324	9992
2598	13138
15912	7788
3537	3767
19255	8066
19051	18082
11162	1533
5090	15486
636	11859
18553	3362
10783	16775
7071	12836
11248	14161
14049	7153
14311	10866
13083	6908
14790	4877
515	7730
6753	13645
12445	18623
10501	17545
2105	14669
17512	12580
13892	15941
251	10414
4098	18996
11911	10117
2680	3147
354	15100
12149	10259
14514	9392
18866	11194
11615	19327
8373	6504
18899	15123
8305	6398
704	348
4527	8260
8626	9994
11413	16776
9721	7076
7	2387
2506	7236
6152	7495
8978	11774
738	9888
16752	8677
12266	11625
4605	11365
19027	2773
602	9229
17712	14211
14083	8011
12037	14063
13221	12142
9242	5429
5463	16953
19011	18934
12925	15204
19275	10258
14071	12529
78	16685
1347	15452
1540	13933
2004	950
670	19156
8214	13728
9928	9003
5108	17463
17537	2730
10081	13011
2304	2928
600	8177
11506	7776
11270	17771
13015	16521
1304	3805
16916	14621
15827	11233
14513	15923
6368	18107
14337	12522
16012	11647
6363	12938
18819	11123
3289	18736
15198	9603
10589	1299
16534	17082
18840	13167
8541	7484
16345	8295
10886	13225
1336	180
3262	9210
15047	2414
13584	14668
14314	13925
2723	8009
18053	11898
3574	13865
9558	5015
11232	14096
3448	8814
7667	1216
12790	9596
3373	2265
19162	16463
15262	4895
2304	1182
6401	11835
12225	2193
10663	7692
18370	13287
3733	9142
16385	8108
4499	6160
8497	13307
1913	2046
18041	15769
2902	2556
10210	11063
13669	18737
8989	19059
16012	5980
4880	10042
8156	8926
1422	9650
14301	15860
8744	7688
17465	11227
9841	10497
5168	4043
11754	14838
17421	9697
5459	19562
11837	18754
9940	6106
12013	17285
17038	16549
19620	7131
384	4812
6795	16850
875	9620
5633	3990
16350	1957
13936	15632
8103	1088
9312	2878
8373	11013
14505	15536
18455	5191
4032	5886
9619	15942
18788	18071
566	12724
3262	15690
5275	3218
16742	8261
19464	12455
6947	16218
2997	5597
15244	8749
1844	8619
17800	4872
10817	6941
14857	13080
12948	16080
15719	5133
7159	11129
16165	17915
18228	18065
15370	11441
13675	846
11433	19023
17538	14739
1789	11441
8931	14547
2802	4079
3074	9434
15279	13839
14941	14926
12523	7325
8929	16308
6278	7536
10070	3487
6407	3226
12137	12233
16618	10414
16275	3051
12986	15190
13993	2892
4656	5195
8140	10606
10807	162
19251	9027
18370	4821
4094	16832
10014	2626
2409	699
11146	6912
3778	8677
1046	7076
2635	9443
165	5700
17704	14289
10341	15424
16426	16730
12799	10491
1435	14383
5567	19222
3799	15136
17959	10701
16143	13698
1661	14434
11754	8910
7820	6042
9257	14025
12084	15699
3582	15878
15733	16172
19062	19222
4958	7251
13822	13678
15033	3333
126	11732
13448	14308
8497	1286
15193	12618
18571	2937
2004	15414
6367	6227
15804	6684
243	1800
7920	2960
13152	3751
17187	7049
5781	2230
18480	18173
6285	843
15312	8870
19050	732
13239	661
7217	5326
7617	16454
12152	9592
10070	2706
18525	6621
7375	6238
11670	2429
18791	14853
16786	13169
9788	3465
18266	3672
17229	3344
12563	11119
1322	19527
8846	14155
18907	18830
433	7688
2540	11526
13964	14838
11943	10842
63	15706
8142	9052
7577	10068
1339	14679
5814	4707
12648	14181
5402	2350
6293	1909
9596	14497
61	9196
405	6233
8371	6957
13174	7076
11425	2094
405	9126
5324	3034
5998	5566
6550	1367
11498	14401
2227	3055
15648	15033
18482	16833
16262	12405
10858	10571
18773	14497
15320	4110
8512	9260
8504	5581
19567	15785
6340	5286
13306	2042
6396	8036
7751	12057
5734	18369
10750	16621
13208	717
13669	14517
13584	2895
4433	5005
8195	1193
4915	18719
19073	280
12698	14355
7405	1259
12737	10475
7939	16851
16495	6928
9404	18193
18300	4848
5126	5626
6046	15887
15025	15270
14815	10525
1259	4622
18458	17026
12945	9138
14662	4351
13400	7663
4699	3929
14020	7864
11425	595
8305	17836
17592	11011
13056	1879
12070	14392
12149	8941
7858	15872
5231	4209
11598	9365
15813	17502
13555	12108
14785	6105
16243	1233
10806	15623
12118	380
6760	15408
14333	14949
2728	13626
2942	17835
15188	15686
18921	10244
19011	12184
16254	11038
4527	409
12005	9048
16702	12640
9036	3852
12389	3879
18677	10395
17191	10130
16973	19222
6340	19319
19112	1104
15058	15417
15286	12345
2353	3931
8498	18559
915	12124
2631	12340
19073	13552
745	10649
9351	16518
10553	11363
1549	1042
14514	1687
6542	348
786	18534
4075	16519
14701	12585
2635	16018
17745	9853
12202	13447
19349	1859
13978	1942
9636	9915
12787	13727
7464	19042
14692	15807
3340	16767
8583	10906
7240	17372
1995	10291
15818	9503
19247	18240
758	19177
9656	12281
2505	8705
5045	9067
3701	15360
164	19070
18791	17976
13524	14346
18305	9621
1301	2258
8350	7619
18268	19222
10838	9814
7014	9573
9084	9
6233	839
375	1451
5970	4122
19713	1035
3694	10713
14480	18136
18832	4691
8890	11522
5606	1064
8381	10987
16214	12695
14880	15096
16425	12949
7880	13986
2105	1101
2122	11110
4100	6570
18554	19443
6156	16789
1417	14896
1345	10745
15433	131
5880	742
11819	13554
8104	8749
2470	18503
505	316
6795	3080
6437	6582
17744	4819
15224	279
2121	4437
14926	12233
2680	5723
11632	15662
3715	16717
19528	18599
16142	19115
19275	16544
9425	8798
1264	2438
13401	6961
14785	1411
13873	13451
17208	15931
16592	12140
18312	9771
13936	2068
13873	15134
3274	2564
10185	7131
1736	2412
1462	9578
17471	9335
16752	7673
3511	12523
15586	316
786	4607
160	9516
17696	19222
15564	3597
14132	11754
9726	12184
6202	4232
7007	3009
3501	15220
3854	19024
16214	17367
604	14816
1455	7986
4666	8949
15320	5084
7464	2457
11622	9974
14071	9115
14741	12070
899	17491
2124	12623
18018	4233
7135	16594
2992	5589
814	15159
19701	14976
19251	1924
17981	7642
3059	15085
8331	7076
3274	8628
17191	7487
10532	16224
10804	4263
7445	7131
3326	6035
807	17285
11261	103
17205	5488
2566	10979
12087	12130
4985	12644
3715	4283
7578	10026
6152	14141
16677	13076
3627	11322
5567	14679
1721	7015
8929	6475
6999	7450
11737	902
8507	3984
9901	5333
6408	3769
566	18396
4596	9985
10455	10437
10057	18741
5520	16247
2808	19482
17069	6479
1171	1835
6186	8582
9548	4686
5168	18993
7616	6363
16265	11871
10817	15774
6795	11733
13978	16765
6169	16321
4818	19461
3117	937
14091	2114
2769	14108
405	7351
3879	19411
17800	16534
19041	15203
16384	11365
7751	18127
6881	9573
8783	15464
8357	1254
2598	14019
16532	7019
8551	11801
267	8749
6242	12605
5886	941
17991	1254
712	19564
2385	19486
5076	8339
18823	14263
813	1122
18966	6957
19079	13065
4666	3122
11419	358
16745	6187
11580	9093
4977	9158
8849	15558
16197	5272
10379	9295
16425	16326
3793	6279
7217	19024
16173	18883
15930	10214
7920	1363
15814	16739
1678	4057
17744	18821
12453	17221
786	13736
19264	9218
14012	18882
15511	12133
3879	4883
15197	18398
843	14425
8371	1238
6759	4010
10886	16165
756	1909
3369	17025
13740	7237
13562	13218
997	3605
1634	18375
7617	15610
14435	15250
18266	5798
11085	461
5662	10657
5633	8880
11106	15472
4009	16518
17100	10899
13061	7421
6229	6988
15271	18850
16335	6010
16852	7450
3646	1913
13650	5330
10222	9601
8919	2937
3952	4547
13061	9750
2177	7206
4053	19254
19080	6371
2103	9363
7302	10104
4603	12451
10728	8375
9548	16099
14389	8307
16358	18521
4257	10846
18636	3450
2728	12790
6368	4227
19205	4582
7441	12758
1940	9248
730	13750
15011	5360
8347	12891
18545	7222
8497	15572
17421	17507
4354	6419
17692	8749
81	19564
9035	1627
7077	2819
1143	18843
3759	7433
9219	4899
2621	13121
5092	18072
12439	15523
1016	1518
10185	7986
18482	8701
1792	2329
10748	4299
788	3261
3511	19070
8868	7076
11373	14752
15075	14715
16891	18163
9957	9142
19614	15682
10073	707
1156	18458
15212	1510
8514	7154
8125	15125
3274	886
11683	14942
4880	19491
16612	314
7611	19357
10132	5282
3920	2493
8210	2540
12037	2370
3172	8654
12477	11076
7534	4214
10134	3681
6200	8734
18602	4279
1995	2111
2266	5760
7858	8059
790	12206
19551	15870
16265	10369
4499	8288
6368	12431
1435	7904
12782	14361
11616	773
3657	3740
14855	11465
2124	16178
12439	7167
16167	15750
703	13975
12960	11938
2766	14766
8488	8041
6688	5507
16891	15303
5109	3828
5788	12470
5789	16470
2851	4488
387	8295
2505	9514
8233	8673
14422	14660
13555	15313
16942	8878
1289	4464
6655	15804
17970	5686
7063	13514
4244	2449
16551	19259
280	6010
11283	18503
3859	11421
7739	13094
16384	11596
14890	11842
6566	13738
15741	14368
15950	3893
19713	949
19620	11873
9579	5882
15785	17118
7127	6870
4043	16377
11743	16877
10649	5307
6096	19053
18636	6505
11317	17568
5299	18702
10204	2042
16165	15178
13971	7198
15975	7286
18819	13399
10884	1918
12845	7013
8140	6849
18294	14209
8014	18519
17914	9355
8425	4913
13210	1538
13940	6780
899	18503
4256	432
17959	14306
16405	10885
19356	11752
11593	16704
11616	1489
13061	4176
4913	11153
17288	10866
13877	5006
1928	19387
12653	4950
6570	15444
4538	14095
3923	15623
4393	14276
4657	5074
8046	12230
12137	15347
4616	29
12637	16638
11794	13683
1301	16080
14742	1811
2612	1193
16488	9214
5176	11164
17141	13854
1683	9399
5995	7672
3477	11667
7889	5471
1907	17926
6049	16496
604	4443
532	340
8123	7666
2936	16287
2930	16367
1930	9913
17361	6152
1661	3116
9720	10208
2096	19465
11535	3835
14020	10516
7955	10208
19477	5460
3223	151
15033	1671
19610	18840
18268	2438
129	7999
1756	19707
11816	11114
11196	15408
6865	5223
18543	15449
9263	13572
18740	12516
12128	8039
14903	16242
3926	2110
18856	8992
19012	4976
14106	1834
14060	6677
4585	880
18921	14196
10527	13669
18542	1960
5171	7078
6500	4568
18110	597
17592	777
4244	10357
16349	13854
1837	18274
19382	4270
7665	3030
17418	10166
6169	2612
5067	9074
1171	2289
3092	9812
10875	17736
18410	3491
16821	18277
4142	14260
7313	2632
9463	10114
12333	9681
15629	937
6363	18
10950	9452
15586	17549
10067	12990
11623	18407
3498	16126
10213	2981
7904	9335
15489	2030
4185	18557
4880	7986
3373	10535
3571	16811
6312	10438
3093	17229
2105	18184
1521	16690
1809	6957
9022	5621
3774	14807
8636	7325
4810	1200
19369	3565
8700	6919
10748	4149
2885	7916
756	14404
15444	10596
17978	12219
7214	6658
16012	7100
3859	18595
5884	4436
19313	5834
16836	16518
17696	14995
1340	100
15588	7774
6417	4687
19690	15903
12606	18748
4412	2238
625	18833
16425	15662
16506	9557
17649	1133
9965	14500
3289	16444
16702	15366
14699	9654
3025	8956
3756	7404
12615	4149
13350	296
7866	17379
19061	9664
4160	15204
6526	642
17027	16663
15139	9431
4165	16715
7287	5740
5684	999
4094	15831
8116	13829
16263	12473
8621	9186
15464	7078
5880	6447
3140	6272
4072	19381
15813	17275
10905	3740
15335	872
14043	3999
5096	1367
2505	6276
12245	326
12311	4602
9795	16833
16409	11365
18524	11365
898	8945
7451	3073
12258	12179
19675	16550
11026	12900
7417	18863
14083	7488
7214	13244
2709	11605
18970	2878
3933	2776
8270	4620
16448	18225
11840	16575
10959	16704
1727	2515
9511	6521
10856	18184
16011	15836
310	3859
15681	18493
3625	15284
13628	2796
2707	5950
410	13929
10331	15849
16726	14663
4480	14494
7451	3228
2350	19695
4798	5360
7046	9347
8371	2046
7024	8022
14268	16972
4725	11292
4692	3021
9382	19485
16052	16474
11743	6613
19530	6094
8968	13854
19403	15262
8931	8738
7296	18604
12390	10200
2554	6705
11308	13682
2680	13697
1220	19583
13978	9323
18386	1683
3970	3314
2159	10509
8117	7538
18118	11975
18747	16893
11943	15890
18323	8611
18599	4419
15586	19222
15813	18410
18385	18036
4491	12743
2033	11735
15949	937
17627	10207
1573	11140
1930	13659
13588	11225
5247	11037
2119	14618
9660	1200
16293	13114
10222	2425
16784	6561
1970	19278
16532	12623
10933	7742
7680	3896
14914	17737
4021	13529
1793	18408
5737	18837
9233	9471
11737	9654
16855	6061
13194	12848
13228	17328
17006	15435
9123	5150
11009	7868
19051	9418
4075	2506
7815	10135
18184	1211
94	19609
19460	2878
12171	10933
4656	13769
11413	16005
1435	18521
1186	628
6722	15493
12339	16453
19433	4390
8072	16926
13194	17968
3695	14200
714	4411
17235	16521
11033	583
2337	19023
11333	15084
5906	19037
15761	5177
7667	2438
4021	3774
19255	1772
5126	17440
8306	14651
18904	12233
8978	11136
18543	8995
10419	6419
19267	16186
16089	14867
7848	17766
11911	9352
11737	12157
6101	7854
10634	7489
2678	6793
7467	106
16775	3506
12787	1132
7217	8510
10367	6969
18014	11365
8504	8717
15377	13137
8990	1084
12388	1913
7029	11374
5504	18998
4803	7980
10461	12476
16086	5406
17336	6919
8466	19602
13690	16500
5595	15062
1272	16574
14957	15278
15045	61
9941	16028
6528	13374
5402	19695
3483	1863
8014	17570
18699	8297
6065	3791
11319	17964
18323	4727
3163	16949
18132	2613
16240	13769
7904	5422
11580	16794
2813	19067
17579	17125
18554	5838
18712	7702
5605	4988
9425	2378
17707	15006
18923	10333
8464	5984
7541	10983
6597	10044
19098	6454
5902	8388
14391	9153
15156	15692
10275	7083
12635	15471
5216	1424
12879	13854
5520	16648
10576	18200
19551	7186
1711	4269
16089	2941
4412	15670
6640	17966
17942	5176
18276	516
8930	707
13857	6303
13382	12462
8831	5037
7697	12525
11270	9437
7534	7898
17263	5150
14091	12577
13246	13230
5763	12900
7391	5615
8929	9719
1732	18509
14011	1544
4603	12486
1443	7829
8541	6122
8692	2046
8529	14273
13309	2866
244	16936
1664	17959
19509	14790
3396	128
11106	7076
3448	2887
16129	4987
9351	15164
12245	8827
9120	16621
17169	12862
18403	10500
7943	1163
7969	1909
10366	16518
9760	10337
986	16193
15616	14400
9781	4801
13857	5980
13978	13603
3701	17145
5402	15772
18217	5101
2606	16574
9034	18826
6854	5743
16440	18388
13488	19480
15885	14398
17715	624
2817	763
17619	11761
13306	1340
5741	6308
11250	13558
11162	12521
4929	7798
9617	17100
15338	4138
68	11570
6464	5713
2768	14545
13541	12535
435	3539
604	13299
10070	14323
5806	11427
3379	18071
19579	4641
997	12228
1209	326
18740	12446
10910	12610
19460	7335
11308	7748
13144	9513
7641	4897
14399	6369
18595	13252
2758	15051
5019	8697
4380	999
16931	10390
7563	11538
19041	3197
11230	14380
7146	5129
2177	7672
4725	17126
17042	17014
13684	14598
7135	17418
12161	3692
3475	1834
11245	13476
15139	2789
7169	3158
7900	13590
888	6163
19255	6049
6172	4543
6464	14368
18472	14087
16951	17016
15957	1315
19460	18962
2867	6640
18132	2937
15362	18721
15582	16253
9463	17507
12388	18310
19240	38
6671	7376
11455	11574
10755	15922
9536	11066
18866	12219
18110	8615
12084	19639
17143	15046
2119	15158
16339	4273
3016	5473
15422	2428
2755	10370
2505	2329
13854	9654
10656	10432
17081	2790
11849	8542
12399	1774
14012	19361
18046	11335
7077	4911
1652	15109
16977	12922
15416	16716
786	18259
3859	13342
6783	10095
6368	16536
4764	15475
7007	17946
3385	17882
11598	7652
1253	3586
14230	8702
12997	2531
2606	1172
19255	17126
937	18725
13777	1304
6554	6441
19240	4083
1913	9920
8013	10889
1160	5806
17901	12583
16012	9888
15421	8842
7289	3167
17254	13392
19007	12612
3780	4015
8102	14100
17373	15191
4480	15260
4934	13348
12637	14679
5154	4929
16567	8211
19460	8371
2769	8296
16779	12848
14945	7923
4425	18197
6550	13323
17743	15566
2418	5355
612	982
7217	613
5678	2336
13588	2779
8859	7335
15967	9324
4687	16567
13777	5829
5788	7944
11283	6940
14619	13566
5754	17460
17994	17954
4354	2066
16575	12265
512	6037
14966	15727
6539	13296
8069	18938
19682	6324
10070	10929
2382	7779
6366	17879
18526	15858
17950	9445
11743	8802
13792	5598
18328	15186
19297	14852
12149	8047
11283	7779
6570	8236
15741	11365
2013	17998
103	3228
4053	6578
13228	14120
16243	13427
14790	5419
18819	5468
10444	7469
17604	10873
9740	6223
5605	3714
956	13183
2482	14863
4731	8211
6293	12936
1437	958
3178	13129
9928	2276
13350	1172
4074	19309
16570	9720
6733	18499
12265	16463
14014	15420
15139	12492
14609	601
18635	15638
786	1214
19460	7186
16079	16165
16904	7983
164	9925
13096	1735
11655	15757
3293	19479
13878	17468
18268	11029
9634	13402
17486	13857
12422	12431
13024	9525
13350	17904
13446	19098
5230	12686
7995	16776
704	11829
16686	12197
9965	2355
12737	16258
7660	251
13555	11724
258	6954
1211	16035
1955	946
10905	1904
17745	12701
15076	7244
7641	1745
4585	8057
19267	17815
2904	10804
9485	528
3551	11835
15414	8987
3321	8802
10382	19660
15534	15097
14702	12141
14252	18601
6400	5239
17764	4608
5788	4597
12035	15620
3661	1942
18361	10699
11608	3367
10527	9655
13872	6227
1944	16268
12053	9813
2693	16634
11833	6749
2969	7482
8846	19429
3580	3668
3039	15815
2831	2433
6394	12765
18702	13653
12378	11647
17645	9279
7457	2105
790	409
10101	8706
16197	7214
16648	3039
14243	9899
8325	4725
18467	4315
8103	19704
2192	5312
14490	6931
11078	5893
4078	5769
756	2874
16570	11507
15356	2540
3828	19543
19526	2969
10426	12980
4426	10384
35	14835
997	2005
14875	13804
18712	12655
16180	16312
13212	7155
3695	7279
11373	3948
14333	2776
18992	14881
14097	18966
13326	22
15975	1453
4725	18019
12044	4647
7445	10356
15885	579
5678	316
13400	4662
7217	9893
8626	12726
8535	6651
17418	10029
5716	11030
18542	7742
14102	7372
8868	16148
5324	1705
4142	881
1171	9550
6718	7760
5716	18632
10825	3751
2969	13520
11980	16353
3448	16061
15535	1776
15899	11369
5490	17975
15859	5683
3727	8903
17745	905
4031	316
11425	2108
2163	6957
19520	6358
12044	19593
2388	579
4393	3274
11270	2575
13248	9538
6049	15141
14655	15408
294	15708
9665	15259
2874	11229
16385	1767
12916	4141
11315	13741
11465	1765
1875	3466
18677	6860
7445	25
5019	4658
15370	7186
19520	525
12971	14704
1273	17994
7053	3320
16665	11064
19713	18415
7815	2866
760	18061
17089	280
15899	11929
19423	15129
9351	8521
8968	17163
4732	2407
13114	3896
3274	5752
7885	3523
11387	3117
15427	11907
1573	4669
3641	16863
6094	17846
15519	11850
8350	1481
15535	16062
15147	5093
11939	18343
17205	13325
16786	6326
10275	7564
6331	16309
3150	10518
12386	11574
16111	12446
7127	15582
760	16852
2334	9418
8200	11008
12702	16518
8818	12759
5901	4609
4395	15710
7405	11004
12236	15121
11263	15252
18704	10734
5566	9158
13083	12876
5176	7325
2157	6411
14651	8520
14406	1189
18556	738
15370	7450
10144	16704
19322	10058
18472	4509
4556	2506
15889	3796
3778	7076
17465	98
17181	12803
15003	4365
15433	4913
17426	17460
11670	5074
6728	19280
9414	12935
11254	1681
512	14238
19356	2634
17073	16076
3240	12091
8932	2005
1417	19497
1435	13816
11378	6677
2113	732
3727	14779
11568	16080
18158	19098
16656	5968
2237	337
16578	8211
19	19222
12497	13203
2235	16434
13024	19195
16265	5199
18131	4636
6550	6138
6065	17517
19420	11869
11283	1868
5880	25
19403	9399
8736	13240
17959	18647
11973	14723
13770	11790
17212	2477
1952	9158
6247	5143
8929	16945
18819	16335
12148	455
12093	17895
18966	10627
2635	572
6738	17597
7296	18153
1678	18104
18636	7506
2768	268
1745	12670
9962	7228
4165	18498
13458	668
19565	4128
1458	12431
10690	7710
6357	8122
5094	12570
772	10651
4499	15183
4116	5580
13069	10560
2266	17486
15615	6972
19255	2046
13316	6759
740	17964
337	6470
18553	8853
5983	16237
7058	11893
1443	13649
4450	16852
14829	17533
19713	16481
17959	7640
14945	16354
10064	6319
2631	18969
19391	2700
11598	15203
19403	19391
536	12259
1122	13854
18588	4870
7127	12072
14839	6498
18430	8029
8070	3531
188	5836
6943	4725
12882	13467
1356	8992
1321	8977
3979	19074
2429	1981
14371	4716
4776	2323
10875	19185
15576	8820
7617	7542
19026	12520
7180	1385
19098	5478
3701	366
13872	12623
6155	14710
4455	1211
10884	5317
5311	15752
10656	4085
5987	6615
2598	18807
15337	9647
18480	2731
19100	9418
6530	10045
2509	19017
3782	10262
2435	5823
13839	12151
5092	10383
13228	1011
12155	12905
2738	7779
7541	1196
8887	17082
7828	7567
15366	8915
16677	7778
5953	13854
9640	14353
4659	14595
5791	6231
13961	11365
4913	10453
19716	15323
3625	2184
6468	12251
4813	11200
5886	16035
19526	2895
10983	4987
12044	17580
18975	5458
9660	19638
2013	231
17940	11546
4049	3649
10933	7545
221	17901
9365	15481
18557	5586
8865	7805
12145	3384
7617	19285
4880	14466
11085	19581
16589	7076
13391	19709
4666	5277
4259	10648
12084	14838
1847	16420
5154	3693
17712	6811
8046	16729
11027	4479
8425	11124
2066	16454
1711	10926
7218	16947
2022	5250
11683	5583
11616	17841
2243	7184
4412	14397
13940	8987
8645	559
11816	5156
17421	19167
6814	3041
305	10576
16455	3147
11261	5760
5108	2438
18597	999
16532	1920
19275	2961
8923	14618
17243	8601
8306	5241
2304	10597
4116	12228
18200	8297
17426	14683
11926	5980
2707	10312
5906	9601
17081	11605
14560	19153
3715	3879
7289	13453
3661	6600
12702	2496
11283	7872
1435	2931
14855	15373
3305	8915
9106	16631
11254	7834
9878	19664
4032	17439
7159	15791
9499	4663
17007	15445
9404	8722
10970	6269
5126	18196
10463	11378
10638	11634
17980	11902
3551	13569
19072	1196
3923	11192
11078	8925
5019	9766
2103	17513
3483	11488
8512	793
4818	15994
2225	13400
9714	7076
2932	4580
1984	14330
14799	14791
19178	17835
1695	17281
6178	18203
4354	11713
5238	10529
2489	12988
4576	6590
11387	19526
384	13789
16852	937
13661	8324
14702	7506
2707	15693
14940	18936
604	2046
16570	3751
11386	12569
12149	2164
4444	5609
4545	11603
7503	2223
790	12499
1205	10011
558	12703
10463	16965
7885	14463
12378	8371
4687	3995
9705	3141
10204	4154
15721	13898
4098	2301
2333	3893
5108	5253
6482	8302
1208	8568
4426	2807
13672	17742
12035	8888
17279	18488
15739	5071
19073	18402
14953	8922
9957	16840
836	18516
10774	7911
4094	16174
9015	10641
19162	7798
2738	1175
15975	7632
11816	3408
13917	5398
17450	16401
13251	8203
13326	16799
8772	14847
1853	16529
2904	14653
16526	16661
8320	7131
5896	7752
3932	8802
16903	3740
6550	8259
1013	4628
2919	9275
14425	17012
14564	11365
3329	5226
14682	3302
13683	11394
14594	11805
17361	15950
569	1811
5779	10306
1782	1347
19616	13532
19106	10929
12259	7066
18901	17194
3933	12820
11948	15168
3694	1604
12149	1238
9106	16263
3762	2173
6368	2046
8422	8297
5901	14330
8674	16555
3289	8726
11937	12838
5426	12831
16534	738
18597	16852
2871	9466
10817	15349
3170	18896
9343	8818
7141	17966
5784	6181
7029	6073
756	1619
15427	8427
8261	2535
19610	16387
17583	369
16645	6412
2605	16661
7663	16199
14289	15284
11797	18452
13042	13262
3627	7245
15033	8982
12181	8904
2753	12623
6443	3612
14882	601
14957	11123
5261	401
19558	12270
17912	3123
18272	8119
18921	3681
14080	11164
6999	6769
5423	10396
13869	12623
18017	13000
18455	15774
13114	17919
15511	12583
7852	17514
15758	8201
16500	10902
3694	10317
1952	16247
14922	19070
18553	559
6999	6010
12986	2961
786	9645
16649	10097
4153	13779
13599	3716
18356	19204
3780	8830
13221	4822
9957	5699
704	11365
16316	15945
4934	10172
2584	5492
5414	11920
4653	17114
13359	5465
6442	7112
3277	6344
10912	2413
6637	18800
12362	18710
786	3835
8838	3740
16203	3167
19525	3332
17981	11940
3091	17699
13144	2105
5019	3457
16437	18398
17450	2422
19021	6706
13631	15481
1844	16927
17261	3216
5678	4347
8821	3293
2766	12240
254	7036
7214	1238
10748	7050
18966	2370
6096	1231
7046	4395
12218	18378
18268	15376
1855	19710
18430	10340
13208	7297
18740	12316
6437	10527
1458	11192
7046	15296
13231	14114
19251	14562
3135	9319
18341	5480
13893	1909
17215	18802
1108	9326
16157	11231
19386	18403
6765	5516
4748	13298
3778	11178
2969	11733
13359	6529
1156	10070
19281	17320
11683	17609
10804	6192
6566	13393
13251	14980
5663	7370
13138	18952
6943	15115
5331	8041
16648	5581
7014	12135
6442	9312
14080	13854
5730	1338
13458	9901
2964	15024
18913	8645
14505	228
5108	22
3542	3077
4819	19316
11261	1101
5708	10212
17946	13167
13024	19494
4587	11302
8041	5947
14314	10049
11506	4732
11632	16146
4906	2521
8086	8634
8292	13403
10553	6821
10455	2612
19520	16943
17592	11474
2885	12844
16409	4432
6542	12306
6378	16665
3274	3983
1008	10924
7391	9057
17904	7450
19275	19222
12517	17340
2337	2477
3304	18519
14774	13309
14217	1368
12012	7953
4426	7206
18410	5859
15170	4366
18525	15558
3701	18103
5297	8009
7457	7267
8723	10850
11948	5083
4687	4061
4436	9888
7214	9882
6377	2404
9618	18458
2728	8558
8070	12523
11498	4636
1171	764
1714	1111
772	5689
16564	11061
18410	937
16637	14493
16516	3815
12556	1338
17490	8149
5105	10093
15565	6302
18800	12228
16455	11311
2817	1045
19640	3898
9084	6153
15534	11497
9428	19626
535	4339
15975	13202
15615	12993
16377	18541
1171	3853
6285	4031
19614	13482
7417	12388
10806	11403
7611	2674
4388	8964
16287	1004
7081	3384
19021	11677
8351	13009
15582	15916
19378	198
5542	9888
6764	3484
3093	8603
3516	27
8929	6825
15416	6653
1945	9812
2391	7076
12012	15712
10638	19149
13114	13129
19266	4795
2444	7168
4455	13283
14922	3700
17169	7091
15576	976
14699	14143
15937	575
7968	12682
17057	9992
17522	208
8887	18403
19408	316
4074	6201
16203	8228
5779	6108
4499	7672
4009	3894
10083	11838
588	12722
12067	17148
18655	3500
15039	14165
18572	19119
18059	6475
8692	974
3150	1083
9365	2042
3270	15072
5	9146
12805	17026
13251	2522
2916	11231
19050	3999
16378	8566
12387	9323
10520	17280
3607	6746
6648	246
12019	3519
9849	14939
655	7559
2910	1885
8816	6746
4395	472
19266	19592
15915	7207
3066	16518
2813	17093
9044	15627
11937	12915
8868	11277
2382	10720
11308	3009
1266	103
8041	19637
13359	6590
8932	10925
13857	12431
8103	10466
2157	1317
13508	19133
129	8762
13212	5468
1718	16603
6947	7039
11608	3821
19369	7184
2826	3835
6004	17679
19	10018
17772	6957
2421	12935
4333	12361
294	348
3630	16825
4292	16582
2013	2493
11257	13376
11514	6252
16455	2227
7231	7374
12540	10939
2885	3337
1940	15445
4657	10356
14415	1733
8086	828
9758	12553
405	12862
12256	14087
13892	288
9883	16694
5916	15398
2489	12123
19313	10866
5896	2448
5779	10727
6155	4231
8086	15417
18312	14545
17985	539
6765	8510
16251	16843
18040	7434
6376	2531
2157	1257
17032	4033
17046	17086
5995	13197
9069	6858
14372	18649
618	1169
11043	9320
1965	5682
786	13431
15511	12848
2121	11241
14219	12133
6437	16772
17793	8059
5653	10417
14882	6447
2228	3024
17804	134
786	9441
1254	7986
6065	950
16020	18899
9805	16518
6286	8257
15949	8103
15123	11647
8331	15708
5585	5565
15338	7122
9123	15518
18410	7119
12606	18006
892	14763
1266	19613
6718	9918
18018	13540
6539	1319
1273	10755
8094	4234
3211	11640
2584	15525
13041	12837
17645	6485
4817	9182
16275	3010
17665	9736
5135	9418
5547	15489
188	380
8371	19613
16089	5246
12289	14577
9015	3116
1340	5580
165	9590
7143	282
16780	14273
10341	2438
8583	8594
12878	19009
5737	11672
17396	9158
8593	14559
11319	12510
18819	3117
6795	2999
11263	16555
4863	12431
12689	9608
9215	4725
4354	12199
2831	13552
3582	17842
8936	16868
13069	1909
17022	15774
5664	11023
15564	19367
6999	13310
8464	4443
12070	12975
19194	2675
12145	18518
15209	16661
1417	17561
13563	1354
14097	1556
1211	937
1301	12265
17088	7773
16780	14926
4388	8358
17208	12214
18703	19089
15320	8409
9732	11112
4526	7797
5229	14345
17774	9984
4165	18153
9927	13904
13350	17800
3475	3891
15588	11999
1068	18626
2237	8236
19534	9571
3113	12975
13477	752
11263	7944
81	11665
1496	16649
17265	8651
2953	16059
7071	6010
10139	11759
3172	1746
10240	4843
8456	16745
4450	2506
7933	9172
15859	1808
1528	13409
294	8430
5229	3903
16100	4900
7411	5484
9325	13283
3248	6481
3363	8946
6094	3119
12445	814
1677	5333
11807	15364
17649	13490
5896	11472
11419	9734
18300	2572
11743	13440
17745	12747
3774	18307
8357	5094
14296	16580
4732	15283
8070	17890
25	5491
11043	7131
515	11570
7535	4365
962	7627
3096	8544
9720	19372
1099	1193
13400	18984
9215	3562
2113	9417
9106	17503
18333	18029
18712	7658
3695	12514
381	5970
19051	16197
7729	2805
17108	18216
14742	7058
12137	17084
8343	7380
18019	17126
16076	4091
5230	4475
13382	8217
11162	9922
1171	506
2334	15135
3908	11107
6178	15141
8818	9479
12803	13599
6530	19499
15631	8020
17007	13779
3762	6303
5414	8802
9928	18599
18832	18957
3163	15635
2723	7615
3690	10097
625	7281
13155	5719
10649	3559
17278	7613
17985	511
8526	11470
3580	9883
16648	18184
4531	16886
7214	15366
9480	1879
11598	18276
6094	8310
13709	16650
10751	1743
1439	9364
9628	6306
8873	1200
7663	18253
14619	1
6367	12778
2608	767
859	1605
12992	18780
19534	7189
11944	10980
6464	18120
12019	19344
8356	1086
4160	4246
3149	507
14742	4546
9312	9851
9849	4100
16197	4153
9404	7128
16440	17611
5779	14970
5108	2963
12053	6598
5426	6777
18132	17201
16419	15583
2906	9932
16855	12306
4142	13211
14425	7153
16197	3540
8159	4877
17522	333
11377	471
17486	15809
12245	9540
2944	16919
8239	1096
15194	8978
1303	11141
2611	843
2415	8113
17804	11355
15312	7672
8156	4370
17098	7720
8931	1101
2598	17081
18702	11331
11944	1798
13337	14056
15356	6957
11819	5725
18980	6210
17745	8057
12087	1655
2732	4351
2738	17516
15542	9601
11807	13761
10763	12947
2266	12516
14746	1722
8305	14761
6437	9429
11937	1969
12148	12661
15949	4376
16197	11429
13875	14697
2382	3098
1952	19443
15464	436
6312	18763
17089	7131
18021	11010
1521	16957
604	8642
4820	9538
17734	8935
18902	9751
5451	13462
17181	1627
16063	3090
4526	18195
7081	10211
16142	18181
16243	16223
16534	7131
15616	19307
14699	5005
12679	7663
17868	2907
13784	19082
15388	11965
12979	11942
9394	13833
1273	8072
17994	12400
16864	1787
13144	18709
14273	11389
512	1898
2423	11123
12925	7076
9732	12579
19251	16005
2826	104
10170	278
19690	3368
15960	1946
4038	9833
19611	10997
2942	6297
5499	7460
16756	15585
18312	10443
16775	12300
16197	8232
17229	12322
11289	90
8125	6769
19404	2012
4256	3594
8140	13537
3154	6160
337	9387
1050	16825
6676	10509
13617	4376
7296	13854
12653	2090
9412	16775
16752	11040
13777	5004
19613	1541
13448	12713
12854	6269
19477	1196
16086	10325
15312	7076
3536	4831
3516	12358
2584	17212
258	1743
4817	13858
6947	2046
19021	14081
15271	4785
18921	8977
8683	4590
2691	16177
18899	2042
16377	12640
18158	17524
8929	9068
15489	6471
16093	8317
9339	15102
7885	12926
9801	11550
10329	12252
17711	5144
17994	14944
12148	10927
15356	2836
5520	11969
178	18285
5406	7793
16931	1238
10520	9244
12949	11949
13971	10457
9969	2878
7828	10360
3690	10182
2237	13331
19420	6137
3537	19222
15338	19507
1303	13760
12137	7871
15588	937
11804	6385
4625	6982
4732	11370
3015	12080
5788	15254
16377	575
7168	19469
2353	5581
14903	2796
19251	13846
16405	5166
10014	15141
786	9188
6368	10983
13563	1817
11437	11538
14777	4605
2066	16518
5662	9308
3926	5444
2566	5360
16021	2612
16743	17952
4426	16073
846	18276
14966	1546
10751	2404
4585	12151
6046	15178
17959	3482
5808	11966
14683	9323
18424	7804
18571	18
17263	9914
4880	6962
17486	19639
11738	3999
8327	3623
19697	2658
5045	8159
15147	5819
1143	14359
13540	6853
15975	180
8538	3384
9852	15815
18328	3835
10806	15135
8305	10443
1664	15072
7457	2477
3785	4512
4778	2302
2051	9169
13400	2187
2084	18430
4412	17919
8645	10395
1655	17003
15012	2582
6257	4019
13744	2772
19408	3812
17627	12729
8816	11260
11926	9801
602	16635
874	8135
3385	16127
13971	6756
1458	15716
11085	3164
9732	18627
15542	13051
13607	8382
892	259
12637	18992
5880	15895
4603	14489
7217	19516
17410	6840
17529	14898
6795	8765
11638	15305
9382	14597
13448	9983
3650	14450
18971	722
4043	3372
17331	15774
17627	11934
17965	16971
7474	11033
18160	13721
8052	13004
17093	10166
19073	18800
1847	14173
12366	9817
8104	9222
9957	17853
5845	17025
2992	7223
19509	14903
2175	1111
19397	15481
13617	10092
3125	4404
515	12103
7573	17011
1677	6385
5485	5698
766	6341
5231	1355
7310	8367
2802	1611
8497	17405
14424	16130
2409	13389
14437	16938
15023	15823
8683	12357
8150	5799
1837	19490
956	6497
4032	10166
14325	1980
1301	1289
2693	9068
886	18253
16350	13422
15511	1654
15785	17608
1273	221
12991	13760
6378	2163
18592	5337
18832	8698
6703	14881
17373	14944
12821	6061
433	18314
18699	11180
11938	12252
17225	16089
17739	19471
8526	13676
1356	12964
8270	12767
2382	10828
14314	11519
6482	11923
15819	11768
13096	17749
11315	9970
13755	7253
16648	7689
1837	15513
1810	18618
15198	8740
12576	8898
7217	7533
12394	8045
10132	8397
11710	18999
10829	19452
4625	11007
295	18403
1930	8236
13458	3323
8700	18689
12590	14786
9895	8736
6085	4654
4214	16477
13998	11416
5684	6982
8441	13333
15198	3896
11250	11095
14252	2286
4560	4008
6401	19222
17512	8168
8730	15543
2415	9365
8086	13494
6323	7470
17649	12761
10935	9831
18370	9735
2766	3923
13740	4212
10665	5340
9060	16518
14682	9375
7451	937
10275	16704
11315	12181
16502	9974
16526	7019
12057	845
9300	6504
18312	19019
15888	13904
600	19285
17082	9248
670	1503
19075	5434
15957	17056
8662	13695
693	19222
13707	8709
12175	13854
4120	9186
19682	9386
11756	10175
4346	9165
17978	15169
8551	16032
16984	1367
11932	1721
2691	17676
2192	1699
12057	18825
8456	16679
7175	4641
14011	18050
1408	18591
15286	19426
2119	4412
17550	3949
8041	250
11753	19573
15814	16709
12070	7980
12628	10317
15813	18911
16197	3117
12636	14508
2470	16800
9939	17843
13416	8651
1677	11097
9795	11041
3418	13770
14030	7025
15615	18372
12585	11389
337	4039
8843	2410
9644	4997
10628	1472
7003	13890
15950	2876
13707	10704
4731	4169
13613	4405
17857	314
4638	10472
4635	1291
5092	9851
3830	8135
7411	8592
15983	11546
6795	5580
11770	1774
16747	15053
12	14309
8831	14275
17363	6558
1800	1998
3282	12197
587	8812
3793	4802
6368	4897
16532	12935
9740	11381
813	13854
15950	5122
16881	16093
15433	16518
17006	1644
19631	10795
11525	4732
16239	1865
14564	4613
17388	4546
2429	19667
4858	18672
18200	14769
8456	12079
5716	17955
11926	8371
8244	11531
15212	6585
13064	12539
19264	8749
17903	9650
8233	3235
15813	1834
3442	16000
2409	16679
15811	12536
16283	15825
8066	16760
362	39
13233	18682
19480	2967
3908	14482
6178	3264
14004	11587
2871	1602
14664	12974
13083	9702
16335	280
3657	18458
1634	11956
19027	8915
17261	16920
2353	15348
6659	2104
2444	19567
8929	11664
5874	4280
8507	2775
17703	13930
7561	6192
15542	13854
786	2771
6464	3438
9412	18184
4324	7076
19432	4170
17007	8485
15139	550
740	2099
13993	14294
11926	15123
8700	11754
888	16735
18110	770
2027	13786
15859	2305
12067	13114
1156	10696
4232	103
3396	10293
2200	6455
19046	14367
14774	14420
1688	10510
19477	10626
15512	2947
5970	11109
2266	2878
4344	7066
12202	15690
5884	5331
12592	13311
8056	6294
16419	12446
18432	10742
12556	12431
9943	13423
4098	13356
16455	8749
5614	134
8125	11392
9382	4378
15508	16756
19264	17800
7315	15014
12854	3362
17815	10664
15719	8419
11797	3039
4783	19570
11378	374
5633	9812
772	2674
11501	4117
61	12026
6947	14178
4780	10659
13295	9035
8103	2866
814	19608
2382	905
6367	4079
7081	17325
11301	4884
11378	18104
843	1142
3701	16661
19247	13616
5096	843
16682	16851
9577	7638
6554	12635
16742	11928
11283	18719
10139	1036
7617	17281
17592	13497
15444	14141
2225	9064
258	18117
18856	14128
12971	17996
18110	2473
2391	2499
4259	1211
7578	17246
15212	14554
2119	19460
8102	10521
17537	722
18312	7125
2409	17708
5451	1830
15187	2937
6488	9674
19425	6110
1655	19053
15244	10000
16891	10246
10091	2405
7748	14493
5090	16276
9301	4042
2605	18071
10763	17724
15198	15328
8930	10527
6312	812
15316	11064
18403	15370
17796	14532
5230	17792
12202	7019
11612	7672
5708	13490
11387	13825
9178	2496
8261	12147
8626	3342
10366	10814
12204	3342
14401	1266
13617	13309
14823	5084
772	11584
13042	17306
11038	9429
410	5611
7693	9917
3116	11434
8859	17929
5858	11376
165	3272
3135	16550
7815	6094
7411	6559
19640	16498
1156	7623
16436	17656
10983	12485
4232	12640
12161	11011
5423	104
18324	12102
16197	7815
16178	18958
12378	2042
14399	7186
13083	9816
4819	12570
4942	7508
2172	11517
16090	18886
16645	8669
16086	14856
8456	7126
3274	799
7441	8313
8882	2438
19267	15087
13006	6089
19313	14124
4465	7844
10774	12199
354	480
7033	18593
19049	9670
16086	2494
2350	15920
8373	3802
5108	2612
10886	3927
13144	13244
9083	12973
13134	16713
13770	6420
18615	5718
14940	2482
19530	2266
7100	11678
19080	6803
6368	9718
12598	15261
5324	8568
305	11817
6503	2011
18740	18019
4858	19698
7712	2300
10792	4672
15004	937
3140	13640
16618	15481
15758	2776
5896	10504
12394	15310
7549	4235
8456	12885
12149	5566
8635	16965
14953	15708
5230	72
10933	10689
19477	6096
16052	18946
9636	13600
15045	9987
13111	13212
19262	12640
18417	2105
7741	15708
3920	6699
18695	5867
19178	421
6094	6303
3625	17181
8526	6215
19690	920
11387	4120
12084	18851
17157	13214
2333	16833
5880	10889
14774	16974
14480	1937
15100	18253
8929	4987
9190	7532
9312	8152
18713	17765
298	6298
6107	19039
16726	18527
1216	11136
19347	11645
6152	5911
5171	1317
11737	16139
2606	18039
4687	9140
15187	5229
3859	18028
1490	8267
2941	3702
11963	18151
604	15022
10311	12570
1156	7477
12732	15603
15814	7109
2013	11129
15758	3807
6718	17128
3715	13126
8909	6224
7873	119
1264	10615
13873	15210
1930	15085
8626	17943
5653	19180
18324	17612
10527	7663
7573	13325
10763	13568
19281	2412
15193	16211
3999	6788
7084	5487
17972	6366
13524	14608
8456	542
17797	14374
11911	9559
15719	19204
12845	15992
18333	16520
17704	15823
7315	9152
8990	11627
4510	18587
3483	5557
17762	1409
2612	18246
12679	15824
13998	16606
14303	3192
7474	14083
13936	11260
7560	8802
18712	5785
6463	13075
10461	12508
4121	7076
15338	18540
6192	14214
15813	17800
9339	421
5738	14134
17743	457
9644	13299
9821	14828
16243	4356
12702	13953
5076	11215
7259	1127
2768	5945
11254	16617
13683	9654
17972	19469
2266	3766
18038	12640
15033	10851
19551	2506
9120	17419
9300	8753
715	4271
18018	16567
2022	15030
12399	4031
8158	11420
14702	6727
3368	7710
9472	3804
16378	16518
13458	15540
18677	2005
12782	7725
13088	1631
4480	12234
6972	11269
3625	17819
11932	5767
14311	1994
512	7672
2680	1438
68	18115
1521	17016
5135	12388
2930	7167
12701	9036
15422	14846
2463	12631
18040	17229
15313	17419
4128	10608
119	13370
5664	12840
776	19107
5814	1786
14287	11570
16165	13225
15040	15141
18131	18271
16656	10827
2540	9158
9767	10969
18521	4952
9444	5184
19520	4626
7815	12640
2119	3150
19614	2005
3661	17476
4232	7131
16887	10529
17745	10887
5126	4015
15519	5034
2225	15711
2540	4120
11945	2937
4032	2290
14953	8266
18268	16661
7873	4753
10778	5580
11970	16383
6305	872
6357	10573
3902	4133
11670	1143
604	12623
16263	17584
11598	18458
13560	8414
2051	4709
11013	1655
14311	1541
10461	12239
19690	13802
6513	1080
16942	10407
8292	16976
16157	6513
15975	7456
3412	7845
7751	14665
1922	15414
8535	4746
11100	18084
756	11383
6104	3384
7269	6120
8831	15277
13822	3109
16752	1175
14564	17138
3140	14539
18370	5950
5995	16518
97	13972
8385	15270
18819	4318
4595	16492
12225	10462
16143	19286
17279	8840
1143	3303
9178	12975
8239	10223
11758	8817
8626	17438
13144	1981
19333	19207
17729	19222
7405	8956
788	17968
3657	4347
390	6921
7680	2999
15576	181
10842	2407
17061	6615
14437	14272
13619	19285
7541	10859
12556	14132
4656	13084
9167	13854
252	8504
2808	6124
19464	8236
18807	5578
5053	10730
8978	16181
16350	11435
7571	6051
5446	2711
5864	19204
14069	16491
12787	14425
3430	10392
16346	2195
1264	11029
12682	17968
2177	18774
7217	3303
7451	14838
19061	13660
16020	6982
19526	3818
9814	2842
2337	4636
8929	11915
11026	18804
4455	2995
12149	6460
11250	14898
17695	8608
11632	16729
14405	7401
6257	14893
17191	15756
6004	3995
11421	2937
6304	12949
10366	12341
2418	10414
10737	5686
16399	9378
12828	4514
1320	11663
4433	4996
5105	5296
4827	2898
8086	15709
1507	11102
1540	13125
18978	6035
10950	19504
12986	14385
836	12153
16176	14844
6487	4521
12445	12431
10831	5476
5664	13854
18973	19149
15912	3835
16455	1297
17361	13633
14060	738
16205	19663
10195	12319
7093	6285
1336	14055
16645	5164
713	2415
7296	15036
19011	19096
7071	2316
15163	9568
18294	18553
11053	3302
11283	16005
11891	17761
3695	2139
10733	3749
13662	13768
16702	18400
17522	10736
874	14913
11944	11157
7541	17968
3117	3587
558	18165
18198	311
3305	103
17790	1740
2028	6227
1156	2612
9382	9685
9726	4372
17688	6319
2399	19360
11633	12786
10733	8306
14217	7731
15033	13760
19403	12192
16380	4888
6570	6737
8689	5512
11437	18653
14060	1238
18736	12615
16503	13112
17712	1269
1739	4222
8373	11957
12249	4498
5573	1520
9814	2874
11794	15723
15180	11558
13993	19548
6368	16223
19520	2504
4776	2926
4725	14111
3723	18124
10679	2749
3999	10469
10275	11365
9123	6321
492	12901
5864	10585
14829	9341
17388	15783
18856	15702
8109	8374
2122	14743
15003	1721
12606	16518
16345	16093
16440	269
12802	9214
19011	10003
2004	7764
17486	3112
16904	3819
17710	4379
1345	13870
15012	10343
3178	14090
18383	11035
11615	2570
4798	15169
17734	16455
18053	2669
15519	19332
8790	11316
1524	18888
14020	8399
6690	559
15983	11894
13391	1793
8859	5633
1537	2110
11283	3597
12570	12062
4731	10687
11308	8321
8821	575
11525	14832
16855	1667
1664	4078
830	17136
17244	14462
7641	5937
4344	3324
3618	1646
17191	1962
5808	8163
19428	10956
16346	2283
9444	13206
14829	7910
11668	4805
13506	19032
7741	16685
3536	1221
12636	16014
7268	12540
1005	9951
15322	3716
2768	14758
17604	186
3277	14008
10817	17022
3039	15832
12130	1226
6049	8066
19637	5498
8929	12996
1171	6725
18266	12683
11937	14642
3517	2042
8069	9745
13777	16610
19530	13689
4094	11927
7645	1168
2071	16138
12202	1625
15813	13122
12201	4196
2027	19708
9228	13854
17157	18349
280	11754
2191	19462
1800	18691
14295	9516
18270	14194
10773	14228
1652	16518
1883	16446
17089	10345
3799	15040
5406	17968
5238	2839
7739	9022
14014	3656
18217	500
8950	18153
3305	14724
19617	2457
8138	11458
4116	11397
13678	6310
7411	10288
15960	14160
18608	19074
17191	19587
8859	15910
15719	16518
2992	9776
4863	10042
15813	15003
4380	4990
17483	7962
17764	13680
2997	4905
15198	5391
15265	9772
15629	8971
637	2415
18910	1459
17361	8270
2432	13312
1721	999
15356	7080
15271	15242
18074	13310
12737	4840
4784	6604
10185	19460
2418	950
7534	8471
17743	5682
17897	17888
8968	12619
10064	6281
18019	6319
1793	17439
10520	1116
9660	15663
1439	15070
2540	6010
18179	9732
9233	10551
1793	8522
7828	10145
1664	11165
18712	9630
19523	17371
1330	15327
12622	12519
8929	10839
8626	14991
17592	17839
14252	19508
18976	9888
13212	19709
12443	16961
6317	17183
13536	6203
9322	7880
807	17327
5674	12370
14765	10889
18454	11195
12945	9148
10852	5549
9015	3604
8893	7081
7726	11563
3138	1338
12019	7372
2235	19316
15813	3491
14296	13426
13555	5495
7821	10018
9322	2856
2997	7812
4053	8112
8450	14107
19685	14351
931	15692
18184	5452
19403	2438
1171	3571
12378	16320
14425	1315
11245	13503
5381	14737
12500	11164
14810	509
4129	97
15197	17133
13730	13590
1947	17264
2738	18503
6808	11184
2934	12590
8930	5267
3946	11405
18681	8041
7955	17030
3701	10396
18479	1946
2309	18432
10204	7470
2243	12672
4780	6783
19322	13263
4520	16299
19682	5922
14083	11050
6366	11987
5175	6088
604	9323
15760	4226
10331	1294
12333	3876
1947	19548
5919	2477
4094	14545
5053	5184
8456	2039
3059	14373
5414	14215
11670	16289
10858	3219
17517	16529
3172	14755
6451	10841
5423	15209
6368	332
5970	966
4343	1909
15200	1824
6229	15046
1104	583
18645	17426
15354	941
16510	9237
4404	8886
12247	9812
9120	16552
15813	13348
16752	6271
8929	10184
9393	14132
7741	18959
10774	2201
1171	1617
7141	8971
7287	2117
12191	1183
7313	8089
14966	18335
8041	19365
11232	5409
10589	143
14594	19196
3701	18938
12745	3835
11496	4791
8210	9554
17703	12410
17040	18263
12258	19201
6366	13587
7266	2366
15912	12623
11937	3681
19584	10554
8524	1911
9414	16337
384	9112
637	4576
16049	13694
6554	7787
17450	18495
6107	4373
3607	1989
15366	12431
13978	17540
4450	7123
19620	9888
7820	12164
18819	16441
7549	16940
8125	6999
4450	8302
9954	6330
5465	17726
61	518
15747	13057
858	1612
15901	15802
12223	5869
8488	1211
7617	667
10718	11192
10091	7078
17191	2494
2598	18620
8103	4339
13607	17968
6509	14381
18773	14522
19520	11365
545	1734
8094	5164
8929	12764
110	3144
12798	8800
7058	4113
8125	3180
1435	13148
4658	1498
11230	10759
3016	11829
3471	4546
18328	2014
11630	10506
3931	16012
239	18604
15582	14357
173	5425
17006	13572
18132	3835
10907	12423
7058	9872
15975	474
397	4715
4426	17629
10511	4943
13083	12552
18333	11506
1443	17587
9634	12862
11333	2379
12038	6334
5880	13206
5355	5675
2919	2923
17991	1225
17846	5899
1524	12128
11754	1441
587	15037
15338	11277
16101	4953
18472	6012
16046	7683
15012	14098
15143	5645
1875	18882
843	2150
13144	18104
5019	7231
5475	14388
7560	7519
15813	16905
12191	8051
2093	19469
17418	18432
11844	15501
18074	5417
11679	9001
17800	17486
6007	12120
18545	9674
12930	8284
14644	16517
16495	8220
17157	6774
15760	12033
4344	12848
12971	14782
12971	16686
16275	4301
19331	15772
6065	1472
15397	18915
3113	3280
15422	17460
1450	7361
4635	12723
10807	9601
14933	11700
2049	959
14594	8147
7135	9858
12087	2831
18233	1909
3701	4027
11261	10401
5606	19328
17212	575
12146	15151
16551	9601
15370	2180
9641	14903
3854	16549
1272	16296
16515	14409
15244	336
17703	12975
7549	14734
19209	1193
11433	11251
7821	5942
1661	10871
1099	14846
2235	15852
18920	1436
4443	14016
7428	1343
1922	16231
11378	1238
10144	8802
13408	18630
3340	2766
14646	4164
15467	6790
15170	3614
19156	6090
8219	3779
12698	3302
19477	15573
13232	7461
6067	4006
8138	7325
15813	14626
17698	18602
16649	16280
7302	16538
18354	12100
16175	18533
3496	12558
6417	11134
4605	9284
10824	670
10733	12324
16639	18957
14303	16586
535	6212
3799	17460
15564	13854
15564	19669
4096	9582
19477	10463
9450	17071
9235	5904
4803	18321
18991	1291
18074	13402
3014	512
12137	18422
18966	9888
8041	3931
17042	8550
25	6765
15511	15406
10774	10966
10532	12262
12647	4551
11622	17152
8468	11038
15446	6168
15025	1241
15025	13200
4442	12348
8280	19183
17815	9854
13631	14947
15813	3299
6086	16010
6229	1631
10842	17905
7127	4927
18554	8128
18923	4528
8134	10114
15177	16352
16448	13010
16129	15134
13995	18845
10809	11113
7889	7831
4425	5250
173	19087
16019	12460
2941	19288
18544	15662
7848	4509
13350	8800
3529	1781
14683	6118
587	84
6331	7985
6408	19171
9457	8839
11421	18247
19019	17719
11289	13854
17772	2969
9242	18349
12161	4826
3557	15275
8159	2603
19011	12864
12280	5018
13060	15077
10374	7019
7168	10331
2577	6710
9167	12623
786	14577
3140	11457
4885	10320
5171	7748
18442	7673
1167	15408
17522	8916
19079	16068
14401	4852
5983	7798
6331	4928
12932	15602
3341	10325
18184	12640
18635	1304
4735	16729
516	14266
17265	11175
2385	14047
15123	2042
2013	17245
11043	15135
17450	16518
14389	10029
10222	3122
14174	4339
18747	14747
13662	1423
13024	12502
13359	17126
1496	15625
9095	4687
1995	15349
2333	17307
786	18719
16148	7980
558	7528
2415	6590
9239	792
19331	12868
17143	1833
6539	17632
19520	13854
7007	16181
18276	17578
13907	19234
18966	18409
4658	15841
18480	4103
19249	15607
8662	18255
6842	715
738	11383
1800	14155
17522	1833
4032	15870
13350	17247
8116	18438
6186	10122
11593	10087
14850	17560
7058	12748
9644	16442
16437	16542
14933	10969
2409	3740
9878	12034
6313	4148
13599	18136
4569	18701
18385	18774
17215	824
1156	8278
19553	17213
689	4084
8257	9453
2753	8635
7127	2986
3988	7585
9579	11955
16150	5990
3762	17480
9290	437
13152	11306
68	131
25	8697
16052	15030
3571	16282
10275	18880
7624	1585
10553	436
7274	18717
10081	5492
4835	4410
18526	14561
5739	3165
3390	12055
18472	7805
4283	12794
15193	16390
6659	11999
9325	12683
9428	4929
3138	14190
8535	7739
3483	319
2983	14846
1439	7523
8886	2196
9106	2883
12389	13115
19049	10915
17098	10565
2409	4149
8239	14651
5981	6409
15207	17369
10750	6225
10886	6839
7097	16422
16012	3103
14646	507
5958	8445
3464	4889
19041	10924
11043	7123
16427	6590
19338	6369
18454	12900
13198	16108
4213	15775
2693	9336
5806	9093
1458	13857
15626	16371
12245	4699
11077	14404
4333	9218
1171	7779
18840	1257
2738	14704
842	13854
2768	11494
2159	7019
16891	7875
8350	4929
1184	4079
19688	4073
10656	9812
9131	738
13488	11443
12859	1337
11378	9801
9838	3051
7933	18854
17143	6690
2235	14910
2829	6413
1677	4157
12378	7236
15422	2612
7411	2328
4835	18188
3933	3893
8270	1728
5856	1634
5067	10151
10014	11154
17485	12611
14765	3169
9868	11365
2294	7301
9558	19542
4393	13777
15033	7744
8692	13787
15937	4635
17692	16377
1330	12002
16197	2199
10070	18246
16427	19179
14789	6347
16240	8101
11844	668
18599	2893
16896	3793
15519	11556
10831	13114
11038	15539
19520	14935
7445	11929
19251	14704
2332	14881
2930	16640
2391	3546
5249	8482
405	2914
11168	4362
604	4031
12497	13140
2584	17915
3169	10042
12218	17464
25	6222
6509	19303
16243	15849
9661	11440
11743	19184
12175	18503
13060	6170
18276	11844
8662	8938
8978	6968
11498	575
17942	3227
11770	9490
13446	11693
6202	8394
6417	694
13056	3912
14389	7397
6728	15659
12258	333
4604	12844
19428	14543
11317	10908
19423	3863
9660	14846
13111	8589
11850	9218
8350	8446
9732	11302
10070	1397
1507	17767
15076	4595
6697	17814
15120	15274
12822	8667
2051	2152
6394	6100
6065	1853
15263	19054
11496	1350
4813	4247
8150	11213
12258	808
8713	16518
11425	13854
13560	7058
17212	5889
14882	12388
7093	6227
13144	6912
2432	12386
8887	17486
15467	2544
8125	5038
13684	1699
410	17775
9644	3438
4699	9355
17379	5546
149	16812
9644	1132
19558	12660
16384	3438
2421	12516
19620	7450
13784	10615
14014	11693
1322	8569
5021	5888
9402	3341
9901	9081
1946	2607
17208	7076
12821	2612
3289	9279
16142	9572
9557	5174
17739	16766
12386	16939
6987	16961
13060	8613
4273	14837
18568	15209
14401	4687
16469	4789
13940	2534
14882	1029
9035	6319
16747	13365
3952	17346
19317	1453
16052	5255
16425	14841
11317	7363
15950	14771
15859	13832
636	9654
2027	15875
11315	6692
4094	14926
12044	17996
9714	6840
15414	8057
14437	17791
3647	1441
3093	16518
15813	3130
13350	2105
5045	8477
14815	9817
17143	18768
14004	2552
14427	2827
2693	7606
16516	17242
14692	12785
3016	2377
3204	3222
13578	12931
19420	2564
5896	3651
8859	5955
9412	11261
9332	3791
14422	5732
13337	11402
8685	12894
2728	5201
13042	14538
2598	1646
16570	19659
1634	208
4072	11962
3657	16320
4818	16518
11354	9299
4491	18388
19306	6192
11283	16952
16345	36
12592	18944
19403	11355
10774	14834
8094	16273
16440	6627
14656	5498
4425	4434
7604	15983
4053	15452
2113	5412
2191	622
14480	10948
103	5039
18686	7045
18951	15497
15408	12871
19403	19222
19205	3237
8512	11220
11943	80
9641	5518
4123	5472
7885	19587
17942	11109
3715	11337
4129	16556
87	5468
6308	12788
12467	6231
8167	6720
4426	14631
5950	14574
2489	15119
9264	18905
6096	6010
14746	2523
13306	937
8989	11362
13135	13288
9838	16574
14746	5609
1216	2025
14596	15395
11638	6683
16855	7840
15003	2924
16592	3001
17642	11304
4480	11669
11563	8015
13212	18400
5788	11843
12386	1417
10748	12276
1831	11236
8125	10244
15489	1548
2243	10978
5014	14175
5970	6540
5402	18290
4880	18894
17722	5199
19675	3814
12191	15859
1141	19144
11162	6560
2415	9081
7889	16518
12296	7196
997	10405
3187	18964
12879	4605
8859	18597
689	470
9644	15190
15193	1011
2691	5654
2916	11312
12152	17683
10132	11708
16200	11266
14243	16490
18913	14234
7161	6265
12044	4935
1718	19587
588	992
18608	15823
2932	14750
19205	14329
11580	2658
17397	19542
18179	7660
12682	13160
12130	18767
12698	11211
3042	1122
814	5482
10426	13547
7173	15559
7	13885
2571	19490
16056	11293
11616	5610
8968	12006
13251	14926
6293	14536
14213	17383
11166	17625
12802	2605
587	13270
1875	16550
18699	11381
11078	13329
9962	3820
12845	2154
7302	11659
16440	7006
5407	9158
9939	1043
1732	7189
6901	7489
4858	15659
10778	673
18975	14174
15519	12640
10910	4382
4538	8845
7869	11268
3778	18441
11387	5838
7889	17522
16532	13555
5158	13854
8456	474
15045	9191
11743	13229
12258	17638
10202	11397
13111	13915
19613	4869
4380	13381
7672	16993
13460	6658
12197	5174
9917	12168
17665	18232
18907	14065
4783	13396
7616	559
13458	11844
2571	9654
17014	11426
12679	7502
164	3700
8556	2159
4397	2211
18472	7576
6313	17769
8839	11591
15209	19447
11009	11144
17057	4384
16425	10711
18361	257
6085	2149
8524	19222
7883	5866
3462	11280
4595	16093
2157	18811
18557	4017
16049	11029
17692	4148
14480	8207
11771	5512
6509	16432
9084	18512
1171	7976
2723	2783
17098	15837
8212	1638
15819	3510
5406	1654
3920	13633
19019	13081
2105	9248
2680	16872
11455	9871
4915	15774
6423	2005
18312	3053
11009	6153
16052	11674
18018	17800
3762	5512
1392	18292
1171	1077
15386	16586
9242	12850
18736	19683
8715	2607
3113	17528
4053	11693
8305	6916
11378	1101
17648	1158
71	3635
6357	18366
3321	15112
5105	476
13631	7261
786	262
4616	10919
15950	11360
13246	10893
13326	6547
3324	8635
10959	5141
17139	10319
14709	14335
11211	13258
11944	8848
11738	8236
13998	3269
4410	4953
12720	1098
3926	13739
7899	17492
7743	14493
16197	19253
4880	18457
8894	9112
7014	1282
16056	707
15312	8802
11248	7987
18430	10959
16205	18068
18312	14889
6571	14744
10248	2583
18200	13477
7578	13599
18877	1178
3425	16704
7617	2553
2540	15716
9343	7162
6566	19699
18228	16772
1408	9107
188	16385
16526	17476
15889	15062
9301	1002
7889	5166
3923	6010
5019	6860
4170	14345
6987	12494
14624	19664
8783	18987
4798	11527
6791	3773
18526	16675
4764	1728
3023	8670
4565	3969
16197	14637
3363	12147
17940	2242
8816	4665
719	7744
435	6209
10426	13118
13230	12442
13964	11018
16768	18781
18074	19073
745	19378
13064	204
12130	14188
9414	9557
4408	1803
1524	9552
11232	14612
11230	9746
11349	4585
577	4011
16021	1193
4692	843
3317	8649
3646	4576
5886	13467
18333	4800
14369	16337
4072	14054
12986	11534
19408	14944
5426	5710
1875	19587
11795	6602
6368	5016
5880	7372
17187	4145
19050	7382
63	3775
3586	18044
8972	488
17396	8717
19027	14056
2096	16680
7315	12391
14823	13110
17522	3053
9660	2438
4142	15683
2114	6276
4880	3159
11589	7586
3418	11842
13978	7667
636	16461
18740	9888
13174	14218
18417	18123
4038	17878
15245	9064
8102	4122
6943	785
1789	16165
7084	14221
4094	19037
11166	17160
18592	10094
6192	6527
807	8926
2177	13211
19528	11995
18695	7303
5132	4733
12979	7186
16441	2895
501	18438
8504	14132
18458	17737
5605	4366
3396	2013
19065	9025
2738	15572
15362	10905
2932	3771
16577	2063
12280	1433
1600	18220
7494	8902
13839	7329
15223	12239
9714	11365
1266	1759
12286	9247
587	17714
17006	11365
14296	9118
10275	5926
9288	16954
2728	298
3694	14853
12389	12537
16021	6061
786	1354
4214	9989
3667	10425
11308	8057
15912	14430
12089	2966
4043	1556
435	11025
3009	7717
16063	281
8013	14395
14132	5838
13152	4055
15033	19008
7014	9654
18740	7131
10858	4514
9788	12159
13144	10785
14080	9826
4942	14275
3326	9873
5168	8887
17945	10031
898	18696
2350	10759
4333	16854
16627	8340
9480	13781
9682	1425
11683	11489
19251	15189
17800	19651
1301	18345
3648	5869
19525	12295
15212	15417
6049	14670
2157	8705
18333	2105
8280	15481
2353	18400
8929	4725
18608	13129
2027	2881
3571	1253
13662	6080
8357	3117
2691	3681
12225	3680
4153	17486
12960	6596
7918	13986
1984	12538
16350	7957
7641	17120
14767	18145
3828	17620
15212	5335
6640	18623
17336	9283
7715	9418
6637	937
15983	2385
9917	7246
11944	6777
17361	7920
16012	1238
15885	17681
577	16392
305	3252
6881	7222
8929	13157
6553	18774
9849	8236
6312	13856
8882	8461
4934	8629
12563	14222
4854	13599
2802	14273
18424	12805
9118	12853
14001	18620
11465	6118
17548	12511
16012	13333
612	11686
11632	9947
12576	7972
19520	3740
8371	1340
12933	18756
11630	19059
8695	10056
12997	3816
3662	17419
1952	7970
15170	7984
1521	4417
2813	13502
9596	1891
4038	19392
13775	4176
18545	10160
11844	514
12013	1636
786	12587
12296	17149
15354	11260
3879	10914
19496	957
4412	2423
2171	18060
7900	2568
2093	17879
8815	17518
6943	1909
196	8181
6487	9812
17695	13997
2418	6740
295	3785
19551	11550
18713	18417
8695	5604
4526	5111
15427	18870
4388	11227
1301	17595
9312	5526
4721	13409
2508	18089
1322	13912
14478	16362
3023	2698
6437	13319
10091	12582
188	13586
15535	12579
19262	16289
10878	19018
18526	12659
12445	2866
14287	3304
6442	10109
15198	663
10907	7898
7029	6964
11533	15584
4344	9462
18454	17458
15045	9145
6071	10728
18228	15082
15937	9551
17439	14838
2267	18925
6760	19427
15957	14364
4569	7591
17089	15910
12286	10266
11211	14068
16385	5174
17914	11908
11283	11011
17940	7950
6286	7710
17005	11194
15511	17040
5845	1702
15356	7369
18702	10197
68	16518
8849	19587
11413	7210
10436	8379
10620	183
2997	10662
7141	7854
14807	9252
8233	1546
14855	950
18278	14060
10311	18689
16350	19516
8873	9251
3363	9063
4072	2594
13560	3308
7405	3054
14651	1763
1789	17082
18482	13272
5108	11136
1946	18392
12102	8649
9828	8419
19572	5718
18015	11260
9444	16244
13540	10888
4818	12537
5981	9092
15012	8499
2993	16776
7712	17073
15422	2336
17619	1390
9511	6821
9644	247
7852	10446
4780	3661
3169	11370
3762	18623
15198	10322
18323	4170
12581	12485
3431	3708
13326	7044
17439	10500
5587	5874
2612	3799
5381	11063
19322	18708
4863	14737
7685	6274
4075	8992
3879	16895
8056	2901
147	19149
13619	14583
2932	13094
2932	15700
1301	8749
5092	1470
7869	6924
16052	3122
3289	14138
8541	17173
13350	8992
2334	12649
10809	15174
19251	10674
16049	5984
18972	5160
4725	2895
3701	13299
12635	15563
13306	11647
456	15046
7743	3116
7660	17504
16419	13584
15212	11846
19551	7450
14564	10439
12556	2258
2237	14691
165	13886
160	19583
9402	19199
14702	19194
16011	19512
3661	12707
18712	14864
13641	4831
19685	10044
11212	484
17621	2604
1988	13669
16296	4774
16142	11990
6101	10356
757	2467
515	9819
2252	15645
786	8038
8823	1673
6891	7548
8109	16241
3092	9766
10875	12041
16532	14453
2177	14997
16165	4732
14522	11180
16506	15149
2705	8759
14020	14198
3304	3855
875	8219
1837	16704
15719	1919
8373	9866
11819	7765
558	9463
5987	11159
6722	19523
13750	15341
1104	10227
6233	19490
4180	18964
4835	18548
8261	16188
1341	5361
997	9073
298	7488
1913	9462
19584	3488
3340	18856
1946	7180
4332	14940
13854	18717
2983	14387
19035	14527
6476	14286
6468	8877
11635	19371
9678	11187
8370	3625
10275	1820
7823	1909
12311	13718
11833	4694
14328	18966
9393	6207
17712	5939
4426	7463
1443	15126
6394	2925
16063	123
13191	3500
8698	3009
7518	16745
19713	4847
13290	12691
1458	19639
8497	7867
13560	2990
760	10401
19051	18432
14746	889
5485	12637
5126	14895
13039	8992
4072	17211
11283	19251
17191	9404
16632	15455
1837	19102
4180	6941
9325	18227
2049	4312
8990	3816
3782	18518
11535	316
12634	3700
16011	13324
16048	19652
10806	12371
7641	12594
12581	1193
7169	18311
18524	9643
14252	13357
5499	5727
15811	19434
16749	12827
12517	14736
17809	3160
11378	19132
14767	12306
4666	18865
12790	11767
8456	15802
16239	16194
3879	10625
16404	4082
14139	18964
7969	18819
1417	13409
4810	6221
397	17063
12570	10008
13326	8195
19525	4107
3091	14407
8968	13408
1651	3978
15198	9920
10185	17765
12389	14334
17331	19285
1122	8266
1450	12741
17076	5533
3828	13269
3952	3504
11608	1047
1066	11298
17301	1374
17745	7779
6753	1639
735	7108
12085	6030
19247	12918
7029	19302
14701	7378
1336	2684
870	4906
15121	8351
7396	13633
2491	9524
4915	13004
7197	2079
9895	6331
19520	15204
19011	19582
15212	14584
13144	5074
19277	10254
9536	10016
10984	9158
9962	3214
2769	1699
12161	5360
12013	7743
16702	6628
19477	18104
5998	9454
16197	6839
15085	3999
12737	967
3385	2237
196	19285
16197	10331
13563	8808
15860	6391
10081	6010
13458	9081
10910	4907
15975	15242
3919	2647
14043	14771
3658	11989
19338	13857
15393	11122
19255	2415
5355	12252
8556	17081
8504	3369
15223	18734
9418	14944
13498	16266
12378	17067
7143	19710
18112	7986
4223	6944
8538	197
165	2328
5901	864
3016	17240
13562	8540
12467	847
15586	7019
7900	8993
4793	9227
9351	18652
5096	16661
6102	5496
14217	17569
10986	11365
19713	2150
7960	11570
13111	18554
1664	15500
17522	8802
4740	9282
8028	1909
12149	9513
17715	10294
13978	19288
11758	1883
11386	14241
11790	4536
9721	15046
5880	7839
10331	1550
4142	3417
18872	14747
10110	8904
10014	3169
3304	2226
1341	2044
11166	12012
5788	12105
16178	6928
2902	10175
13657	4116
17592	19582
5108	16861
13416	12411
10884	11358
6468	11586
17205	18009
3274	1414
2732	12966
4431	14464
1104	1304
6671	15435
6099	16730
9788	19580
2906	16315
16752	859
6096	5482
19247	14508
19640	446
11891	8458
10014	1976
15631	12200
18307	14256
8070	413
8512	2564
17692	12640
3015	2073
4880	3709
3690	17821
11245	16374
17082	1101
4134	9506
14012	19192
5451	9886
19251	9141
8593	82
11930	4938
5048	13240
17143	7076
5906	11365
12266	7237
8104	15137
15733	10032
18018	267
18966	1640
18158	13775
11698	16811
16599	15638
7904	895
1634	212
18019	18155
8464	13903
11754	13333
4319	13048
3647	11792
13978	14846
6368	6723
7071	1910
68	6282
16682	7207
3430	13899
11425	17475
10341	5605
756	937
3872	889
15315	13830
18962	16147
3154	492
16021	13625
15971	5341
15739	15948
16197	9858
3727	18821
9215	7462
8140	17103
18356	17852
4219	17271
14437	11674
13350	2504
7168	5285
8456	18252
17715	4018
3150	8377
8831	7508
7933	13249
4666	1480
18131	7123
8636	16704
10331	17905
19262	17904
3511	5244
1952	6839
12787	4031
19125	10456
6186	9448
4687	1235
11248	9559
6198	6888
19281	16535
11645	2613
5520	4612
19247	6427
5847	11959
12598	15285
12388	19551
19275	13202
11911	11600
8739	15596
9548	581
15003	1834
15047	15597
3062	1422
8529	3552
10829	9654
5788	12551
3169	19698
3498	3569
536	1925
4725	17711
786	1605
8593	11167
13540	12239
15511	8072
1156	138
14219	12569
3715	6451
12084	2046
12044	2447
6007	16505
11807	18092
1273	13924
13617	12265
7169	8135
4725	10850
1732	17186
13878	6878
18014	1537
7024	316
16178	19064
14790	7279
4380	3133
3074	14286
11593	12873
4053	17211
1264	14250
5806	15833
17815	11300
6056	19637
17704	18682
7821	554
2813	7435
11319	6290
891	15807
11819	2220
15814	18224
10628	18895
3625	6506
19688	3669
10326	421
11849	15046
14425	13415
19713	13211
3959	904
10532	19427
1695	793
17111	10664
6676	13138
7743	7234
3298	1652
14391	4989
8028	14188
2536	9144
4766	18714
13924	9418
15223	1026
18272	18488
4393	10047
305	5831
14619	12458
5760	14132
13777	5222
10091	16559
1984	2320
3106	16595
2705	9146
19675	4149
10983	1775
13617	8971
17988	16737
11100	18503
17235	17577
17910	19343
14133	9719
6787	18322
3000	2046
16089	15771
19526	1897
1435	6174
12310	17020
16551	13457
19281	8391
8239	11570
13290	3358
19386	19385
7274	3623
859	3740
9962	575
11632	3566
9084	18956
12802	8652
18597	14618
2491	10247
17745	12301
9150	10499
15180	2722
15835	3834
17336	10500
15386	6801
14890	12795
8046	2827
366	13299
9917	12485
16048	6228
5076	3629
5791	5537
5351	12863
18132	18068
14742	523
12366	7895
7388	16895
11433	9825
4595	10950
3879	3064
16575	18403
17089	7450
3799	17697
14213	11568
4025	18929
8401	13854
15899	11961
12702	14218
10817	5871
14136	3189
17471	15774
12878	8864
11525	8799
15489	16745
15012	16069
16274	5580
2606	14046
16618	19042
18597	17082
18144	8201
19391	18717
8013	11988
7943	15190
15075	7627
2707	5483
12834	551
9613	16115
6437	6261
7287	7605
14328	16334
8498	17618
12606	3212
2769	14301
512	13174
9838	19610
7211	5701
9852	5924
7612	16972
3129	10074
9732	12805
12042	5128
3897	9110
13607	7066
10378	7076
19080	11993
7135	17089
7007	18840
6049	3628
5282	17486
17745	15810
17082	999
13460	9945
19251	4935
1208	15857
16243	3255
6200	11935
3902	18770
10809	14246
2691	11546
12362	5610
1435	17281
5754	15481
14701	14273
14071	12967
3851	9969
15716	18522
3555	3699
12378	9030
12449	3473
4142	10232
10222	1644
5108	17540
8761	6830
17111	518
8989	3863
1570	7553
12247	16340
19520	9601
3025	9016
2172	3286
636	11934
4913	16287
2738	8677
2527	15633
5674	7131
12044	2170
886	799
15312	2971
147	7709
17959	3769
17940	14666
8846	4321
188	3520
15716	14792
11162	7076
16645	11561
11533	4482
15957	6685
13971	18391
15813	13863
12044	10217
1862	9369
10240	10031
17418	18123
5540	2781
3701	10672
776	8004
3952	8796
4344	11630
13524	9323
196	4901
18823	16787
1745	12688
6510	10571
18127	10980
13560	10836
8685	14942
15003	16575
13555	11865
15147	1463
12443	18574
1259	11164
7100	19613
9365	14188
719	12929
13391	1411
7029	19236
18312	7846
3289	7582
17388	5142
14776	19359
18118	4834
4560	11787
15949	3943
17959	17513
10222	11584
7994	18678
3340	11441
16012	2042
5880	2772
2693	1822
10637	10256
16752	15837
2105	779
7405	13679
16455	8433
12204	7004
193	16825
19646	17517
5847	1403
14742	8137
5094	2311
18300	17385
11003	13438
12854	17097
11754	9888
5387	6467
5228	9351
11232	13420
14619	5536
9490	15417
17082	9801
7665	13053
4658	5665
19530	7450
4242	3552
16050	5148
11009	7434
15765	7066
2919	8578
14132	10401
11948	12747
4223	4298
18966	15841
7467	3858
16495	16208
18747	10606
6192	15034
3677	14523
4283	12246
9383	15408
11819	10665
859	2136
1711	11227
13995	518
3274	18506
5445	15503
18021	12038
18467	13532
14409	16653
5092	18152
3059	13179
164	9157
19420	15818
3932	11235
2680	11260
2505	10764
2186	16520
5958	811
14855	300
2635	7784
4078	3553
3438	7965
12414	5214
15534	15708
846	2464
13753	2464
165	14007
8195	138
1837	6522
7602	76
13016	10148
7933	7283
6697	2807
19079	7076
8466	16712
9634	10500
8305	10885
4142	19140
6020	4528
3464	7779
2678	5804
11317	12623
14252	5673
15719	12298
14405	1877
4334	7526
18387	4607
9404	8749
11737	13586
9628	9802
10817	5608
5076	16213
12118	14228
3106	1419
11798	7087
16852	16035
18278	12640
19049	19603
5504	2638
5730	16820
3953	16306
937	12431
17089	7335
17678	12702
4587	14581
13024	14375
17709	579
16868	11898
6676	18620
15200	282
7302	4254
11419	9898
2262	16093
12497	17128
19072	17968
14425	11029
4142	7188
4560	8309
5109	18253
9457	13450
2409	1923
71	11766
11289	16892
2325	9429
13239	4516
11425	3467
1291	17058
13777	2082
17091	1728
7095	16695
14424	2154
15040	15454
3799	4988
18278	11018
6655	15862
8466	16573
17373	12848
18681	2273
4687	1989
3448	992
2304	4197
16202	10188
7007	8119
7159	14155
14810	6227
13083	15438
15406	10983
18966	18689
10132	10115
18328	316
11932	1834
10858	10599
3140	474
5520	3039
7081	16151
5411	16359
17361	19500
9083	7232
19051	7546
14014	1201
3715	16407
12576	5753
10021	9888
7173	16847
8931	15316
10486	18561
9617	6404
8535	14858
7715	6475
10070	19340
8070	14853
7820	12944
16469	12624
17006	9601
8930	7963
15279	4239
16056	13854
1952	10029
3661	18717
1634	7779
14624	13370
670	13860
14127	6031
8929	16923
10774	8983
3641	8416
15519	5730
15025	16804
4129	156
6094	7470
17081	13291
16711	16221
16813	2280
2114	9157
10488	2019
501	18305
14011	14925
17704	19307
3161	19048
8929	1719
9536	5103
492	13247
15957	15438
10774	2600
3677	1832
19100	7658
4992	9480
18458	6998
14699	8521
4740	8232
14043	4168
7920	6905
16384	11487
4433	14818
6790	10751
1952	4990
16052	18153
1050	6380
11970	13626
17696	14936
7100	1340
3625	8908
2335	8228
3000	1805
1008	15203
2230	7325
12933	17629
17093	6535
12171	7237
16500	10631
1573	3362
8140	391
4880	19486
14311	13904
8692	14404
7969	3506
8458	14592
11840	756
15813	5127
5485	10885
14287	16199
7351	17585
3438	82
7514	18535
4783	5047
524	3740
10983	8697
19460	10934
4585	3116
19444	16660
5845	14877
17143	12587
1205	15202
9046	1039
11844	15134
2334	12228
5076	7089
11598	16218
17980	12732
1739	6590
11991	18689
8497	905
8139	7145
16324	5633
18788	9151
3599	18218
15012	744
13971	1650
12218	16518
18410	18710
5734	1790
2919	3461
3150	11260
13784	8464
11491	4605
6500	1122
1171	7646
9536	13985
17450	10585
12366	1154
4491	3940
10185	19620
17988	7934
8284	18256
173	10412
8621	3198
17373	16518
3341	3120
17512	3405
6286	9036
8195	6641
11283	3360
16567	7401
8614	16201
3412	17668
5299	17670
7885	6910
17743	17903
18270	14399
18455	1030
10382	17269
11387	11123
5324	8900
15423	4513
17093	16976
3970	11464
18970	8128
11252	8995
15177	15408
8370	17561
6417	11258
9457	15475
11250	15203
2033	5394
5573	14676
3274	6490
17023	21
5463	10095
17089	19460
8001	13446
13560	101
3677	16237
10817	319
7604	9562
7391	15038
17729	3692
7571	15496
19713	17540
6728	2581
13152	2970
8425	16013
17157	18431
18726	19228
11790	5478
10124	3072
8488	15702
14880	6168
1104	9066
165	10182
4679	9369
15774	12871
2930	5133
2105	4058
8556	16635
15535	10949
8635	1654
3516	131
19690	3754
2066	2913
16855	14388
17089	16922
17486	7131
8466	18599
19255	14056
11670	4375
5228	18375
3092	1136
188	4349
15212	17539
4687	561
2004	18488
786	1192
3879	3186
13536	11686
18636	18178
13854	707
4286	17731
10774	13317
19382	17364
18307	1616
3183	6379
15200	715
18791	2552
8014	10534
8744	6771
18747	692
2505	14233
13350	19637
13015	4110
11314	17073
9619	6628
5308	4757
12119	14838
18283	3846
4094	15415
5981	6952
2028	2623
16191	9505
7302	10127
6550	3109
1678	17800
16385	17844
17093	16852
9962	4876
1171	8691
16346	8250
3516	10571
7391	8786
12146	19254
3448	1873
858	16647
15004	6198
18383	19025
604	1646
3998	4937
19106	13075
14596	10053
9634	1270
1970	2247
14287	12520
1837	468
10538	3372
17898	5452
14389	15380
11758	8004
8155	1765
17649	4613
6368	15009
11038	3740
18357	11048
8529	19070
17706	1931
12118	13417
5542	11018
17397	19472
11945	16664
11013	6010
7739	7262
6345	79
17397	6603
4560	5783
7969	3927
17846	13333
6683	17603
9644	7058
16089	10416
1156	9817
1600	859
15370	11064
13194	9418
15813	10642
15860	2439
17108	9900
13448	9509
4170	5963
14408	7123
9088	18533
12556	6369
17604	15046
786	11011
16048	9461
7480	4170
2554	7230
13152	7402
4380	18597
9714	9654
10185	16225
19391	9601
13290	14135
19060	8823
7081	1972
10852	14373
18819	19702
19331	15326
10950	17628
5247	8802
4562	2443
3329	6787
19601	16525
19015	13071
986	12846
569	500
2028	16995
12084	15469
2235	19213
6463	3617
3641	13891
11937	6266
16455	5726
1721	16165
17696	2428
5664	9572
19525	293
7665	4381
17548	2540
4880	8510
18819	2046
3187	3302
9511	3378
19162	12431
13400	19034
7289	12488
6722	14144
15012	5574
11283	7972
12265	5899
9190	17877
1188	8882
2029	9874
6947	19059
11419	16518
8802	9654
7375	9214
12986	13885
3140	16394
8894	1453
8894	16151
16143	1308
10374	16661
13563	9279
13024	9254
9485	2005
3464	15408
13907	3384
10663	4317
17800	11378
3442	9601
14301	5119
16506	9881
6367	8853
19520	18503
13555	14913
17141	8367
11496	5681
2237	3396
16742	3503
12037	2046
18599	15706
19688	6610
16155	455
12703	15691
6102	879
12161	4919
13083	12466
13641	4126
11802	1366
7821	9111
11706	15455
18497	17550
18261	7131
16150	7181
12150	13900
11789	11121
3014	5087
11062	18609
1138	7743
786	13099
17645	11696
4256	8302
16686	16573
2885	16421
11378	17846
5848	18665
14399	999
7296	9601
16488	10396
12258	3884
8103	8795
18740	13333
16547	11440
1303	579
875	14532
2114	17903
16786	18476
2225	546
18110	17853
4142	12268
2013	12666
13875	18817
5171	11363
19620	1247
16419	1909
14594	4279
13144	8634
18270	9969
9617	3479
13290	11767
16975	1671
2768	12111
19264	7186
2142	5438
10275	10435
11085	6072
14043	17998
566	5619
14513	12703
2103	18392
15588	12431
5381	10210
12592	13683
1688	15856
1847	2796
13628	8434
12087	16122
2680	117
16129	12368
1634	19582
10774	5944
19423	5447
7100	14404
17076	8460
2418	19490
18294	11692
10809	13474
1266	8211
18677	1765
4731	15445
3471	5506
3999	15444
19251	4384
4958	10547
4985	18311
5970	17935
19041	10983
12799	6246
13212	8211
9618	13769
16855	15753
13995	679
3015	12120
19579	17292
16427	7372
13161	5866
8004	1741
10866	13409
2932	4746
10134	2626
16726	19116
11877	9934
8008	10169
8930	17195
11283	4873
2489	5237
8636	14324
4725	8656
7799	7852
6765	3931
3537	2588
4810	2612
8529	4079
13873	6590
13740	7446
17715	14018
17319	3118
5168	9496
15975	6516
10331	7986
7712	15674
224	8196
3627	11505
13194	2415
12152	5397
14646	12752
7503	9488
11146	2573
5998	13587
7127	4385
2519	19042
5678	15481
12218	8710
9300	3120
17073	17701
12191	633
6	10568
7141	18020
3369	9888
3715	4723
11673	16820
11498	4733
5884	9140
13730	19222
17169	8927
19567	4290
7457	15445
6368	13711
9824	10158
16155	2008
14774	14162
6790	12139
19565	18056
2642	6894
3933	9648
8929	1899
14857	4428
8692	18251
2847	18145
9931	16463
16165	18038
2635	6381
1745	10038
17811	5122
6637	6010
11670	4116
5351	14186
3762	2792
4232	8717
10637	8860
6795	2895
2033	15757
4740	8350
3695	17338
6331	14417
10831	7013
8210	10331
16992	1441
13083	15329
7978	7424
4043	14877
6437	16518
1156	4789
18591	1424
12854	11924
13290	1426
8936	11898
5987	24
17722	2210
17069	18166
8538	11220
10455	9780
5746	17384
14158	3740
11943	8634
16079	10345
9644	16160
3870	16233
15975	17708
16455	971
11632	13888
15023	16441
2051	981
7173	14474
15445	10894
1810	18065
4333	17082
4094	17776
3240	9810
3551	4546
4422	15757
14694	1904
10738	7076
2186	12640
14957	3651
5299	17540
6046	11007
10501	10368
14000	2557
4560	10482
6417	16213
757	19587
6597	10370
13524	8045
2382	11522
9579	7986
5324	2240
17130	7971
5880	6590
19455	2446
12183	8689
6722	8350
8159	17382
9774	18774
11844	8371
15446	8328
12737	17249
15194	15481
18819	785
3830	3117
9990	18430
11819	17864
1600	8212
16904	9503
7315	750
16567	14213
1793	838
17904	18123
18740	1238
512	12630
7602	13243
6192	11550
18543	12806
17868	9151
14664	12537
3329	3586
4915	16704
1422	633
7033	4546
6234	14633
10436	18681
9190	5632
5499	12629
6040	9036
9939	1022
7739	11519
4286	17628
6417	2727
6510	12702
4075	5533
18966	8310
3014	2533
1435	4822
11819	7966
5730	14403
14787	5526
15320	16732
12637	4862
6566	1157
9123	17094
15386	8764
713	2381
5094	10500
14273	28
11897	18627
8104	977
14609	9983
14243	11472
1345	11658
152	6464
18921	18020
7739	14858
6156	9111
8103	937
13350	16324
18951	5421
7597	8922
8401	19222
17100	10940
18624	7028
11506	17529
17023	14672
15512	4163
2177	7731
16425	18434
12414	3726
405	19639
14740	5489
5633	14349
8201	16881
886	11436
1922	648
11598	15501
9219	4079
1253	5860
15261	11912
3931	6370
7578	13710
10856	11142
2612	10414
17130	1147
11610	8681
7058	18583
4074	831
2227	12177
15761	9064
587	9753
1454	17
19616	19502
258	3764
14296	6336
14658	6604
11196	18440
12005	2538
6085	7976
1559	849
9343	10941
8802	803
3762	7762
12606	18265
5109	18984
18409	4315
758	19654
11668	14997
19455	1868
16570	3098
566	16004
7135	13825
16503	1441
18417	6460
1321	1952
5970	13834
125	13175
12311	9332
3865	17430
14829	3548
3305	9334
1046	1420
17972	4371
19011	7456
16448	15849
9636	16377
13359	13407
16165	5019
11710	3499
4016	1331
13628	16420
9349	11499
15377	8813
6842	10478
3129	13042
5154	12307
7480	12065
9034	1170
5633	8749
888	3773
4344	17994
8890	12306
15433	757
19509	10281
19026	16199
6463	10702
2252	14610
5763	487
11027	6493
11419	19556
15905	14549
2104	8310
4687	17955
1837	16224
3926	2560
5573	7400
13174	12702
15576	19578
18615	4528
14699	7076
13208	3484
3117	9158
18458	12168
2584	19460
13940	18174
19520	12167
16821	7207
11670	19443
18100	19168
18110	18149
18432	9888
5606	5066
18307	14099
16262	7177
19523	17495
10290	16523
12149	1989
13400	9503
16692	2519
17418	6742
2415	11844
5858	18152
10352	9817
14941	5867
14594	3941
14765	8335
19477	4594
17541	16376
8514	15414
8152	5858
19460	16852
9928	2796
4725	254
8014	16041
13560	770
15212	15050
892	13916
4527	18599
12057	1063
18543	1971
17486	8211
10576	16186
12389	19411
16984	19439
10878	11954
13978	2230
3516	7730
8142	2254
3762	13189
14314	11984
4732	6909
11043	6918
18300	12022
13408	11365
9868	1857
1734	17547
16385	12956
19477	7215
1727	6191
1736	6824
15245	10784
1014	3688
1204	10449
18913	3872
11621	8674
4560	18237
1941	16108
19209	7965
18832	16319
2435	1073
5197	3585
17764	17468
15212	3171
5021	13690
11819	8383
875	14627
5788	9556
14480	11821
15813	17843
15511	14133
13448	1671
18333	17692
9123	17798
16868	9367
4827	5988
15356	2506
9714	18717
14807	1994
7180	16824
17977	15190
15901	15313
18655	15774
15179	8956
15444	10510
12960	17728
2304	8728
11106	15492
18554	19365
16570	16224
11425	11365
2831	18800
12378	1981
10974	7253
12326	15474
16052	19243
310	9917
16684	10851
2409	18512
12714	2718
9938	18964
5109	13400
15648	5756
17225	5246
267	4732
4810	18733
9298	16443
18131	2481
5218	1716
16089	3254
10070	3799
3946	4546
8802	11038
1731	10897
5580	14869
6368	937
3341	347
2382	4539
5048	17231
16656	18130
18677	425
17462	8
9060	12842
2885	208
2337	8887
5678	8219
1734	7710
16426	18271
17023	2240
6883	2653
10669	1879
12450	15988
6236	18958
15147	16705
11248	19539
4100	3893
9485	3065
8331	16521
17093	16071
19060	727
1932	13832
4134	9323
14966	18692
17583	13755
19611	4625
7428	19106
859	9506
13607	846
8497	7314
4977	19365
2163	15815
10750	4930
1721	7470
19347	14864
19079	15607
8109	6045
449	8272
625	7984
12258	1609
9312	16318
4074	4205
10419	3722
6501	11301
5249	5204
18819	6269
2022	7363
16639	11363
13239	2969
17426	3799
18467	15945
7457	16575
7563	16450
10748	4994
668	15134
13372	16852
2650	15133
14882	1498
13152	15027
19477	13114
14490	1870
16577	6747
4442	19209
17707	6847
2906	596
2709	2790
738	937
7939	1476
16378	8480
8736	19409
4638	5345
2118	10759
1683	16661
17762	6772
7560	4833
2418	11199
16682	10960
7680	2310
5806	5119
1204	14215
4043	11260
19614	419
4545	666
16197	5019
18310	17093
14692	1772
18866	5504
719	11570
9290	14575
13428	18414
337	6152
14655	8802
7899	1506
8593	14073
1040	5671
12084	6921
18740	6010
15012	6648
12918	5371
16775	1235
6728	483
4153	16643
3934	8135
17621	12346
13673	10261
5171	17285
10589	9749
7211	5247
15805	14540
2758	19088
748	14561
3228	6741
3500	9860
10367	6691
1793	14420
11943	16125
19551	19460
5231	17964
4906	15348
10134	5966
4835	8349
14230	7730
9150	809
15804	10414
3014	4881
13661	3950
8626	11376
1443	11982
17006	5070
2157	11308
15774	17471
10858	17779
4585	769
14001	6429
9060	10988
2415	18974
15719	6767
18920	9975
11419	3550
17942	6018
6648	19712
17486	7435
15338	18999
7877	9328
17761	13378
456	17979
8831	3331
12152	4979
16048	15437
13873	2046
18276	19526
16020	1877
13619	7873
2941	11188
19297	19139
5096	6310
704	15267
4687	8397
17529	9513
17959	12939
1441	11229
15631	4304
377	11558
4393	5085
11506	575
9498	19684
12378	9081
15937	5393
19378	1295
7617	1698
9078	18376
17483	8874
3187	7441
3293	2896
12802	17145
985	1232
17696	14749
11283	12301
13221	18845
8014	1375
14587	1132
6718	19548
4810	17026
17678	12358
7351	1976
16214	5626
18595	4452
15835	18186
6733	11382
3138	5980
9036	7710
3396	2960
15813	9693
15262	1904
12044	10423
11670	6888
1345	4279
3926	11603
17910	9654
5297	18717
13043	17967
17418	5019
16510	7076
2004	16756
5096	6840
14273	14530
18442	3516
16197	9748
12879	15262
8894	15272
7815	12316
18588	13866
405	1976
7071	12570
13543	6710
19104	13572
5784	5797
35	588
2444	9404
1289	553
12857	9509
12467	1657
17040	17311
4510	15248
7077	17693
10815	6373
5168	789
16644	8409
536	14663
13659	18481
17744	5455
16977	1461
5880	6943
3511	1135
11943	7231
6233	17969
6331	6788
7081	5873
1734	1792
8103	15366
703	17918
8929	8595
15150	2014
10132	8176
17191	13601
6722	11013
17762	710
17511	6600
8913	15843
15534	9375
221	614
68	7672
18479	1165
3902	7399
4692	2503
1422	1588
8086	13267
4242	164
5788	18816
2266	9248
10374	864
16324	6919
10950	17466
5633	10038
8069	15136
16065	12065
17418	3117
5324	2265
1435	10047
2728	8447
19275	380
12556	13857
14011	14343
10057	9282
4121	1644
6753	5147
19098	9687
7624	17683
3782	3384
8846	17777
1906	18278
9412	2164
11211	1770
756	18725
19637	103
10752	15605
14415	999
1439	16879
15813	10239
8541	15135
6821	16072
2399	1685
18238	16092
15950	6152
13174	19285
19572	5177
9613	15409
9558	12883
898	5932
11373	6475
15765	4987
2527	15282
6172	13747
10806	16386
19701	8470
874	16518
1640	7823
10064	17126
3662	3225
2612	4347
6852	4279
4858	2311
5229	2203
4817	400
11498	9140
16996	10734
7503	13058
11771	15336
5329	18276
1167	12615
18266	11086
6451	15121
17930	1974
9774	7190
18568	4031
16495	2005
3140	3114
19587	12702
3551	2178
17579	5693
5504	4967
16179	5533
13144	7815
11043	15794
18907	4877
5555	9807
9940	14501
16775	5838
224	6974
17191	18824
5663	7901
9095	19023
4032	11251
14855	5098
2391	7587
2571	13705
14273	7477
9878	3657
15814	8440
3092	5721
13978	3102
16240	11530
2188	5895
18411	203
9837	349
10275	9601
7	13027
16775	7155
3340	12239
730	9164
15901	14197
12986	8802
15949	10128
14857	2713
10884	10439
14478	11109
7624	16103
11679	12677
772	11164
5741	14108
846	8325
8839	11058
1059	2988
630	448
6240	13908
15975	380
15279	12831
14325	16661
12378	18899
17169	19658
5633	6536
19646	7234
2029	6410
6169	15690
1847	15314
16275	7841
19464	11417
17219	10520
4997	10095
587	17974
3039	613
7638	331
2142	10870
11085	11609
2691	3549
7173	4279
2118	18438
16403	17318
15813	4982
2769	8344
786	5243
19249	19427
17745	13167
13416	6010
4344	4987
18472	5099
4257	8057
14337	1894
6240	1694
3541	19355
8472	16094
14807	13409
13016	3145
19240	4553
16702	15932
10341	6106
12388	17089
4721	19630
1661	11434
18179	16557
1264	2605
3701	11680
9905	9568
5	13153
15408	7785
9332	950
18409	2625
11376	4894
7044	7667
4273	19328
14741	7658
19007	6050
7287	14193
4142	3973
899	1593
3091	9727
19587	6515
8381	11767
11224	10795
2584	941
2033	9271
4283	4209
18572	2572
2814	10544
19084	4908
5414	3956
2584	6452
8103	19639
4032	5838
4393	15803
3305	15695
8621	3432
18557	15010
10527	12520
788	9437
18184	11063
3859	13444
16378	2183
17772	17960
4685	10889
16425	14441
17804	802
10576	17560
5094	16667
14742	13583
14765	3994
6927	15432
5299	1646
9383	7524
9907	14728
9131	7986
6468	13747
3163	15361
10355	14825
15975	18223
12388	9418
17027	4716
5664	3438
2766	11064
2127	18097
19241	927
9883	18925
6155	9516
515	5409
587	5011
13333	15815
19051	15910
18595	11363
9660	12869
5847	6383
6943	6929
5678	15690
3479	8177
3170	11570
16632	6702
18021	11371
2813	8162
6501	69
16254	1698
16448	12826
11270	773
18624	12463
12311	7853
8978	12021
254	6319
2930	12582
5791	2651
4120	18041
17889	9470
6152	9161
3274	14172
13578	18892
8990	1939
7141	10401
19275	8802
18856	19600
17457	15022
17904	8211
15814	7662
8280	15134
5019	10345
13239	14768
10144	19392
9954	19184
13795	780
14787	4678
11211	3302
6783	18717
11926	11844
19631	316
19620	1235
2942	10688
6921	6010
19717	10100
19349	4190
3425	1708
15425	8884
2491	12036
6366	8992
4426	2058
16575	8749
14043	11445
12720	4500
5595	10675
12227	2968
2680	6492
3923	13902
2444	5363
13152	19513
5788	421
13727	6227
4354	10496
760	13600
14273	5009
12570	19626
5426	1004
173	16467
4388	1047
5426	14796
3714	10421
17301	1546
11314	4884
14514	14473
13555	19158
17191	280
13998	14851
4121	13854
9322	7925
4333	13219
19281	11879
5402	4105
8464	2438
17191	10166
9239	2948
11630	3230
11378	10401
7601	19587
12416	10565
1336	13075
7978	3861
13350	19122
4965	18863
7918	9572
11077	18843
17511	13524
9290	4546
655	11986
15983	872
9480	19603
16178	15817
10124	12121
16780	11029
13995	16703
1965	17272
13401	10435
4293	12520
17410	5360
16056	4183
5585	301
2738	19669
7095	18593
19275	15242
15819	1985
8978	6041
5566	18416
13056	19634
7254	6723
3169	1655
18132	7277
16742	12641
8432	936
9485	13901
12965	17099
11737	6516
13631	5676
7617	6661
7617	5280
5674	1950
16142	437
12702	1517
13495	14117
11283	6790
18021	4154
15212	4040
4863	10166
12918	13616
15033	360
19012	13534
12821	7054
9726	2070
7259	10346
1099	10414
17715	17283
11425	2692
19251	16216
11270	1858
10460	12761
16998	7967
9215	3844
772	5691
14557	15156
14210	13226
11026	11093
5575	2937
18430	15002
10564	16552
15511	7658
11911	18989
3178	7652
4078	2769
18740	6957
10170	8646
1984	864
16589	17504
17722	3843
12497	1155
8139	12011
1918	662
4426	11911
11506	4628
19688	6840
6765	5924
8886	4716
18962	2311
12037	1925
2227	8135
1066	11305
12882	4688
3304	9831
16752	4895
16243	6918
10315	18268
61	8982
15741	4401
723	9556
7885	18352
12859	17906
10774	18066
6313	15749
16203	19586
18300	17825
1439	16497
7482	5580
13056	3924
18791	559
9852	13409
7197	10611
4596	13800
14922	18807
11301	9428
19275	8962
14210	14216
3169	10008
18978	12151
15421	3384
13372	15094
5154	13189
13251	8919
9939	11281
7464	7187
19423	11546
2228	770
7259	8476
11100	4342
11498	2105
10748	10607
3163	700
12821	6701
6526	5044
16786	15844
8990	579
8498	11136
14289	9658
18755	4791
11283	1274
16230	14960
13839	6777
1721	5605
6697	16060
2200	12696
8635	1196
3498	6740
1209	1780
14480	13544
5674	7986
14086	9157
8849	19544
19	11685
8821	6645
17093	16775
1793	38
12772	14768
4142	19033
2252	16491
16488	6227
14699	9546
11844	16218
19713	1216
636	13879
10774	6615
4393	15774
3923	11550
19016	13165
8929	8635
12799	8862
5970	7505
6099	8635
6285	17476
15587	19538
14071	784
5880	4791
18597	1247
16516	522
2768	9744
15261	2653
12500	10646
11608	11417
5605	10414
16274	14657
11100	9555
15586	13854
14252	15018
8583	818
8168	3283
11162	11011
14311	5039
18962	2370
3908	13943
15058	1193
12084	1829
19338	13212
9969	14132
12289	6188
766	10071
10817	11051
2266	999
405	19469
12256	7085
10983	2969
6368	4222
14437	7251
12390	2548
14514	8711
1016	16108
13293	15676
3865	3288
1970	10717
4913	12702
9901	2415
16101	3515
8839	15126
12971	5645
6783	13854
3009	467
14878	10778
12044	17030
14091	7895
15975	5659
5451	7223
12191	4714
18913	2313
9330	2029
12862	5770
4354	2301
5261	8697
13971	13237
17991	1455
1496	19513
1886	10401
11053	7881
12556	937
15414	1472
16283	9581
8929	18468
8138	13349
13290	3002
9917	1397
3902	5757
7541	2046
267	18278
337	1456
8643	8033
17548	6198
14080	14559
9788	6893
4965	6706
6842	2475
17042	1414
7093	1984
6542	16701
17745	12306
173	969
7246	7261
8929	891
2560	6866
18695	509
15212	14482
1844	17784
16526	11317
2964	16638
14399	1235
18184	8591
9215	17507
7214	11999
5238	16518
17465	9233
756	1877
12918	16990
16589	16278
11816	5713
18370	1829
2631	17479
16742	7803
2826	316
19320	10273
12012	7653
10174	8774
7820	15647
11037	6998
11881	17558
14401	1830
11373	10129
10190	7076
4074	8263
78	19445
2606	17011
13161	2465
8713	14218
9321	4031
14789	11164
16086	15549
4425	3122
18198	8458
11862	1026
17388	3566
12118	14426
15194	13984
16852	2042
9705	7565
7197	17550
3701	3835
6094	9801
12443	5385
11926	13871
6402	17934
19011	4707
3690	16365
867	2389
12948	5581
14805	14423
13839	3077
17361	13433
8422	4549
10748	15302
305	15398
3404	2586
3599	3100
10748	1452
3661	7564
3209	2870
13135	18076
16377	18278
5230	15230
8156	17891
4433	7508
6408	18828
3341	7448
8504	11378
13161	17748
15263	3680
15760	1812
1727	2161
4692	2438
13284	7035
18524	8819
18272	13940
9438	4670
4732	521
2909	3101
7296	3122
8305	14286
6671	12681
15377	7739
165	19239
8645	11476
9365	6968
8072	12400
2769	10203
17745	12521
12805	10709
14624	13890
6442	17127
9011	2769
2514	8875
2235	852
13163	17058
3727	11120
4731	5884
8450	7717
18704	15986
13873	5002
14001	6508
2680	7116
13607	9437
6242	13234
15912	12649
6842	6432
12258	1960
14882	18579
9084	770
147	7076
19061	5578
19613	2874
3138	10198
11078	6167
5067	15061
1792	654
11943	3863
13917	16708
18544	1546
13770	5222
19403	843
19552	12204
173	13809
1435	8802
4954	6010
15542	18702
19408	17968
512	11056
3138	13069
3099	19595
12256	931
7306	3052
3762	1880
4499	16845
814	5665
16385	2504
13617	16846
15264	12392
5775	9735
3872	14455
16399	10347
16591	9726
13657	16441
16265	2955
13690	14353
11162	2213
6323	9626
12191	9157
7285	13396
2527	10078
19455	14997
15012	11064
1800	6152
1156	3794
13669	6958
3140	11652
15244	4382
12497	6152
18046	4998
19403	18717
12336	1885
13458	15335
13315	15603
4906	11550
4180	14068
11496	16655
4167	9918
17772	5580
4094	8537
17665	4365
83	4486
1940	18235
10461	5533
9732	11331
12653	14674
12	5612
247	12253
16692	14883
17959	9363
19	11488
16488	1610
6999	11444
19098	2310
1141	11532
3661	2646
3690	18396
1890	9099
10210	6716
18554	18184
19530	18597
12333	8300
12445	14188
13251	5271
1718	16518
5791	573
10461	59
9290	17060
1066	14738
4121	11750
19051	5282
7310	18683
15187	1093
10132	5236
15733	9503
14594	10439
15517	2046
3537	15774
9644	9601
11770	4031
14855	18202
15338	5749
4658	6590
7933	4492
7457	12556
19251	18503
17788	13218
7890	18873
2409	19083
3369	11768
12149	9888
1040	11519
12534	11522
859	12496
3793	17780
19051	17089
6285	864
6814	12239
19614	4873
6554	15614
9868	12907
899	843
8320	1172
5230	5242
13907	18984
12093	3873
15885	10995
2177	720
8843	7233
16648	4625
12137	16438
5	3268
8913	12036
2066	15876
9394	9278
7411	9881
2707	7075
25	514
13350	15003
625	1187
8373	9454
15212	10458
3571	15080
14882	12649
9927	18439
689	4641
15076	8509
9841	18694
3778	2447
16555	15295
18740	2042
1138	5044
10081	7323
4380	5468
17729	11011
14587	14789
18278	14838
18773	14588
16185	7790
14709	5176
4491	2152
5155	1080
14880	1413
18557	13514
17336	13494
165	18291
11378	12640
11932	12165
6640	10474
8551	14465
3223	19023
14596	10575
8456	10876
3398	1890
5738	6990
19240	12616
19614	4807
14480	4823
15813	14317
8270	4588
16534	13558
18929	13204
17743	2222
8056	6983
5045	5360
13354	13913
8723	6077
19156	8367
2409	6803
11283	7076
14325	1367
17985	542
81	16940
8086	5581
9123	1024
5780	550
4185	15336
4725	17183
6550	14926
11758	4230
6482	7942
3042	15154
6891	10808
10986	13854
16399	873
6156	1532
515	5133
16742	7411
5678	5253
6854	7353
17945	8194
786	14338
9606	7840
4346	15708
2605	3799
13940	2114
859	11015
410	11968
5664	6061
7457	16289
2334	323
3015	18891
4656	10596
3557	12338
18268	3249
18726	11865
19525	3989
13936	9140
16425	15715
1439	15051
2953	8435
4885	15894
11009	1870
15338	10277
14790	15998
12394	18585
1984	316
9732	11779
12042	15505
2680	13830
15366	4625
3711	17911
5078	1156
19528	19378
8790	3305
814	4339
16011	2384
4818	8883
15388	17933
19255	9418
11694	8908
10507	10437
4653	14846
6795	13239
15818	8637
10170	10246
6442	7800
11593	3001
9190	10385
19262	6536
17214	13338
19277	13254
8305	4497
7457	4148
7617	13376
12698	18040
17040	9437
1886	9218
13563	6280
18432	17969
7246	6144
11254	9400
1264	5984
17243	17221
8351	12112
15733	8584
16532	9485
536	14256
16896	11604
17336	7100
15200	5534
15813	10205
15552	17614
501	9654
9075	9392
3326	18666
337	19500
3305	8135
16499	12103
4260	17692
15542	6738
2831	6010
103	15815
1138	5229
10778	15934
13552	10004
15983	6668
10419	462
2536	9158
5814	1276
18482	543
17157	14927
18975	687
13755	15893
61	16199
17678	4764
17624	15939
18526	10698
5916	6747
1273	14219
14011	14043
18118	9159
17800	9324
14399	1338
17710	10846
9628	44
19249	15774
1946	12483
8972	9000
4958	6594
4433	13665
147	11652
8929	14864
9167	11029
14505	6318
12679	2397
10773	4078
3240	14027
13069	16035
15732	1245
2022	3122
15905	19270
9120	931
14480	17181
5299	1494
11263	3663
756	2046
18565	12348
8715	4167
14372	3730
9760	5355
17319	4987
17548	6957
18677	16996
18553	8918
2325	348
9532	2386
18409	15336
11248	13854
4425	17152
2992	18029
18497	8646
13458	17929
13093	991
18184	10379
8441	16080
2738	7510
18542	3884
19523	11991
18276	7335
9167	6227
4934	5455
5451	16702
10275	7806
6637	5899
19240	11441
1521	5492
618	4878
7534	12423
3430	14318
15212	11147
13693	9734
10950	8317
867	7198
18717	10088
18702	19037
9178	15029
19551	4083
1664	18830
9795	1802
4603	9708
8456	12768
17959	5696
11569	13853
12038	7193
17373	8635
17678	19587
12378	1498
10507	13714
3211	10392
3897	4403
8212	17748
8645	9557
8013	13604
18305	13854
3016	11652
7259	2657
15414	950
891	516
13015	15708
8464	316
13064	8295
2177	111
7141	12546
14102	6291
4075	4740
2463	16097
8002	2749
2337	17007
11315	1482
4545	2110
15719	15147
17486	6765
14217	9097
16239	12047
9841	361
16405	6755
4811	3497
11911	15532
14333	13716
5606	12131
14514	5196
9577	17549
16494	16518
3329	14432
8931	14707
7058	16181
4031	6227
3701	7395
5845	17137
5426	13839
3533	14686
4585	6035
12473	9458
14020	13953
4210	7406
4625	18068
7217	742
6487	14877
767	13554
2680	14872
6722	8332
9644	15262
704	9601
5987	3453
19523	14708
18410	9222
17729	4149
16506	6559
19428	15581
13672	5403
18110	9368
15774	17577
6972	2227
19640	3288
13233	3455
16495	17419
4232	1266
18923	4002
15427	2974
7645	14393
8305	18917
18613	10835
1347	10889
17512	7537
7889	11189
11797	9554
2418	5385
15388	11872
11937	17763
569	3122
18542	9617
10057	11201
2680	12386
4588	13762
18417	10379
3542	8611
4858	16411
15519	8629
1847	18687
15212	7840
12868	8603
6513	18086
2382	10012
14790	16925
3661	6464
13251	5867
126	1932
5126	9573
17141	6045
8539	3098
5406	2762
13669	7663
6417	1470
18588	11875
6202	2866
7624	19302
5845	18002
11377	8442
9852	18400
15758	983
2071	10820
6378	1619
15356	2003
15187	4170
13826	17707
19423	3120
18014	19070
10133	2179
4915	2974
12245	3987
9740	2343
8125	17364
8159	2893
6056	1331
9788	8041
16086	14869
5076	5787
17005	18533
4094	16341
18300	19422
13114	2969
5605	17132
18971	11041
17038	4658
19386	8182
3178	13114
14774	16575
14252	15638
14001	2551
11514	1465
898	1076
68	16993
12615	9992
17169	6475
15262	13551
4426	14073
17361	12666
19319	4330
13588	7544
16165	18403
13391	11595
4116	8723
16567	18856
18454	15856
19617	7187
4731	11198
10829	8025
14914	8470
17790	4975
13239	12228
13631	16147
7612	5855
10027	4243
5171	14233
17846	1909
1066	10265
1922	5028
11072	10166
18599	12900
17006	18178
15564	9601
14328	8047
3920	18812
14424	10184
14425	14472
7218	3285
5864	12841
12245	1824
2415	18706
16448	11175
9644	13736
6099	18072
2113	8057
3077	769
15408	4267
899	16661
11943	4404
11419	14315
16012	19613
16455	4034
8551	4078
14425	19671
3321	9926
15224	12238
11980	17349
6368	5533
15575	18690
7058	13958
13231	12447
3851	19639
7266	11656
1443	326
16346	13508
8008	3623
11932	19232
11162	18880
16570	1154
16214	10577
8923	14403
16597	4077
8968	8593
6451	19112
15739	1555
5633	2866
18217	247
2930	2537
8219	15190
5258	8269
19464	13769
8929	7390
19281	7835
12606	4831
193	4248
5901	17568
12188	963
7127	4723
5970	1300
17040	11217
4965	11068
19146	15774
7885	17507
8643	12458
17904	16775
14564	13854
14415	8292
12390	4831
19474	2545
19317	12763
16378	7164
2691	16318
7534	2505
7873	11038
1156	9620
5171	17380
17945	8547
15047	10802
4934	4598
5451	4665
9532	8727
11535	6227
11807	4427
1289	7435
5167	11908
1521	12163
8458	14171
10884	5903
1099	9560
1321	14637
19509	12786
4343	2969
19072	15461
11623	832
10081	9454
14922	4079
3859	2559
1634	5010
252	16289
12997	13958
5092	19148
4049	5992
7391	11958
19509	15946
5981	16004
10809	14185
4343	12344
8602	4644
6331	8834
625	639
14217	7868
8327	9399
15564	14601
16012	15005
3959	1806
12932	4625
4827	5184
772	3122
6285	1142
11925	4471
6464	19222
16855	7928
1171	13156
14014	18225
12948	1238
19611	9032
2728	8184
11795	15501
14166	15177
12389	7621
1677	11216
11413	16649
842	11164
165	10
16200	18175
4731	1191
4160	13377
8422	3807
3138	8755
10878	19542
7602	14249
305	14834
19338	10401
11354	510
3774	16316
15312	7475
3646	9742
19255	13458
10014	15621
16076	1773
3240	2296
19205	12987
19520	17675
19701	15771
247	2700
18667	14796
5880	4376
11261	16137
15971	6078
17541	1416
14966	5840
17940	95
14071	9516
19613	13529
16048	1133
4232	2878
3908	3104
6539	19417
5716	11842
5171	12831
3952	5279
14855	18117
2113	10498
9294	4850
14014	7986
14182	13166
7729	18607
9362	11232
15164	7508
13971	3085
1483	6090
7007	9157
5238	1692
8929	1909
13541	14383
8873	1857
3542	4170
13617	16330
3778	3513
7695	1705
10858	5657
2029	9479
8512	3296
17511	18303
19584	5176
16049	18268
14882	14142
13993	4799
17729	3740
15262	3376
16293	11694
2813	2629
2916	1253
4116	10269
535	1118
8270	861
6722	5681
15012	12492
1941	17299
1540	12270
18432	8629
306	7131
6443	4146
17604	15708
17486	5947
5716	11977
12137	161
17522	11462
15322	2755
13784	17515
10983	13114
2237	11129
3373	12504
16726	3421
3880	16233
17396	19365
997	2132
19251	17516
11387	9862
15817	4945
10750	616
7217	11267
15967	9634
7029	4962
16996	11503
11162	1599
14020	4804
2566	1609
12044	2213
19065	17389
13650	7153
8978	949
15004	9888
15811	19222
17007	11754
5789	2306
9577	12623
6257	18155
18872	18826
16378	7076
15338	329
14391	10593
15967	4339
19050	18042
8886	6519
18356	12169
1695	18148
19264	10934
11283	7673
7266	17562
8041	8379
17972	5532
4763	12881
14682	344
18198	9353
5423	16869
14314	8246
10806	14748
11162	4324
6437	3600
15542	1644
11638	7779
405	19161
1010	14652
17141	15046
6859	12516
6671	8220
13006	9138
12084	5539
3627	2565
7391	9115
18557	14638
888	5469
3867	6972
8873	2605
6017	14942
14940	3693
7058	15195
17006	13811
68	16729
8320	6678
5970	18325
786	4789
11608	1275
2418	269
11943	7986
310	14273
10763	2288
6437	118
3851	2266
15975	4707
12202	10908
12181	5773
18386	4609
11706	3543
17642	9009
465	6548
842	12731
8046	4253
10525	12750
12986	19083
9011	13967
15511	8197
16836	4279
18613	11996
3897	16261
8929	44
5108	7667
19262	1235
19391	15262
1559	12074
16784	2740
15813	515
4412	4819
17698	599
830	6914
8155	11335
19534	10215
7880	18153
18962	6943
17739	3335
11498	14877
6402	14567
3496	7145
17645	13572
8013	10432
14701	9757
13069	18824
10410	7046
3762	9070
3163	17206
4560	4966
12570	6010
12930	4087
10613	8477
587	11366
8894	16858
3715	8555
1683	3835
11317	843
10763	4148
16197	9696
1304	17815
2333	16895
15198	2407
19092	4738
8859	17418
577	3049
10690	5811
9084	6632
17082	937
3879	15916
8350	5676
16345	1557
11043	8634
15198	11222
9264	14686
8695	10241
2442	16881
15316	19677
10856	6222
17143	8484
7411	14341
8201	19504
786	10052
4562	116
3117	4977
11162	13509
3934	12218
16243	1670
5896	5748
3630	13829
19620	5468
10341	7810
3016	14217
1156	11741
8497	2126
6368	16218
15123	14404
15949	15445
7503	3834
2028	316
12035	10569
9579	18123
6007	10105
4721	10004
14922	4899
10081	13974
18017	14211
1211	941
19520	8540
3727	17641
6401	14456
13212	6010
10538	5762
4556	19226
18360	16807
6882	4233
4344	15507
15681	6360
12394	6712
1918	16542
8535	5621
19403	1474
13114	15501
16019	12306
17191	1191
14301	17669
2508	5775
7904	3247
2506	3060
18454	1688
3248	18641
18294	3691
10275	2700
12845	846
7029	16158
5297	13854
13428	17355
4075	12818
11413	1282
14699	14388
14132	3931
7457	17800
7549	3758
11496	14669
11616	17915
294	4082
2611	8259
90	12306
7748	7743
5230	14258
3169	5770
15508	18985
4422	11524
886	3514
10695	11515
14810	16602
3933	1585
5355	16181
2432	17616
13661	15524
19021	19525
17023	5185
2571	6588
1490	3346
604	14683
1437	15558
4954	17025
10886	2105
12394	11081
19356	19320
14296	14225
8441	12948
16437	17239
12606	15774
17205	13203
2333	1585
16743	19379
1837	2453
5366	11333
15085	6570
1883	8004
14422	10581
4009	8059
2235	12437
15152	12327
63	9869
7269	18048
14785	5480
19275	3973
3793	8574
6345	15925
11315	2372
756	4021
13560	8802
12084	1777
2554	4099
14692	13260
1800	17855
8350	6795
12752	13357
7955	3673
7445	4615
15421	19661
17006	18619
786	13800
587	2649
2904	18600
11807	16120
13669	16199
10767	6792
3425	2261
14702	3973
5614	6896
4480	9101
3701	18274
12019	10691
19520	5176
6340	4330
7214	9032
3923	12570
4735	4631
4603	7059
435	15139
8556	2598
1322	2789
11754	15898
17980	17407
14133	7658
1014	7838
1922	4350
16791	957
9758	8649
1330	19093
17950	18836
7240	5578
2680	1952
12821	12907
10070	19638
10984	9411
3777	16824
11756	5838
17057	14801
15813	8910
5127	5039
5884	17644
14833	7311
17972	17879
4344	15957
6377	451
6178	12969
6865	16181
2262	7651
2325	18584
6646	4148
9801	3927
2337	575
16578	3994
5919	7798
6733	11625
9393	7245
5754	11188
13771	6900
5573	474
14296	9162
7063	1883
18432	1445
5355	17849
8865	12492
16019	4818
18526	3203
18677	559
18007	4100
604	15134
4682	11904
3178	7372
19474	6153
8351	1728
8325	16402
2817	2997
13309	12265
14296	2116
19400	2561
3648	15599
18179	14491
15377	10686
7571	8563
2243	19442
12225	8220
15930	19175
19050	337
9660	5246
767	13245
12868	17504
2225	285
19601	7407
3169	17387
2768	14315
19356	13454
13560	3740
19713	11181
11247	14191
3780	3320
8968	11303
8645	13199
17744	7155
9472	11625
18482	1158
3483	13555
11315	17985
4532	477
15760	6805
18976	11999
1397	13625
298	345
9732	2718
16555	14747
6659	1238
18572	4673
13771	17707
5021	14353
4049	14347
8351	19493
11319	3790
11850	18184
4167	11094
18119	9181
672	14273
5014	16199
10326	12478
15957	12317
10419	9379
10912	7891
16020	18541
9838	14686
13683	10930
6049	2046
6790	2700
8305	18884
12971	9274
6417	12717
2177	3986
15025	265
11911	5866
3140	16518
14683	12696
3298	13211
12089	12206
17363	6986
6166	5150
7058	4432
18992	17306
11554	18271
12414	213
13374	7701
10091	15053
14945	7916
12752	10896
1844	17253
843	17476
1435	16853
15406	17954
2093	5998
14810	4609
3187	19612
405	2624
4180	18953
12366	14032
4880	3991
4436	1981
6366	10008
10610	1180
14824	3655
15244	1966
9438	18984
4160	19195
1952	4658
9264	19351
19523	3382
11026	2402
6234	13835
17692	14342
4527	2893
790	822
13088	10780
8456	6394
17214	4745
3025	17826
2753	11516
7665	10980
7217	10002
12119	10627
10856	15084
366	104
8514	16181
15271	17690
4142	16151
5520	2180
2294	4978
1831	8754
17715	14079
18300	2756
13993	13406
1014	8312
12892	735
12647	11969
3117	10166
7046	872
15814	1158
14839	3054
10290	7063
13770	4176
9402	7383
12802	6119
3557	4968
2867	3180
4747	17786
7641	16728
1322	13301
8887	575
11633	9641
5048	8063
9678	10993
15151	12014
7828	5212
877	16375
13161	7583
9726	17670
6084	8782
7751	583
2409	9
1444	13637
5169	12332
2353	11961
4526	10527
18305	2570
10313	18725
119	47
178	9496
3701	1484
10751	950
18526	14493
15930	1706
3390	17131
19716	13482
7726	16768
4444	1456
19526	16035
9640	2686
165	10164
2033	15893
2027	1037
16086	12400
15732	14074
2292	9674
5850	14522
3228	11018
12477	12773
19520	11032
17181	17044
1443	13501
7828	7683
17804	316
18712	17305
7480	5534
12247	1987
7441	3167
14230	18700
10649	157
14490	1287
13024	18540
13744	7099
4880	6765
14333	2098
790	2603
14703	14083
16086	8319
6783	15262
16049	4614
7313	4208
15312	2901
2423	2660
18889	6875
19614	13370
3627	1573
2606	9942
12130	5676
17396	18893
18312	4514
14406	8135
6394	8806
12583	9418
10886	16247
9178	13669
16495	10395
12057	16199
7071	10042
11789	14037
15588	16976
14880	13511
11421	3314
6783	5799
17621	3263
14273	8472
7007	1257
15631	2233
8990	12064
2432	11754
8859	8749
15180	410
858	15965
8849	11823
18730	13217
13056	16555
8078	16372
17745	7928
2738	10386
515	14218
6313	2273
11378	14404
16197	11586
11608	8964
19317	2321
5737	6705
3988	18800
13784	14250
2813	1571
4811	9654
7573	4756
17511	11645
13822	9323
9035	13599
4527	8428
16645	9984
2678	6748
14646	11044
1171	11801
19690	6836
14243	14963
12682	9418
18688	8374
298	18200
18899	14956
1496	8077
5381	2398
13784	1578
18041	6921
4906	10401
18410	12431
4063	5761
16165	1172
4333	3065
13822	9214
4232	19637
16734	17218
12439	14550
19251	11088
4032	1056
11013	2914
1944	9955
8104	12926
4906	9158
13416	10166
14106	9218
17023	1546
14132	2866
7873	13942
12258	12861
11944	2445
6049	10889
12362	11624
18472	4405
7604	8719
612	12280
149	11449
1156	17426
18740	3896
16283	14292
16197	1116
505	11682
11162	3097
9870	10462
15835	11240
1322	17982
7081	10003
4395	18115
254	12889
68	16561
15511	14241
17215	13647
7058	15053
3701	5360
17703	16199
13940	6627
5958	5578
8356	16470
15813	16567
8583	1461
15012	14367
3727	12926
456	6774
16065	10479
13560	10798
17329	9857
1167	8802
15582	392
874	11281
18635	7778
11568	6957
14011	4864
9106	3586
13978	2359
11052	16943
19349	12398
636	7076
18132	12623
7135	3540
8700	1412
12467	7076
10070	19288
14790	8159
2693	15482
956	14083
2611	16661
15859	13798
15511	8185
3396	9093
13946	6924
16532	10112
6728	16130
3701	6224
5029	18182
10563	19296
19525	993
9837	12099
3756	17848
16575	14637
17977	15975
7214	5038
11283	12659
13039	10013
14807	7603
7663	5003
14742	9337
15607	454
19	2827
6004	5474
1422	1855
10984	13403
15511	1002
11970	8044
3340	8142
18736	8090
12571	6010
19617	17460
5229	14796
9801	9888
17974	9992
18019	12541
6891	15859
1695	18253
13326	5179
14069	7863
11196	16278
1356	17879
16745	10946
6368	6094
15760	14716
6046	9032
19205	16967
8125	11586
8305	15698
2983	14324
13792	4296
2113	4857
587	5538
11568	16071
15262	13376
15758	18691
8909	10315
17208	19285
7135	18432
11319	18845
8859	9248
3701	1087
18356	4542
15286	204
6690	7565
11317	6227
2680	14162
298	4221
16455	18191
13138	12533
6257	4116
19520	9974
12119	12431
5884	11442
17804	17549
9325	1338
8156	6648
6096	4291
16065	17332
15356	2345
3015	5492
5423	1610
15392	4485
3859	19555
18231	3972
10352	3511
16665	14807
11922	11550
18038	18800
4160	6708
4480	3879
17704	19220
17904	5899
10595	9354
16021	5713
19313	14940
8425	12972
11580	5049
2540	17282
103	14838
18554	19313
10133	14177
18554	9888
7268	65
13114	14400
18597	10742
19460	7450
5275	16986
251	15481
6861	15093
15519	18184
16049	7638
15813	9637
17744	3863
2180	9861
19267	10731
9178	5752
9849	3545
9457	13649
17465	8459
10589	17716
19214	3231
13458	2786
1099	18234
3113	6414
14273	6821
18480	7936
2723	4337
3701	1861
10628	13701
4800	16484
3932	7030
1040	4070
2309	18409
11922	16921
8683	3459
16346	4652
3498	4348
18706	4725
8556	6817
4450	9454
8504	14766
5197	4896
19530	9834
16916	13284
1066	7072
10929	15155
18467	3496
4078	11195
7573	17162
18980	5269
3150	9812
16904	8131
11948	14704
8200	14126
18615	10645
13673	5989
6311	11495
19567	18278
9969	9586
18354	10869
3059	4018
10763	6136
14097	15134
2391	7317
1793	2771
12576	13396
354	3570
8320	14770
17212	14669
18713	1830
14060	16035
10817	18060
7003	434
12149	4740
19049	11931
5896	9418
8859	19551
1540	7771
7592	19364
14202	19107
18747	11947
5880	5071
13978	19638
10495	18433
18904	16731
13607	8518
18132	16357
12258	1954
3187	12023
17897	18311
6234	86
7561	18423
16644	18441
17042	7725
17225	16661
9774	4300
14020	1468
18747	6767
16275	6951
15678	12417
15813	2043
10502	17550
8931	14050
12053	1399
9167	6224
15012	567
10520	280
9962	1825
15813	18793
14945	11053
18018	18263
16455	16057
19520	701
17897	18826
18913	8840
3093	186
15388	1548
19251	8802
18970	13539
16677	4762
4397	394
492	4036
16564	14387
8086	10353
17994	4438
17023	5142
13924	13038
2605	6493
8425	3758
18454	18269
659	16352
1014	13688
3617	17344
8385	10126
4074	5570
17537	18007
1211	16071
2266	9834
8700	13310
16780	13714
17005	12219
13684	8344
4142	18850
6085	18735
3116	10446
7172	4605
2612	11136
9849	1917
5109	10777
18361	4006
7053	15111
12258	9569
9015	358
4098	1478
9634	458
4072	16043
14274	1994
9720	3692
804	15841
3854	12926
7143	8856
1150	2214
9733	7139
15164	14720
15719	4114
8441	6957
7480	3936
13024	926
4827	6415
18747	13577
19079	16475
3517	6087
12225	4918
13061	13446
4334	9417
11837	17389
14133	19575
2334	248
18684	4413
14252	6162
4526	12520
2831	4143
14014	17919
9472	806
19403	16797
1171	18719
6202	4742
17739	10584
8488	11768
9720	14862
3223	7166
13555	325
18661	6354
7457	12640
8545	18736
15949	14611
1443	12193
3799	11136
1171	8449
15489	18707
15012	14319
4223	402
2693	44
16540	19603
19104	3422
11802	9329
5664	9601
11465	7300
12556	553
6340	10493
14624	10657
16096	16542
18568	3835
13946	19555
19205	16772
15648	6067
12149	13158
11085	10373
3125	4318
17057	12205
1068	15510
12390	15436
1345	14901
13114	12573
3801	10208
16065	15052
3998	7076
2399	12396
13290	14967
17181	8207
6096	13861
8535	1172
17648	16833
8325	16130
9895	4751
2577	17670
15629	2978
15983	6541
3039	10042
18100	17044
18713	2186
11876	17854
18310	18123
2157	5786
12782	10686
15899	6919
5104	12664
17391	4604
17023	3338
633	7717
9814	7609
7943	7997
11970	1359
17069	6565
9743	18629
16743	8594
13024	3136
4813	6153
11622	440
6169	14250
17612	91
8072	15677
19073	220
15377	7493
17734	16909
5847	6518
11400	4652
18482	2333
8331	14624
12310	18466
4915	11487
15263	6116
3500	18105
18198	5826
19444	14634
3293	17340
10858	13305
12378	13487
12925	6282
2013	4100
18403	14618
12057	15344
8692	12640
7617	10162
8488	11260
16089	8981
15813	18184
14505	19170
6728	17578
19331	14938
8070	5928
9720	12747
14815	4088
10538	17194
14692	6590
3077	14796
2753	12848
13753	9716
3316	6591
8936	11985
8292	937
10110	18703
12622	9146
7890	4149
14217	286
18655	1046
4388	8734
6509	2493
5094	15674
18417	14898
15207	1546
1930	2013
18018	3517
14741	7638
13155	15751
10619	19063
12992	12484
11819	12740
9035	11694
17649	8782
15193	9135
9644	7927
5228	14093
2333	15104
3920	13542
4764	10731
1800	3664
14683	2016
8392	8921
2691	15707
12005	2268
10817	12308
15265	825
14692	1018
4595	17808
14371	17266
4687	5331
11897	12590
14785	11385
13607	8635
16086	17040
1549	3234
6509	13363
14742	14026
18158	12749
13086	10166
10527	17703
3289	5431
13684	18322
16644	16732
18637	6059
17980	2006
18328	9437
19106	3511
4426	13983
14869	17531
12236	7570
3093	1440
2228	268
5499	17922
12249	17100
4653	15019
12845	1196
11943	7774
13265	4310
10051	5144
10355	8587
2071	2272
16346	2774
12997	1644
295	18628
2423	8877
505	9620
5520	5468
15315	3867
14424	18107
4810	8259
3639	17770
12822	16676
2188	7744
18276	3837
6312	13260
11737	8671
17363	2495
12822	19563
18018	2880
8456	2583
16645	16518
4858	9658
14702	5659
870	13206
4023	19447
19100	5948
3657	138
9393	15966
12590	1057
5987	8205
9957	15415
8356	11528
16384	18717
6004	17955
5171	12463
16440	1422
12366	19070
9273	18277
19162	17125
18677	1216
6169	3657
19240	2164
11698	3034
10734	8108
9131	1925
13096	18316
8730	11778
18132	18555
5459	358
16984	18311
2382	7399
18970	15966
10204	8910
9233	1055
16101	7405
149	4481
3727	4376
18920	12426
10656	17192
178	4687
6882	15307
16578	13568
7445	5947
19425	4470
12067	10889
4780	13854
12013	7717
13498	1110
16324	12347
13631	452
14427	16338
8865	7567
8674	1879
19026	12209
10806	13957
8526	6571
16532	11698
14651	18028
1677	18835
12570	17255
7560	1997
6313	11260
5953	7075
1301	18513
4625	14724
17457	5278
17710	8321
15433	10571
10124	9588
18110	6438
846	3979
5856	16224
19255	9081
2429	18104
13940	950
892	15331
10057	16536
8343	16203
13678	9214
12085	2221
7885	3169
18328	6096
8422	2658
14415	9716
17866	13072
7739	18397
11162	5510
13628	8751
19281	17740
13678	1367
17439	13403
13114	14178
10933	9395
1008	10983
1947	17128
5542	10166
19614	7076
19620	18123
19021	6493
8846	14043
16534	19023
10409	1834
11506	11260
15423	7427
18198	17252
4977	937
16852	11624
14803	1787
16205	12277
18333	575
15408	9947
19391	19222
7815	17846
13114	6590
19050	9093
12787	12292
14171	15266
12590	8978
7274	2327
3113	18521
19049	7730
13212	15798
7563	10555
8069	19042
19011	16385
7823	19613
16502	11365
10663	17565
1930	2945
4747	6900
13661	2026
17959	9892
6655	7138
5076	5541
13775	14865
8821	6511
16973	16579
10774	3913
8539	14971
18592	8274
790	6579
8028	16667
7601	6510
931	15156
2969	5580
9579	6208
19520	15566
2200	2944
19614	8144
10610	10629
10455	13727
566	12452
16335	11624
17512	9734
859	18979
3204	3325
10858	599
12310	7178
15859	4585
18901	7131
8526	11079
16570	7201
16649	5281
1678	13558
8930	7927
4153	9032
8772	6128
16502	17152
1301	7776
668	2042
11794	3070
6795	9185
16056	18604
9678	18994
740	565
11631	4831
14683	2612
1383	4079
9644	12454
7428	14922
16345	8752
18200	7700
6690	3468
25	9227
5784	5974
149	4322
16752	11011
8692	10452
6331	17647
6408	2226
2252	8346
2188	10141
4009	14407
13560	991
13372	9834
938	943
12991	14222
3369	19058
1341	1575
15320	16389
12202	316
9120	14507
8371	1211
17418	7458
7075	9950
6510	131
843	19391
16257	13268
7313	18353
5381	4315
13144	16247
337	18691
15139	12218
4180	1213
11301	2433
7053	18489
14268	9427
17457	6734
13416	2914
16677	4592
7014	10299
17627	1729
7672	746
8072	18107
1240	17635
18324	12026
15279	7743
738	2042
16197	10029
6437	7980
18312	1071
6067	2274
14703	1304
16891	12381
5094	18767
375	17985
17940	351
3908	10431
9705	7076
6482	18235
8859	984
8158	3835
8931	17904
7994	16009
5423	14906
17545	9905
4604	14735
12948	6198
12862	18689
17959	18298
9273	16782
11568	12431
3617	8317
12689	8749
4241	968
758	4014
3223	17486
17583	7728
11038	13921
8535	12755
16265	16141
15949	9812
8831	3479
5126	3813
18179	15447
2766	8963
16515	3893
14953	11365
6304	7492
492	5157
16089	19447
8761	14945
4657	19023
10139	8569
165	13335
18792	19190
10553	3009
2388	11627
15212	15396
10620	13760
19011	2005
1718	9643
2554	9544
15025	9433
12149	19116
18015	4667
3582	14237
15648	3355
16079	2429
17619	1387
16977	2570
4244	7237
239	11365
8507	911
6366	15621
15534	12587
6487	9496
6437	18253
8929	17390
19685	628
786	9049
258	13051
12202	791
1167	7076
5355	17428
13232	14583
9644	3961
10733	13320
8974	14809
16175	15169
305	18773
16230	11829
17903	8057
12087	18081
1884	13864
14815	19105
18702	2690
15193	16336
6396	3253
18425	10866
2418	6118
4656	15085
15813	17301
18597	7450
3762	2231
2808	13400
9636	5730
10665	2174
4244	2487
3442	11365
6172	18858
245	14335
11250	575
17703	4822
1810	5729
4863	14188
3529	5360
5108	17426
2540	6962
12146	12014
10063	18043
1745	6912
5299	3671
888	5378
2188	9489
1664	4167
492	17619
4818	5288
786	15837
566	10164
11593	6338
8210	13244
18907	14762
12916	9929
15123	13871
16577	1749
18819	5566
10021	10166
5090	18534
12575	17138
384	19655
2180	9158
6488	19222
6331	11995
9322	9974
17846	16080
11283	19669
10553	1967
19251	8748
4560	7892
8066	13368
15719	9115
9732	1494
8614	2909
17388	19184
16570	10565
5355	1743
748	3387
13350	9485
11421	11579
2992	2813
14857	18068
16440	633
7509	3144
17450	5528
9480	9021
9499	16221
12070	817
19306	5260
15033	6067
15262	747
4817	17043
6943	13973
743	8568
7751	2513
2489	1620
19460	999
10856	103
10083	16946
9990	10340
11283	2745
4560	18785
10663	10793
19572	2647
3056	17832
11224	8198
6305	18103
4443	11029
19496	17270
12266	11297
11421	2367
16079	16289
19338	18416
12805	13625
2831	11782
1435	12346
16570	7210
14242	7257
17169	18709
18074	50
8086	7356
11261	9834
15814	5137
2225	18205
668	4222
3014	14028
16441	3896
11994	8661
3023	15672
4412	18710
15338	5409
7877	1283
1844	2110
12378	16621
17745	4535
16780	4079
17038	12084
15511	15191
4451	5023
19051	10854
7889	9165
19509	5089
16048	2270
10091	979
18661	8258
786	10906
8103	9320
5053	16057
165	12911
13619	15790
5722	498
15464	9157
13448	302
18324	13429
4043	17007
13230	11084
5168	9626
4695	1055
16191	18757
15271	11474
12636	3004
19616	17288
9705	4605
19264	12165
18312	2971
6648	277
3988	3001
2606	14481
1052	12197
3096	14040
2584	13381
15012	11205
13024	13355
5299	6676
15316	1909
7563	13414
12836	12874
165	6864
9444	11599
16239	11840
18144	10950
4783	14288
14480	14450
13631	12620
8930	6793
8989	5293
17057	14010
17040	10616
17942	10050
16494	18438
14746	19050
1932	9329
2	6660
17562	9479
14603	5143
4129	583
19474	7551
12689	7457
18014	2805
17022	7076
8239	3925
17130	19624
13662	18374
12245	2057
10374	1367
4603	13505
7211	19245
10656	16342
9957	10071
16187	10812
2409	474
2333	1456
11425	2922
16197	16247
188	11856
7624	9595
9781	14500
1264	17437
10170	9836
15012	8888
8041	11955
19526	1909
1889	12490
1600	14530
16238	13348
4072	159
7388	16114
6566	5325
17562	1845
3516	14705
5249	3681
9636	8318
8846	3105
15905	4357
5127	6303
11268	11335
19247	1888
18454	4419
6071	18129
3431	9782
5716	19542
3425	16518
4480	9993
16167	10263
12647	1101
12679	16423
17088	14978
17093	9888
16262	15775
9806	1131
5465	8169
3475	2266
19271	12912
1216	10414
5542	14838
1211	19058
15885	3385
6442	2727
1435	8163
4074	8770
12362	2878
566	10429
7024	10462
492	16454
14134	14881
2292	6464
10809	17785
18856	3369
5605	2046
17089	11429
3542	14796
11645	14683
19073	16217
18200	9863
10984	1141
11319	15774
15950	14155
3379	316
1104	11050
14406	16767
14311	13072
13348	16537
13114	3608
11533	7581
9613	9902
7315	1946
19378	10670
17797	6418
15445	6212
14399	9888
3727	11797
7014	7076
10663	6827
15629	6460
7302	5165
14587	8852
17649	17979
11840	6876
18572	771
17910	4149
3662	12069
164	14324
6442	13112
18525	8849
15047	18963
17361	14043
2612	18458
14774	7686
3780	10089
3187	4975
15185	14863
8843	17986
9774	16195
6765	19365
7578	17181
1013	13383
247	19379
7394	13882
14765	9024
1156	15422
17006	13285
7712	6010
10774	13236
9596	18509
18635	11225
9619	12431
11232	14788
898	3747
19264	826
18618	16788
13822	2438
6509	7488
5708	10078
12175	1644
9617	3884
7617	10103
12146	11809
2909	16201
17522	3140
8815	9418
12500	16058
17181	17183
7933	4323
10933	6796
16399	12294
4510	19147
4072	18138
5845	17265
17486	1981
16904	1529
4121	7672
12389	4927
6213	4280
3009	12223
8392	2242
14273	19252
3516	11277
3059	17962
14174	3117
16200	16417
2415	16862
10525	325
17868	2498
10637	2782
15912	6096
12585	1354
14587	1644
18017	14589
604	1779
19011	16629
2635	4033
8526	11900
2826	2320
8950	4909
15975	4349
14609	13448
13458	4991
12561	10044
4393	2564
6437	16521
8370	416
11026	570
14174	15278
15975	2492
16405	18375
3329	13084
11106	3384
2566	12066
6065	5004
14071	4279
13111	8357
5499	1119
2266	10742
12339	15697
17421	10166
17336	3923
188	18512
12334	17218
18179	3835
6683	11016
17040	7066
13326	19531
11301	10008
165	16280
19281	15868
11756	2556
1528	13904
1944	4329
3170	605
18356	18826
6368	9081
2013	5911
4451	19380
5465	2975
5092	15385
18712	11502
3172	19653
11043	17898
6787	15056
19464	7242
15813	18336
7291	2629
13337	19483
3170	706
9814	5525
7411	17821
2013	16515
15023	13239
17707	3542
1521	2506
13458	18477
12570	9144
12399	4609
4170	3077
14596	7222
12390	7237
18980	3561
19027	663
9788	17800
12467	17471
18966	12316
9022	15325
8929	6602
13350	3928
16176	9157
13607	12623
12653	12030
15588	6303
2013	8236
19347	7019
15912	14330
17800	19023
160	835
17715	12475
5970	12949
15888	13525
14953	8234
8094	3527
7135	17082
15194	14581
12263	3738
12005	16771
587	16219
8526	15991
2738	16518
12854	11082
15414	18488
4880	4428
17627	8496
3662	17287
15047	13289
4880	16917
15765	10983
16426	13383
2930	2323
165	6057
14012	4705
13563	8895
16049	2438
12378	18358
8593	16233
19264	11525
5674	1254
16150	9949
13064	1851
3908	17152
5504	603
3204	11741
8736	11024
4915	12605
17032	11775
15856	6630
11043	252
18209	10475
986	14370
18921	11071
1678	2477
7417	4965
3727	3830
5014	17735
9365	12318
1930	1647
3329	12309
19262	16702
16448	12091
13857	15815
3727	7155
1875	19505
985	14423
8070	2486
18074	19526
8894	10487
17790	13702
18907	7318
7904	6123
19369	4899
14480	15322
12258	3394
2027	11699
3093	5551
15392	7307
1301	10401
5806	5977
14790	13848
4170	14796
10086	13163
7680	11490
4038	3440
12585	4079
9801	1338
13993	10338
5890	3979
10750	6080
16086	19385
18266	10871
12701	5811
2480	11248
18595	1765
9980	18685
1677	5472
5414	11277
3438	3738
19699	12732
18866	18533
19098	14047
14924	6211
7830	19121
14741	12583
6882	1178
1922	2534
3161	7627
13024	2593
15338	9354
13524	16966
7287	45
8456	7113
14011	19093
9404	9300
13306	13333
19073	8510
4241	17003
15393	1978
14699	7508
13246	3267
17024	14540
15975	19011
18333	16730
18132	18733
1664	7184
7769	10608
5906	10754
2992	19637
14614	8802
15147	7888
15212	10300
2113	16406
12339	11157
17089	19002
17450	14884
2430	13635
7127	3064
10444	8477
9322	14721
14097	2042
11250	2042
846	2431
9167	4443
6278	3429
9928	5745
14587	4164
14399	8211
786	9757
6821	2114
12044	9984
4142	1827
19386	5434
6394	5675
12387	4079
15856	10155
16855	12367
15262	1870
13684	5440
3248	18528
8887	14669
6417	1294
6056	3336
4880	6590
9901	16965
8968	12695
8028	7745
12682	13194
18143	18561
6753	18805
6501	4929
8692	14213
16441	1909
15512	7547
17331	14446
3511	17012
12218	2417
7445	19639
405	11123
16665	10166
11245	16574
15312	9698
1844	5047
18526	3770
1930	12784
4666	5538
17511	15447
16502	11622
4635	12635
875	8625
15406	12400
2432	17509
18913	1795
3695	4196
10875	10005
13083	4884
602	9591
3464	13307
5218	17555
3641	18837
12378	18107
10374	17362
536	2849
11419	16206
2680	16974
19611	2629
18872	13947
15408	13921
6085	8681
2096	14753
5847	4409
16855	6433
19520	13030
4286	1490
8930	11990
7943	8969
9714	1645
6331	403
17940	6374
15263	2471
501	7076
11819	307
16427	18966
1372	18850
16346	3521
7313	6269
252	5899
6539	13848
4016	18924
14415	2713
17692	12265
3117	6010
1143	19338
3096	936
7270	15708
4538	3544
5708	16152
17089	5468
8320	11335
1634	13586
535	154
7624	8708
7143	633
15271	2961
10355	9510
6368	19344
1524	1635
13326	2150
17897	18163
8357	19639
14325	843
11970	8641
7573	19429
2919	3179
3282	16574
16516	1248
3150	8588
11631	9938
4835	193
9404	9788
12070	2604
10511	4817
13599	6618
2418	9872
19713	19671
8357	2866
11387	19639
19697	8110
14231	7720
13753	16130
14701	18014
1624	15774
16427	2042
3627	13794
9382	16518
2680	10627
11283	4005
17244	2913
13730	14206
3170	515
18832	16639
1507	1533
16904	12078
3431	11274
6242	10967
18658	16627
18920	15434
9300	16125
4153	4339
6814	17357
2049	17181
1886	9369
12137	8220
7616	5223
12378	10512
2423	11513
8929	2046
12225	4981
244	1717
7617	7879
8805	5243
10774	2543
11670	11688
19520	7956
4021	14540
16821	2874
17995	10864
19255	15417
6366	18020
10610	246
3625	19459
18019	14480
18131	14408
15422	1397
8373	16122
2325	18253
5197	17393
18726	7555
4433	1960
3678	15301
9190	1595
9084	10443
7405	14946
16197	14886
15950	19562
9692	5023
6331	13827
17007	13144
15885	7982
786	17575
19050	16093
738	3774
17243	18257
2861	11340
11631	16066
7641	18104
17205	3033
4043	9626
899	2005
4827	11258
5573	742
14296	8431
19584	3975
1303	10890
11877	13736
13661	11227
16089	11418
13878	17764
435	117
6278	8574
8116	7598
11728	1811
1634	9090
2002	13212
6468	3863
10905	3402
4319	4690
16973	426
15915	16393
12258	2045
2489	1922
13041	9330
17994	9897
4783	18547
7920	13633
17511	18268
7014	9569
10204	6303
18755	3055
16567	13333
5754	13543
13232	630
7518	2550
4242	18338
12836	4929
16516	2692
14701	10906
7573	172
3390	358
8583	4605
5950	12765
4412	5610
10563	17928
13857	11018
6728	19134
7933	11832
2237	3604
18608	14480
5090	1183
14389	8749
13617	3523
188	3380
15967	3636
6553	17559
245	2278
5108	9917
9957	13885
17212	4687
6570	5911
11248	10975
6368	12307
6192	3788
1789	18020
9931	1402
2022	9919
17665	3875
12500	8154
12854	6746
9616	12637
7441	16657
17157	8213
2768	2857
18276	4001
19613	6957
6004	9895
18228	12674
14102	18206
5076	8282
337	14155
4560	13443
4985	742
8456	4349
8772	1308
14314	12978
305	3921
7889	7076
13560	699
10637	6244
15164	5037
2022	3054
3277	16555
19275	11511
18966	17507
12399	17549
11819	15774
6311	14987
11615	15262
17426	12696
10083	13056
8698	16112
2598	16635
17770	5034
11631	2570
2177	7868
12378	1877
15835	2726
12386	14896
11211	2643
5848	7108
617	15081
4880	3896
18442	5165
9083	13960
4065	14672
15012	12218
5788	6054
196	16518
2810	7899
10983	4791
10564	8220
6554	11917
1443	12059
7602	3732
7571	16722
17764	7058
16339	3204
390	1877
5986	7131
11970	17828
8929	18758
9239	4279
18266	5322
9190	12359
8371	8784
15950	11445
12084	13825
7641	10345
1792	13297
5329	2830
165	8592
6085	186
12653	5106
3851	3475
10538	15348
14231	8315
1188	2490
1793	18311
14986	13062
4257	15264
10070	6117
3129	17546
16532	1788
1171	6086
4273	13818
10879	6914
7351	19698
10886	18104
11232	12093
6366	5482
17139	10707
15949	15567
13588	18986
11970	2013
772	2109
9917	5605
375	542
19072	3519
10734	12088
7063	3233
14815	17320
14252	11822
13792	448
3582	2728
13854	11365
5987	1692
6056	10866
12102	3963
11621	357
4527	14842
17541	19023
875	316
1458	12316
17023	12392
16086	12388
6500	15111
18272	12958
18266	2416
5962	17125
2508	284
12143	7679
886	18427
6764	9761
17678	16518
4491	1696
14810	3835
6468	3120
19432	6065
1906	10538
8738	575
11533	10074
247	13854
10033	7308
15040	1481
16339	3076
2766	10500
19011	18512
14073	12090
17974	13723
6690	9151
14490	1633
4075	16289
12534	7340
18921	2240
2831	15769
3500	13027
17774	2981
12698	10662
14314	4978
14080	5835
18544	746
18132	9917
12689	3942
11419	8230
295	12640
10483	13457
10589	18933
5381	7236
18712	7073
1988	2466
19444	3722
4915	16306
8929	4791
173	9501
3780	10309
18328	14864
1171	18371
8069	4386
1160	2436
10091	18798
12148	9610
8846	11239
16487	12829
15416	3841
17548	2180
16532	8920
5108	19531
3425	6698
1537	4079
16086	13114
12971	2110
532	14486
17988	8658
11043	3842
10527	13760
16526	2438
1347	14923
10382	17660
6722	19053
7296	15204
8802	4522
2768	7928
18608	19220
449	6879
6501	1224
3412	9163
16526	12741
9215	17783
165	9010
16514	3077
898	5744
10073	10657
2606	14101
5329	11472
10935	16199
7994	12345
12152	14225
12979	5468
14328	9611
4827	12267
12822	5774
18467	8386
8646	10159
1099	2025
11498	3223
19477	8493
9339	18497
14882	4581
12155	12813
3793	15282
786	14278
17169	15319
16448	14416
14243	4420
1581	19634
8919	9479
7617	8855
17729	16770
17959	14089
10623	5500
193	16865
6451	1104
15719	13838
17770	18403
19685	19578
17548	9861
15045	8030
6999	16520
13408	15262
10436	11442
6366	17387
10852	8236
7411	15182
10783	7131
19565	13874
8094	7672
16079	12400
8292	18888
6823	9105
9225	16146
13460	1619
5127	11018
630	11194
18879	9064
6676	2709
723	16988
5788	2979
5880	14913
3657	9227
6728	2999
714	9166
2309	7179
397	10977
12669	5492
15320	13922
16197	16767
17486	280
11738	10147
11706	17456
17089	18203
9788	6212
9106	8769
3140	14245
19601	9146
2013	3413
786	5126
536	11216
858	4269
19530	10934
10879	1277
10520	336
7211	16696
8823	5578
13857	937
1855	5028
2705	11994
5737	8760
15212	12595
9425	4615
2813	10934
4817	11565
16079	19639
15123	9144
2606	6977
4716	8800
3092	3681
3471	3678
16864	18866
8422	19330
5520	11120
9931	7484
7351	458
15312	17036
15889	2176
12044	442
14488	17895
15414	16181
19614	17146
4776	16223
16567	694
9870	3376
14071	15478
19460	17548
390	4929
655	7328
12188	13205
2664	1511
7428	3511
13138	727
3677	17353
9362	17159
16494	15757
19305	7087
2385	8026
2932	8205
11077	6746
6571	14
381	8681
14823	5390
17710	6012
11327	18845
9743	9601
10774	14808
16437	16363
5067	14671
5998	15017
10878	4546
8140	13230
9130	2903
16191	8353
18740	12228
18524	2282
17645	17504
11844	4222
19027	19668
1458	6370
7578	3444
14478	921
12862	2433
17715	7199
15765	6590
13015	10435
15616	6319
15198	6639
538	7501
1208	15708
18819	6658
1254	103
4783	17508
13578	2780
6169	18093
858	2665
19611	15366
12236	2001
17745	1561
15814	5806
15004	14766
18361	14150
8140	4925
8526	7525
15406	8463
17715	19553
15681	7827
14435	6573
14424	3455
15741	19290
17191	18614
4283	1038
15813	9199
9617	7508
10027	7363
17082	10742
5126	13459
5168	4079
18074	19639
12821	945
1984	4031
8456	1453
16200	18569
15489	14073
4556	10226
2693	12375
9606	82
13854	8568
3154	5220
12554	8699
1392	10270
17649	13123
5970	3740
11758	7403
196	11462
14425	5004
536	6293
9943	18912
7007	6276
10970	10465
18458	3102
15535	7163
16350	12908
1837	11462
2831	12570
8086	3372
4603	11148
16632	6844
2294	10667
877	3781
19420	3364
6368	17224
10275	17302
12378	18432
10091	16367
9485	4079
295	8318
600	9617
12888	19216
13400	13522
16931	11018
6646	7487
2738	7672
8041	6370
12637	15748
13964	16035
1800	3893
16644	3068
13628	19602
4116	11292
1837	7170
4393	16047
18386	13778
1150	1272
9868	6018
13144	14418
14337	8829
2237	10009
12689	2506
12798	11782
10817	10018
12443	2239
12156	9407
1634	4144
6442	7037
4334	4493
6842	5513
2096	322
3373	9259
1171	15211
3780	12903
14219	3812
5730	19600
1965	15780
17994	5744
9332	6526
11803	314
19689	204
8261	18722
7391	2041
2941	5246
7896	17756
12845	18107
12286	13063
8636	6803
6096	8963
11616	17357
6722	13032
9795	12052
10511	7358
786	19285
14000	7675
2934	251
10842	18203
6368	4000
8580	18277
7830	15095
18312	227
16515	17628
1156	1193
3908	11303
16012	8310
18300	3823
704	7076
12149	13212
1417	5999
14325	10072
4078	12208
5845	7413
2867	2151
9215	18187
1913	16661
3932	11852
6366	7091
10553	1257
5078	4031
15511	15533
11308	436
1573	5746
9617	11858
18276	10594
558	12847
16427	15501
5674	7231
19073	5094
2230	1193
13753	1196
9150	12984
17745	1422
15012	12767
71	3416
9046	4728
11991	10042
9774	1422
6104	12591
4094	770
10341	19222
9190	10182
18736	8826
8125	9496
588	10231
15414	1743
9838	4774
16101	4303
713	1772
5126	8922
2942	6419
2119	11525
15123	5921
2360	7143
766	11324
7617	547
10091	1743
7617	13012
8456	896
1040	12754
7287	8419
17993	717
16532	2229
14480	13599
12149	5292
13631	10414
9943	13590
9558	18998
5788	19393
5014	4341
4242	1354
19277	7104
12805	2795
846	16130
17139	5870
1600	6493
6640	40
2813	11063
5521	18717
5880	16501
2693	16223
16350	4661
19338	4625
6172	4483
4450	8749
5886	13129
15818	518
3926	17611
18040	3738
2093	351
1208	15774
1683	11029
12443	9079
7100	16317
14742	9187
19050	14155
16702	19637
3701	19566
1167	5626
10527	18253
11386	16308
4915	19664
4810	9620
12637	1801
4545	14550
5847	8361
15741	11905
11333	5734
3340	1438
3801	14647
786	16533
1862	5508
10637	19044
17688	3608
6722	15699
13873	18233
19565	2884
16012	3119
19049	11832
13096	18267
6795	13754
16409	9674
15582	15997
11252	9050
14435	96
11106	10234
13795	166
2350	13002
13290	1647
1124	470
821	3391
9300	13747
17214	15186
11589	9910
18442	13854
492	7224
9644	17060
4856	9573
7885	2474
18557	18767
12787	3835
13191	3619
12714	444
670	15757
10679	707
12362	19530
11498	2337
2415	15841
17762	15724
411	1366
337	1585
12862	4929
12948	1402
3867	10708
10204	13176
2294	19071
15813	18311
9015	14691
9852	11018
14480	883
4666	15037
5014	4808
3715	10724
1455	8717
3701	6296
8972	12103
4256	9496
790	15450
913	3878
4776	4058
9305	16518
7417	15807
2444	3006
77	19098
704	15262
5168	15186
2598	9824
14683	6002
7291	5072
6927	1441
9382	8802
6156	16518
18677	13227
1945	19332
15356	19240
13315	12732
15170	18132
1655	2914
4778	11671
4142	9654
16775	5498
8233	3951
16578	1834
11670	10135
3952	3063
16864	16473
8046	158
15804	4899
25	16441
18819	11624
18200	1518
786	9303
10884	5327
13043	10917
3934	3013
3879	10853
17904	10401
18866	16626
10563	14729
3582	14949
719	12103
1104	5239
5896	17968
12118	11534
188	12157
19251	5349
12390	2570
14409	7613
7899	16348
18021	12431
6345	205
16682	9019
6943	6082
1683	7058
15721	8444
9939	10298
2906	10011
17157	10743
16644	7490
17627	11011
4100	15722
4334	9354
4915	13370
5406	13114
3511	9817
8873	12623
12013	3009
2693	4987
8104	11198
2013	1585
18526	11088
7014	11736
8350	8963
411	17343
13940	9059
620	11365
9557	7825
13560	7522
16665	16453
14785	8616
15818	13995
8488	17025
9917	18246
535	10024
14406	15139
16692	18565
7474	17389
19713	10615
9242	4606
16984	11420
7672	14218
2606	10797
11230	16421
7169	15642
4725	6319
19356	11281
790	3586
4942	17079
10750	14103
2768	2441
859	8853
2157	7743
19209	16621
16499	10392
12854	11842
7815	9158
6488	14825
18913	19260
8357	9861
1890	8757
7904	13400
152	17784
6464	6980
11026	17759
18730	12831
9678	5289
10070	425
1171	10308
11419	5804
5684	8910
1634	8802
12070	1302
5351	16959
3998	1071
1335	7677
5423	12895
5094	3637
18533	5542
15200	633
13194	7658
11926	13558
17910	5804
15761	16885
2470	7117
5547	7463
1721	8623
17439	3061
18699	13708
2029	7743
2505	1257
4173	19174
14957	9158
11248	5682
18636	16151
1156	1684
14609	4230
2732	17434
5247	17138
13869	2612
19699	3716
4740	5566
6865	950
2083	8595
3988	4631
1013	3223
6331	18050
16555	17636
7173	18122
13669	7420
15370	9248
636	14380
6155	15400
17619	15726
9671	10166
5402	12844
3194	7667
3657	16621
1443	19268
16608	3698
16711	10243
4798	4039
2554	6608
12834	4635
16813	5131
12389	10914
4343	1693
12128	13409
9312	18061
5896	14241
18333	18278
10315	5108
756	9888
15245	11399
12225	4998
13175	1935
377	7526
12585	2265
9393	9218
15047	2158
6646	4630
19240	12165
5355	7325
12218	4089
2237	1080
4286	8267
9239	11847
5788	6419
14490	242
18856	14737
3149	11365
19275	11011
3475	1733
5567	1260
8468	7076
9634	5320
18589	7530
19611	2353
13775	9687
14295	16174
17319	16862
8392	19213
1171	5419
13174	11570
19051	7186
1913	9812
18018	11260
6509	11101
3902	4522
6368	12543
3113	15099
13239	1909
1462	5818
2051	17317
6676	4825
1068	10375
16011	13438
1930	12757
16645	16845
18118	214
17946	1257
10613	2222
13239	5127
7081	15018
19338	6982
6313	12385
10933	15217
18910	2853
11758	6256
3262	17736
9418	8635
2304	2875
4408	4588
16855	3597
10331	2648
6308	10563
19021	15687
10983	12543
11615	18296
6293	1112
13740	5306
6407	2815
5633	3681
7549	15639
12878	17014
1695	17381
1683	843
10628	7878
12556	11754
5048	5119
4596	10692
5995	19496
19100	12583
1259	15030
17631	19299
4219	7852
14594	3638
10204	3927
5981	11214
13875	7295
12258	7522
9618	13423
16263	12572
17957	7675
4442	10395
17583	1167
4596	12754
4725	13514
9485	2700
15433	19587
2611	15209
18018	7401
5324	3182
15467	9151
3828	8163
17592	4637
11554	7347
16975	12520
5168	17955
15338	1709
15427	11139
1291	15820
13978	2646
16052	7795
2693	16584
3178	5940
9743	14073
5231	17949
11283	534
7135	3117
5105	11190
12310	12287
19631	18604
11009	12415
9644	2069
19611	3931
18536	4330
8458	19546
81	15122
15180	5550
6443	1363
1837	14597
13672	13622
2808	17291
11289	9654
10014	6626
18970	2980
3859	2689
19611	2866
17082	2866
1303	11149
8070	4031
16682	9411
6340	5670
5086	17230
6948	13418
10366	13037
19526	14487
17709	19487
1941	10446
18877	14479
6229	2403
19375	5895
19041	18983
16577	5655
10275	12290
3039	6742
18112	7131
10852	18143
7828	7962
2163	5512
13673	7180
8109	4067
15517	6510
13559	13991
18717	12185
17965	15916
8401	3740
7675	2795
19713	2989
6488	17350
18706	4222
4934	16281
1304	9545
15128	13854
12752	10481
244	18265
6178	13514
16515	2589
2932	6811
3396	1456
6640	2151
11829	1440
17457	11352
14242	8226
4032	10934
18740	8307
13917	8361
11211	3596
9640	8148
7693	2454
2906	7981
5788	6048
2571	6965
13233	7740
6198	11999
17311	575
9938	7198
5970	18534
12089	1755
19715	9817
11123	13310
1225	17991
13631	17248
15003	1172
12960	13141
3799	5605
18417	9248
2606	2585
15813	154
19209	12252
18278	9158
15221	5194
17815	4588
5587	1349
7514	237
6765	19637
15445	4687
10970	13080
9511	14544
18907	15946
18261	3991
4388	13941
11773	16400
6697	14137
3624	19222
13672	19519
14702	2803
13936	18222
18312	16124
11261	12640
6791	10036
12679	5752
8805	2843
17212	17486
4098	14179
17807	14429
19646	3009
5896	15841
13228	1332
2409	1432
10021	937
19520	18069
2114	14269
3418	765
19015	5914
18832	3077
1321	4657
17604	13890
7890	13572
19051	10166
1184	18109
5848	7719
10718	12570
667	11479
12720	1797
8894	2005
18488	9157
17770	2105
2584	14094
9801	1238
7680	6420
3867	15978
13446	4176
11840	4262
13295	11694
10804	7435
17450	13410
19080	3327
10781	12485
16534	4791
11261	2878
9263	13351
12805	949
3517	19678
4725	13395
3396	15950
16086	12569
4758	4875
16916	4485
15899	9032
17089	16767
8371	12446
17410	6610
1184	3443
5606	5343
7514	15866
13893	9458
2942	17251
4692	11011
17517	14345
2919	11047
3586	9541
512	5178
11897	7187
9758	156
7672	13174
3511	4079
7058	950
4954	3991
18307	11157
5296	9713
11554	575
3246	13732
4603	4147
10637	18491
18424	949
8385	15085
2506	16247
14182	7996
11937	44
17208	6580
11123	2594
18270	18710
15511	10467
16575	7155
6947	16862
931	18068
10014	10500
4344	15869
6437	17374
19464	3385
12044	9654
8929	19043
8233	3453
17465	16982
12085	17884
9960	13276
3289	13341
16377	17529
3701	15935
10275	14844
16440	12134
18455	13756
10638	13262
16726	9611
16627	10791
410	19071
8028	2969
17373	1909
3607	6208
1220	10439
12042	2636
3448	12115
3715	3064
4856	527
4412	17147
5229	3009
11844	13390
1322	17602
3564	407
12258	18486
16526	19347
252	12339
1455	5986
2266	12431
14774	14877
8002	12365
6697	8849
6539	2143
19338	1101
25	16147
6056	18623
18635	16660
3793	12263
4286	1998
3582	16833
9298	9888
7729	13196
8802	6812
11329	9064
12394	12260
11598	15134
13333	6957
4560	1862
3015	9812
11891	260
10248	4707
12191	19646
4732	4646
12702	18506
19551	10934
5779	3145
15147	17406
18588	11237
1014	1308
17889	12696
9301	3672
19073	11678
14102	18276
1345	13264
3859	413
5962	11701
12473	2937
12378	18409
4880	12278
15884	9323
13446	8651
6323	1217
10767	9157
9120	16250
3574	11599
15320	6851
2252	2694
2004	8119
11819	4921
17857	12702
15338	11744
10631	10864
1427	8703
7739	5415
558	16083
16891	8750
7528	1028
11897	16272
14409	17278
7739	6811
15085	15444
6046	6765
17081	10509
11413	18719
12857	17265
10950	11827
11176	10786
15012	12281
1186	18019
11911	15092
14945	3857
4412	9579
4783	1306
18582	7617
8466	8428
19572	8005
2489	715
18038	8717
3607	4977
4072	14666
7933	19446
2029	460
19319	1411
13408	17643
4167	18804
10483	13597
18472	17483
15657	1422
7528	9859
3240	15983
19640	46
19178	18996
17688	9035
6376	12327
9660	11188
2916	15395
14857	9298
4820	2553
4319	19309
11232	8338
8950	5970
9644	1645
18624	15886
8219	11029
16079	11198
4053	13386
4520	11943
2315	7207
4811	16277
18228	4093
19079	14134
3627	12326
15170	12623
5716	15472
9339	9827
18328	8506
7175	17252
9868	7153
604	17476
9305	4031
19051	7168
19378	12728
19356	3362
19194	19202
2119	18236
2415	4576
1443	421
18127	2513
18921	6082
8239	8295
892	3044
13382	7147
7577	13456
14045	11238
13306	19613
14020	3916
17181	8976
5381	18309
6102	6354
3385	3396
15445	575
1600	17539
7296	13197
15279	12013
17512	14224
15446	13860
3774	11726
2333	14381
5606	16308
18312	513
7503	8440
3647	3774
2707	16941
16197	4853
13221	16703
8823	727
4520	4571
18922	2164
15814	13793
19525	12567
14333	18680
4283	14301
13083	19221
449	5383
8325	3080
4520	18251
6765	12677
12149	15366
10378	15305
11270	9703
16551	15262
3657	14672
11622	19312
859	5334
16570	18719
1345	12381
12523	14324
4153	18800
8072	13607
11926	15134
8441	937
11378	14060
10502	14634
5158	11365
9036	16076
18424	10114
9644	14073
4344	12583
5746	16614
7665	18509
558	6158
7617	9139
4142	15847
12202	4251
7663	12520
17418	13825
18595	16805
16049	4352
4170	4727
12263	10947
9577	14503
18608	6590
4129	4119
17157	13235
1634	11927
8306	2140
14855	4984
7995	8677
17181	4610
5249	6341
17959	12900
5132	14877
2831	5539
7081	2152
18014	10498
7869	9768
16346	11280
19073	18767
5132	9496
7218	2604
5788	14918
8929	15246
19600	1893
17695	8065
3923	50
7046	3972
6007	11546
16780	1354
7217	12107
4819	17255
19584	5712
6178	2914
6764	7297
3920	2013
15971	18623
7680	1909
5981	16963
1581	3232
3830	1865
1322	9794
5096	2150
25	4222
6242	8154
10240	10902
10331	8800
16656	19457
11496	9862
14293	9888
298	10188
1984	6227
786	13031
15901	11865
13961	7153
1886	3496
15356	13225
14954	19180
5381	17626
18386	17549
4658	8723
12643	17854
3657	9323
12622	2767
8239	1117
18110	14597
7624	12655
11797	7131
18411	15339
11491	8451
16191	2700
2491	2456
14805	5196
8497	5145
12802	843
18599	3775
12118	13586
1289	5213
1844	1870
17604	3915
13907	14033
8636	7965
19701	2996
5	4511
11386	13753
10728	15121
4053	13358
16437	1948
8401	11645
2797	8193
15198	15023
15534	16518
6417	8386
1156	19517
15392	12588
16855	10200
16197	14174
5092	12267
8373	18203
2587	10099
6065	16022
11289	4640
12720	10130
13873	13359
8783	8375
19240	6293
9300	10014
14701	17119
9821	15743
1793	1520
160	7750
2415	1775
13175	7075
6233	1481
9557	6040
9383	9890
3396	18050
188	18934
12152	16352
8200	9313
15423	2562
3695	6004
15427	11487
14020	13085
19444	19094
3630	244
602	17201
4165	4503
11166	6475
3932	8413
1640	11647
4393	12343
15629	5501
8150	5395
12265	1338
14644	19578
7405	10152
4527	1996
12035	12492
19021	3989
5995	4133
1537	14324
15408	17195
16425	9725
7518	11049
5094	4884
5738	14881
2540	115
19425	11010
8643	4883
6094	16080
3511	17232
15362	16856
1947	13140
16534	2042
4560	171
15354	2878
9485	7058
1837	4619
1422	9479
15967	17896
13541	3384
16197	2180
3574	12926
8305	17767
12118	9112
1266	7220
3753	16455
16049	4031
11077	1097
19404	8674
13560	206
10091	11199
886	14042
16881	16287
4798	8082
18305	11411
16587	8476
7029	2496
11970	13392
387	10365
814	6765
15975	15018
9078	5315
18572	16084
6202	2878
15758	6570
1524	9252
14815	2943
15758	14043
9288	2845
16526	11741
18681	8379
7960	11953
10656	8749
2910	4716
8008	17685
17212	18271
6795	12796
7933	7954
636	6392
4160	3308
4778	18998
14875	13442
8473	15820
17981	2481
13174	18115
17208	18642
3289	16105
8239	6606
12878	7105
16499	14861
9383	17281
14043	1363
18704	2552
7141	19469
5684	941
18602	1879
8212	18458
16111	1908
2391	13854
18417	9158
4766	12350
310	14472
15393	9562
19386	19240
1138	15817
7127	12048
3753	18348
1345	17660
8692	19639
5324	1238
4499	13735
15615	19155
173	7662
15542	2255
8387	3799
5970	11570
1837	5562
18328	7019
11679	10432
12570	18157
10824	7076
18597	937
19480	2383
9634	2831
1340	2842
8662	7515
9740	6681
17208	5283
14080	13986
12183	2196
18568	6227
9022	9624
7578	17044
4286	9433
814	866
11632	16232
9034	10945
2642	11885
8134	8280
18497	19603
2418	17232
19084	12520
19467	11667
15151	15485
3430	17087
7549	18426
18357	3954
1952	432
11598	9920
12590	12256
11155	19427
1435	4006
8201	2256
15271	11777
12737	9847
16089	1915
19051	6439
4120	12570
8739	18070
1184	16621
12477	17298
8270	19152
8626	18072
1458	3931
17649	18016
17648	8558
3363	2663
9301	12683
252	12640
3077	3116
8305	13527
10124	12212
5575	15839
738	1441
2188	2915
15023	8765
4053	16828
2292	11515
3163	753
10397	1806
15244	8664
6690	1765
4333	8634
4344	13567
15930	13166
12296	17453
6406	15554
7143	1824
14133	12403
2936	11895
2121	17370
14656	18494
7535	1284
15279	3009
15262	19327
17462	6165
5585	3095
8882	6117
3778	18121
786	5804
1204	19211
18458	9709
10073	14854
8086	1338
18424	2937
16887	16003
4134	846
8103	5730
8001	5080
13239	11999
14401	13143
8350	19698
18840	3009
3000	668
16048	1712
17397	11424
7312	11618
11387	11796
2738	5804
15519	9218
18387	699
16012	12717
13641	18697
11317	19222
15193	7245
2028	2438
10495	16015
15315	19222
8251	17591
17361	3909
1204	2131
2606	18213
164	1232
18901	8717
9634	10004
13683	9938
7445	8717
5958	11605
3715	19411
11679	4058
5678	5303
4032	5980
5950	15591
17191	2260
4121	6561
4344	13038
11162	5457
16378	2822
9272	3245
7405	3104
17418	7839
13607	6032
5366	10856
1266	2713
12067	7980
4977	11955
1143	12370
14408	8749
5880	15203
18310	7186
14071	3857
9548	3
12606	8559
16488	16869
4443	10705
5445	8655
18131	2020
18041	10008
9235	7076
8630	1105
5445	11122
2382	10079
8846	3124
5864	11843
12093	18752
1138	19610
2171	5871
7024	16995
13683	18476
17465	2156
4223	11287
7141	6366
9339	7781
18059	872
10553	17946
1727	13844
5582	18436
6999	11651
18664	326
13978	13881
10610	13140
456	9654
3970	2937
3326	7852
3762	18359
12149	575
1347	8112
8816	4625
12821	4459
298	6252
3228	6957
10067	3918
10774	7849
15631	4730
15354	13689
12986	6546
5504	4774
4167	17209
14071	17535
3140	15546
3677	2373
10576	17478
16904	10582
18270	15192
15983	9001
3571	18533
19551	15602
17169	19645
4858	9699
2066	14207
6437	9313
4142	18111
11738	12524
18131	14401
5108	2336
3289	17009
16380	3835
18624	12781
4813	10885
17903	11874
13619	2209
18922	10891
9878	4842
3277	1879
2728	15679
2429	11888
16419	10166
4480	392
11000	6328
15739	10889
10132	13462
13306	12431
9393	11140
7969	7986
17061	13651
13239	8765
11026	16819
16012	785
3998	27
8761	17092
15805	10166
19423	16077
19251	13340
10563	14108
6200	8358
5664	707
12916	8771
13446	15688
11862	10804
6637	12431
10910	14784
10043	4194
5108	4366
8859	14094
12570	12307
14594	1560
5906	1222
2506	9158
12155	16356
15444	17264
6728	12886
10856	4671
11833	18715
13033	7392
6400	16518
5737	16253
5445	9364
16155	19653
11670	17846
7695	18097
11683	3037
13134	7543
7127	15260
2423	15009
14619	4883
6442	7426
3471	15301
7053	453
18015	11202
5324	16261
8006	8399
800	5694
19699	19098
9485	10754
11804	8325
8524	13396
15719	12050
7978	16912
11166	12288
8816	1989
12130	6010
16165	10345
5445	16662
11386	4360
2606	11470
4827	16213
19375	4908
786	9811
4679	5063
14371	18369
3799	3714
1211	14404
7943	12759
7889	3978
5282	12640
9075	14423
18046	11938
7899	4351
18131	9496
165	5484
4087	17058
11568	6628
1301	5973
846	18750
11349	11986
2325	8681
15885	18086
13359	4823
7141	12897
15586	14864
5970	14535
8041	16035
12061	17946
17734	742
2409	8802
8887	8992
12790	17669
19020	1900
15408	17318
13543	919
15244	17600
11944	3077
8839	19178
14505	4815
17208	16518
8744	3258
9726	4400
384	2771
899	9485
18100	18952
1156	2613
1727	6113
12615	16278
5901	12538
2175	10909
10718	5088
14014	9933
10331	4819
10576	16843
4604	6116
2237	13633
10538	3931
25	8406
16532	10052
6795	1693
8821	14331
2353	280
13350	11014
9740	14304
15582	6024
14683	12485
16931	16035
604	316
7616	8155
18910	5202
14815	8134
1739	4702
15871	18631
18899	13158
5814	6269
6417	7004
8350	15674
1634	6392
19579	11540
12918	1319
790	11195
17790	11431
604	3618
18545	7801
16346	2089
18276	7793
6293	6927
16503	16992
15960	13119
19011	7631
2584	4648
3630	5293
1126	14980
11498	16730
2527	9542
15406	13567
12388	1909
18328	12583
12386	10608
5573	16382
9242	7673
11525	12165
9060	10264
13161	7758
14776	19265
15322	1627
12191	7480
11387	4725
5791	4100
14325	9214
7503	5668
374	1101
5734	8800
2642	15286
2119	6918
19455	18286
1540	9442
18870	13370
8692	6094
16165	11873
17745	6271
2262	5364
13907	3515
11496	14780
16752	3786
13405	2362
3096	6751
4242	6514
17745	9739
4880	8352
18403	12165
13359	17183
7943	12066
310	9199
8456	8220
807	9155
6464	12252
17696	15053
7295	1365
6368	18689
8244	11051
1947	4419
766	17207
10774	8533
2033	19033
2587	6978
14086	17946
9579	1235
18717	5385
5633	1751
12388	9437
3625	10441
221	18328
9305	10597
7939	7207
2584	2167
18624	2937
756	15134
7743	1636
9312	12267
5311	9594
8325	12886
1330	18200
14683	17540
8507	7077
6814	13863
18238	6895
17804	6227
19084	15618
5324	5635
9579	10934
14435	15600
2004	13940
11804	12485
18553	7108
2027	3746
17212	2290
9332	5044
10073	13334
2885	3729
4560	13610
8887	7123
8156	19628
14624	16808
6882	5094
10352	3945
9943	9506
9870	19222
7604	2832
9167	4031
11991	2914
10315	16661
6566	16720
17592	13073
9365	1981
5324	2427
17715	12633
4721	17493
6065	1643
19027	15659
17014	13313
16534	15525
2505	18957
17244	14733
6646	18628
5998	11987
19404	6767
6366	405
2505	7743
19264	7271
3959	11260
7417	5172
16851	1541
10110	12181
19277	1115
14824	3579
7823	2874
19317	902
12971	18874
15356	18403
2333	6252
12916	3743
18386	17568
7141	6968
12802	15376
10139	719
3059	4146
3630	6941
14790	6092
13337	15659
9732	2628
18409	14666
3023	689
11038	11006
10750	477
7641	15233
12737	5007
6202	9834
11568	12316
6233	18157
7169	17123
8331	16224
1677	19641
18307	12128
1435	16199
14217	18036
14363	10260
8041	12316
11433	2180
11849	10006
10559	15525
813	10321
4656	10359
12258	18375
10501	13175
14060	1909
17319	7550
3228	13403
15542	7599
254	6506
15366	937
939	11049
2013	9161
11816	12731
16254	3086
3923	11678
9131	9995
6482	760
3920	5911
18482	1348
17722	18346
4436	6212
17627	5600
19526	4407
7313	3418
7617	10614
13777	2548
18018	1235
15212	474
15950	1963
4725	2184
4653	6450
2847	8310
18929	5682
19509	8573
1264	13435
8846	12944
558	15896
16185	4453
1143	3577
8839	10392
8720	13623
6166	4784
13619	15977
13230	4448
13875	9917
11706	17409
5716	8941
4934	6243
3140	7076
7769	11064
10374	4031
5258	11639
1965	7859
2867	40
19614	11005
11413	859
3211	9111
14252	11581
7268	4230
19617	17107
11694	10064
12554	13412
9167	16661
12258	16880
6308	14729
17169	8380
1126	14941
68	12702
10331	2766
9322	6736
15315	7566
7141	4148
17522	15415
5780	8653
362	4145
10669	12664
11970	15950
10463	6912
1126	10673
15512	15309
11673	9248
8890	6337
18442	8627
11425	8126
11804	12400
4223	8227
4074	8790
17396	103
3240	641
6500	7053
2606	12791
7291	15445
14664	2197
19701	5984
14488	18752
4699	326
2678	3899
18494	14926
5048	10664
16951	999
149	4218
17744	19423
2049	6841
10174	13965
17205	10880
25	4991
6655	6690
15338	7076
7617	17577
8441	16035
3014	1491
19369	6593
11146	18863
8158	6227
5730	17486
11668	16405
1745	5937
18040	15166
8593	11365
164	4789
9235	11494
4480	15916
7943	346
14311	3774
4395	3088
12615	12306
15397	13197
1171	14212
7995	2993
6286	11945
4380	16197
15950	15270
14004	3282
1955	3740
17014	8063
18328	16661
87	3846
9940	2004
13391	1172
4031	2014
2423	8800
3701	316
2415	14047
5426	3045
16599	4136
7889	333
10202	3911
14815	9151
18677	11335
17665	19274
1941	12891
3988	10401
814	848
7641	14418
18636	4473
14882	7953
6236	9474
3677	5594
19551	16965
15629	12824
17225	16621
9300	15821
8846	1363
11333	18135
18655	7076
3140	7916
16324	9812
17139	16859
9579	13825
7093	696
15185	10370
1138	3586
18975	13436
5117	16582
5451	7131
8723	10948
9616	14292
9917	1193
18921	4732
12622	12898
13064	18684
6233	5675
15421	19236
18866	603
15588	1541
3953	15774
11313	1347
16503	7609
9485	2259
1160	4177
3316	4713
7464	9745
18747	11832
18494	19265
19425	996
3999	10596
4053	9933
18872	4841
19523	8700
5611	3058
14127	509
11314	8257
2540	9296
8072	3455
17426	18458
16191	15826
6795	14602
2969	1201
16251	18070
2103	9892
15397	1539
16756	3314
1171	13004
13043	11741
10410	806
15859	16082
12497	4980
13946	1187
10185	13463
25	5472
16350	13061
12378	16274
2353	9158
3677	253
18015	3020
17745	7444
5521	15262
1321	9766
15648	1671
6229	15224
4167	9653
6738	3740
8541	4128
4616	271
786	16435
8356	8802
4880	3039
12150	18805
12701	16023
4043	2477
10564	9199
10983	4725
756	16665
16455	15774
14230	19634
2491	7363
4560	18370
3426	16230
19098	18116
5788	5059
18312	11246
15356	16165
4344	5744
14699	11528
8103	9888
5662	15323
2225	1446
11315	6010
9962	7398
337	14043
4556	18893
19021	2130
11991	5482
1947	2744
13191	15267
15564	5359
8621	3039
11673	11873
13940	3314
15678	14544
19433	5985
3228	1528
6143	2348
15212	6565
15805	16316
14399	5516
5261	14768
6236	5221
14106	11380
1439	6939
8978	10414
3202	16208
11026	15007
16049	14864
1984	4609
1677	4101
19382	14940
3096	3592
5407	10271
7748	15569
11608	16550
10133	10380
4820	1682
15899	2615
5171	18624
15588	17810
2118	19458
10397	13863
6286	1734
16427	5066
7053	1193
16692	14273
5324	18815
165	9600
4635	14558
15033	16684
3988	11007
16405	6153
12622	7386
13114	18302
8370	17126
13374	15710
7127	4480
10063	12430
7571	6454
14966	11570
6883	18580
17143	14245
13555	14197
7218	19517
17462	4997
12416	7673
19565	5899
19520	14442
12635	18030
16742	7282
10436	9119
16726	17724
14427	4764
19251	143
4160	8991
11673	4154
14043	5806
4958	17574
670	7076
5324	14917
4721	11157
9616	12299
11754	12431
12005	5526
3084	10738
7135	19002
13907	10494
2969	13333
4587	11897
1837	1589
11615	18717
18819	18416
16197	15918
280	1909
2680	5434
14000	16062
17807	16077
3039	6010
12296	1993
15445	2477
196	5554
16293	3896
18228	1804
4971	62
859	16995
13372	19637
4929	18277
2029	4585
8929	2625
10755	13038
10417	9146
15180	18762
19240	16965
19520	13943
9339	7076
3289	2111
8000	19033
670	18582
8723	8780
15264	4577
1336	8135
18991	13445
11263	14354
12093	12004
15817	5229
19657	12489
19353	13996
1930	499
1304	18529
6312	9053
12202	18093
16752	3597
10998	12266
6640	15420
17897	4105
13683	17471
2013	2960
4923	15938
83	16809
17529	12640
4725	4312
19558	9959
10086	8534
15813	7732
3830	18475
11844	19183
6340	18045
165	9338
5004	15864
3183	11834
8432	168
15814	11041
10409	13075
6049	14466
9035	12803
5045	5089
8140	16518
7900	10189
2105	70
7739	8323
6814	1715
8350	10004
2691	6968
16702	2353
8700	16751
12005	13420
767	13167
15123	16463
11263	13589
2440	4952
7616	6928
8006	273
13563	1537
3583	7390
10910	10443
4556	17544
17974	3098
786	7777
9301	3455
6728	3082
17993	4698
4032	8292
126	3026
4958	19441
9480	15295
19579	5201
17174	14706
13408	19037
4854	15284
10204	19613
3341	17770
13792	8317
10374	6227
9136	6471
5540	10980
18913	18743
7815	3185
9606	9241
17868	14415
8340	2897
13212	19639
17846	18800
9870	8369
8072	15869
8645	15240
2612	17737
8839	17587
16977	11643
2124	316
7877	12457
3067	14615
10884	3266
12258	4805
8456	838
12714	15481
12175	699
3557	5989
17511	5246
5880	19642
2444	1751
2262	16092
298	11180
19713	1613
3117	19639
11911	15227
4532	6615
7217	14676
5820	4865
17739	16412
14914	463
13114	19280
10538	1458
12986	13854
4096	2789
6927	13409
18482	3882
5297	2890
12258	9744
18736	11105
555	9041
4595	1237
17989	10237
8156	277
11610	6258
6102	6887
13309	11082
2444	11586
8551	11060
15198	13514
1004	13414
14805	15786
12258	15277
4576	1739
1052	14694
14337	6513
2942	2741
196	4764
625	10005
10419	4652
337	15950
14790	13362
2409	180
18294	3362
637	9418
13584	1909
6503	19468
19125	4462
566	11067
3150	15135
3908	17077
2631	5339
8526	15457
4880	718
5845	6046
886	8340
4596	6726
7769	8242
8931	8318
10397	7123
3774	10866
515	16518
3329	19228
11679	10113
7411	16280
14694	13187
1307	862
5902	9988
6722	13552
18231	12949
17006	17573
19713	15086
18492	5037
3093	348
7748	9874
9927	18725
7969	12979
9960	16001
13401	11365
18479	89
7172	11248
15338	16704
19400	16701
7287	1090
11939	9375
4658	2046
13995	557
19012	11218
16478	4741
15860	9730
19713	17618
16578	14131
3015	13604
8683	11520
17042	2604
558	3761
1837	10144
15194	411
5331	8379
5126	8594
19007	18871
10774	11159
19072	9437
15586	843
8929	14130
6096	8992
14488	3873
5104	12816
6503	3476
13407	19144
6285	12623
16649	14988
7672	6282
3662	18775
17276	7005
15180	8326
14213	14060
14408	575
12183	14879
4526	18253
2691	18432
2817	10571
18951	2695
2225	9607
630	13820
1970	9109
19162	941
8103	14384
13555	4893
3933	11385
6164	10370
19425	17340
19631	2438
14702	11911
11423	12807
12634	1354
13316	16161
2826	7019
12892	8932
11943	13143
10331	16213
7866	9910
188	16745
3902	7076
149	16988
17486	19365
14869	5122
11283	1382
3092	6081
505	8294
3851	13111
16239	16197
12986	18956
2983	12869
10774	5871
2723	14781
19255	15659
9636	7204
18571	14802
1875	6690
8919	14092
4038	17446
11850	1909
9365	4725
18648	11547
4725	5305
18328	12480
6539	14285
3117	1101
1652	4831
5445	5033
12084	14766
6367	16661
11319	4283
19072	447
12387	2989
2571	8
16384	8249
9123	9735
14587	7115
15732	396
1104	10980
16179	3681
5754	5246
2732	18342
18966	9158
7266	14460
2334	9113
15058	11136
4934	16324
18602	9286
3396	14043
19701	14581
15033	61
15416	13179
14406	16845
16345	18615
5814	18956
13061	8651
16052	7526
3363	18075
18553	12260
2228	5690
10763	15293
14882	11969
5019	9158
2768	7284
15971	10004
9425	12165
5958	11183
11945	12197
422	200
9579	14737
6312	16132
15587	5233
16575	17744
18430	6404
1875	4283
19249	15708
17788	4152
13163	14879
5850	18773
6947	8319
18231	5742
6554	11396
2919	14171
15615	4330
19015	6193
3774	12224
17537	1308
6152	12666
119	19005
17082	16852
193	6934
3582	12665
13448	10058
1984	17568
16597	18267
11622	13068
19275	8671
12986	11011
10644	19269
6987	7785
3093	15291
13678	12914
11254	2958
18341	19238
8280	12348
4098	9171
13114	17954
13155	16352
16942	13159
18557	18384
5845	5034
4526	3237
15888	7133
15889	18064
12534	8230
17341	150
19382	2482
19049	10246
6186	6573
18198	9811
8305	18490
4049	17619
19701	1379
8387	3714
14314	6350
11506	9454
4819	18689
18409	4185
8831	6404
19050	17525
1507	4069
16639	7743
15747	18599
17564	1509
1988	7061
786	14825
8929	9418
15337	6239
13670	17708
17645	7749
18179	6227
13998	512
12575	4831
7743	17196
3438	9183
10132	8412
6304	15764
1439	2824
3170	8900
814	18251
3715	3466
16506	18177
4009	15872
7044	6763
19404	12705
11247	11255
3498	8009
9011	14301
8802	15408
7300	4170
15552	19660
772	5232
11797	3578
11162	597
4223	1232
13232	9408
5790	13969
14940	14638
4388	15524
3753	10401
14213	4648
5154	10709
1912	6590
12197	12701
6783	15383
6999	10976
3923	18457
13771	1114
4023	11029
18482	8246
16017	3838
18717	1312
17418	11387
2680	10225
3178	11909
4687	2368
18554	12431
2243	14262
18198	11197
14596	14273
15003	11335
12067	18435
11802	18299
7259	14704
18592	10847
15337	13640
7885	10042
3305	3018
4032	7186
11230	18745
12202	8429
11009	4522
14011	1359
19016	5959
17703	2879
16251	18013
13822	2503
10222	2700
6690	859
13744	11988
7743	17000
9788	13857
129	10712
11211	10759
19306	19678
15626	7205
2680	18403
11922	11754
18158	12769
8002	11918
3418	3362
13056	2555
12044	2922
13114	11795
1427	19138
15534	8802
8422	1585
15813	2873
16891	6992
10455	6377
1507	2447
12152	12655
18200	16388
14702	1916
9054	13815
13471	4084
9485	17491
4780	17060
6795	13847
18479	12459
17604	15016
6097	9306
10628	6978
740	14920
8238	9401
1301	1679
4343	3709
7578	4854
19041	8767
4257	17986
160	12427
14644	9620
3661	11365
4585	9672
9225	18619
8936	6047
1678	18271
17772	19613
8102	11079
13917	3575
5096	10673
12149	16080
7445	18038
2013	9913
17661	12683
9692	8659
7058	1230
8320	4951
15147	15228
1397	19288
632	9601
3618	6493
11831	15618
6787	14719
7900	9506
8125	8749
2598	17201
11166	10184
13641	1469
18978	9873
16283	10959
13161	7327
12414	610
9536	17876
14966	4486
12647	10345
10907	10010
17388	2544
2942	5666
16570	1835
2188	2406
18184	16137
4116	4407
2432	10892
3801	7026
8535	18397
836	9651
6396	15793
13966	3384
16587	847
10748	316
11162	58
15582	8762
68	10927
9665	13708
17959	741
3902	15204
6049	15417
2119	1247
14505	11695
18410	1981
3498	72
11194	2531
13326	16861
12311	3791
713	13999
13437	13800
3778	19114
9957	9984
11161	8905
18542	57
4100	1517
16350	5295
6313	9788
12161	7402
5520	7470
1341	1843
294	2213
5678	14783
12191	3062
16197	13742
3113	18366
7748	3474
4819	8800
13795	7730
14774	2068
1266	18184
247	9601
814	2540
6987	10947
6972	8135
9011	3576
6566	13446
14083	3805
1330	3126
8990	6451
11162	393
18524	16701
14268	14518
18268	16869
4043	8318
9895	3069
756	6957
252	8634
5406	2407
2157	16070
8929	9830
12085	610
11738	13297
14829	2488
10842	12125
5884	19600
6368	11378
2753	316
3062	715
10110	19089
14815	12658
14522	6252
9178	9831
18667	3542
11026	7842
13961	8574
1932	12151
13555	12181
7097	19036
12225	16802
19277	11993
18307	1373
14880	18562
18480	3743
6094	11999
15025	7656
5779	8791
16335	11999
1171	15027
2444	7533
4324	15958
12918	2825
10613	3641
10204	6957
10804	849
9428	5770
11890	16518
5045	19457
12378	6957
1970	490
13400	6217
1225	6930
17069	13314
11270	6324
15739	17956
12265	15798
6550	1499
2200	16877
9743	16415
17379	13452
12087	2914
12258	7508
9190	1324
16240	7277
6401	140
18278	19639
8662	18258
7900	1428
19474	18375
5238	16545
7480	12134
12882	7012
11568	5899
12932	13131
16570	4324
6046	9812
16385	19096
10663	4847
3658	11553
3641	17102
6345	1298
2916	8567
17722	12827
3498	5558
7821	11866
6094	5127
18417	5660
7180	11667
5175	3681
7920	17278
8270	1623
12416	5199
11758	17507
18699	11767
13485	11767
10564	10112
14480	3251
5890	7066
6408	506
2113	18007
1995	8826
3908	13594
18677	6928
3042	1222
6722	6333
6408	3840
4185	18359
8556	14019
4142	12654
13540	13871
14020	14688
15511	3534
149	15326
9828	14698
15511	6590
14810	7949
6046	15962
18432	12040
1441	15945
7876	3500
15975	8962
5987	2600
11330	8
10080	8015
7315	11040
604	104
11926	5066
7573	16118
14855	17890
1356	19380
18168	17684
10027	9335
6795	4854
11308	7743
939	1683
16197	16165
14011	14147
11876	12631
3662	2924
19444	9545
5684	11768
9015	722
2631	3384
18110	7672
12581	19188
8070	14273
11308	15763
397	3264
15511	10033
17846	14404
7482	100
7885	4328
15120	11829
1745	1981
17426	13291
8821	12283
1397	1193
18572	4737
5901	7949
17098	11011
12787	316
19713	17312
10124	2340
10589	9762
3870	13469
13936	5455
18015	11398
12534	2293
19106	17248
19	2281
9325	9030
13878	5506
16589	558
3617	3664
7405	5142
16726	5343
2093	12546
18879	14282
6257	17870
16677	1046
2388	12710
4031	1774
14295	10056
3431	3967
17715	1534
8158	1638
758	11869
15899	8700
8270	7618
5249	11578
4800	9541
10809	6300
5126	10906
14001	8687
15154	8249
12583	12070
17243	17643
3016	7076
1171	9375
8356	17385
4142	14477
2489	14704
7977	1871
8014	11570
13628	11149
173	18340
19007	11389
7081	5177
13350	13011
5820	4877
12225	9969
16526	5360
8071	18814
12366	14455
3571	16473
14174	5566
11465	10734
9939	8135
13350	18432
8070	11421
12265	937
8041	13212
8583	9303
18458	11136
6464	12330
15370	7372
14337	7520
3305	1172
4965	4955
19317	8962
15871	8571
19050	4444
6437	14484
5884	15316
17076	9043
19474	14365
6402	11590
14699	16633
6790	12252
11425	7076
14273	14853
17181	13599
19299	9039
10613	15275
15957	18
8614	6878
17032	1263
10763	17644
8538	17014
3946	14671
8210	4791
7135	2540
17486	6930
5814	5360
16142	17979
10070	6118
12702	4631
2104	3103
6368	3255
3537	3740
8371	2370
6510	8122
15406	17929
11670	14418
11589	12211
12061	2962
8104	4376
6437	18701
3661	9601
10063	2952
7417	8561
12500	5857
17093	7450
8305	12761
19194	7526
11943	4725
3396	8236
18966	2042
8929	15594
786	1243
18455	3004
9294	16518
15207	17045
11638	13027
2936	18496
3298	5475
8401	8644
9485	8882
12019	6584
9490	19064
8535	1111
13144	19023
10781	6227
17439	13310
15187	7595
7391	7923
19281	11138
10081	4732
5096	19222
19690	2922
5451	17991
4480	12072
12130	9891
6795	4725
13458	10983
3694	12960
2505	10710
18870	14720
3169	4445
9644	152
10195	18197
17276	124
12389	9275
19275	18178
35	16061
17331	10697
17301	6093
12439	2128
16726	8302
891	16528
12042	5795
2758	4890
672	2150
12037	1981
16852	1101
11053	16988
1462	7318
12258	770
3778	11144
14045	2189
4436	2866
15813	4417
18328	1964
18312	18774
10656	9941
11535	3799
17989	18619
8849	4570
6278	15118
13286	3191
15428	18509
7514	7722
13617	8318
11568	12300
18110	13211
14709	7038
11514	7826
19281	17449
2118	16462
15151	6454
3646	11844
4333	17800
6312	5697
11317	15935
17023	621
14132	2353
18525	742
12828	3906
14425	2150
18132	2692
4915	10959
10983	16862
15370	8474
19275	6505
7217	7333
12647	1921
4906	6963
4735	14218
1014	3111
3385	722
2180	4612
7306	12369
3129	18604
17671	8635
16891	13154
2444	17191
12445	18541
9273	16433
10070	14731
8597	8317
2235	11123
12682	12848
7698	15306
18677	12590
14882	5406
16254	2293
10875	10920
11819	17021
9732	17540
5674	3506
3926	14556
6487	4733
7159	3807
8873	4031
4603	16590
8859	11525
3952	13696
18773	11381
18597	374
2385	15659
10737	9033
8373	11950
18572	4668
18356	11710
6795	5891
8306	7986
8356	9240
13560	7659
14415	9393
8989	12295
8305	4140
5808	6510
15512	12999
10878	4720
13460	4951
9907	753
15312	18774
6368	19179
895	13760
11317	3915
247	15262
19382	19167
3715	6349
6526	1093
1208	11167
3932	1943
17379	18599
6331	15085
11668	13759
7240	3728
2707	14574
14593	16019
13961	18084
15390	9272
937	14792
15949	15664
19073	2939
17980	16164
8512	11432
6340	12158
16230	7076
1739	3382
16756	11308
16265	7673
3223	4625
12949	5631
15244	11191
3340	19600
18132	18563
16056	18004
17421	6010
12042	11411
6882	7458
9795	11767
10222	17856
11554	7123
886	18327
11162	534
5406	3092
10829	16573
7231	4819
16775	10401
3379	9877
12093	14464
8512	1536
6378	6716
18387	1676
4560	17178
15817	1093
25	17371
15224	8306
2337	11260
16197	2540
2235	10038
14488	14096
4731	3465
15542	11037
15408	17577
252	15135
4025	13204
3223	12165
16821	12128
8744	18508
12191	2413
11378	1895
16682	18767
9034	14077
2105	17486
6476	11836
5890	9323
18791	5682
11283	9230
12057	7420
13350	18348
3933	5806
18014	10865
17661	13212
17798	16055
14000	19293
3412	5208
178	19024
9940	17634
2930	18159
13458	15167
16855	770
15427	4915
9351	14275
7617	4059
1322	8178
11425	14010
1652	7076
14953	8594
9402	4661
13290	14232
17225	364
18907	8691
18608	8169
4072	15129
5788	15249
14435	598
15758	12685
7445	6125
19520	12671
10409	1619
12585	4607
16578	1989
9444	17192
17215	17748
7135	9766
7457	3092
3500	8489
14014	7040
13563	3473
555	6604
10858	15204
4653	19288
17254	10219
2768	14700
15564	8496
13446	14466
5741	12788
10507	4899
13936	14162
8931	19530
10511	12524
14020	15196
4810	13727
11270	1654
16577	17176
8635	6590
16046	2417
18755	1498
18740	7986
14301	17231
19214	6028
14599	10650
15905	5675
9943	19664
1913	9901
17592	6632
15564	17526
3305	9903
405	7767
13408	8279
17548	2104
2177	15969
15012	15087
12497	17605
13024	11653
2309	9248
1664	13366
18922	16730
14514	4365
10366	19587
2766	6010
7274	2532
2353	1338
5230	10119
4223	3685
17457	14864
1171	13369
13936	11768
4595	4643
8551	19124
10856	13992
7768	18212
193	9208
12445	7397
11496	8621
14566	12726
1922	3936
2867	19518
7560	9576
12449	14335
2415	2046
12118	12157
19523	4768
9322	1956
14878	785
14914	10862
8802	4267
8809	16641
15427	10045
7724	19389
1209	1443
16742	18396
5230	11788
13971	12217
14182	11538
14333	1488
3714	17697
2693	16945
17388	9489
3464	3547
9150	15746
5664	8503
3274	11545
9084	7868
6722	10105
16423	8375
5664	7076
3778	12135
7214	16335
12991	13262
10410	3088
19240	6957
11635	5419
16931	19132
12258	4204
1204	6725
16984	8301
7451	8717
129	721
5575	1078
6442	17981
19675	722
7899	1069
4214	3530
8102	18657
8790	11322
17465	17454
10935	2226
7445	5468
8425	11864
9106	6693
2738	9027
13619	6857
7695	8170
12945	2135
16784	11750
13069	10892
11285	9157
16404	8802
7601	8627
18430	18257
12035	2035
405	4740
19400	348
10983	11844
19530	11624
15915	12917
12534	13478
2409	15729
2051	16041
178	12265
6312	15927
11804	15406
2738	5210
7457	2504
7445	16318
19614	704
15152	18582
16682	3139
6943	10180
11593	4128
8125	7080
11250	1247
8357	12130
7029	16518
2172	19334
9928	8428
18110	268
15012	9156
11176	17958
3762	7603
3140	16421
14139	10650
18424	12348
4273	17219
18962	11691
11224	163
10185	16775
19353	11755
4595	11776
14948	11592
8497	9179
4433	9604
18599	4086
1879	11336
12986	4726
10806	5884
18907	15409
2691	12091
18568	12292
13971	7378
14406	2596
1347	15184
9814	15697
337	1363
4244	10191
16682	17480
2333	928
17512	16550
11771	14059
11789	15037
2252	9500
16419	18409
16265	7779
2577	14085
6451	5239
17980	13177
8909	6550
3390	15169
15198	16085
16532	16552
15262	1645
6192	8211
4732	16397
78	4723
7624	11244
18143	15181
15953	3858
3908	8949
9011	13190
3851	17082
19717	15916
5387	8702
1988	10476
12378	10594
7113	11964
5238	16827
17807	1378
7127	16360
5678	9917
14807	18725
4942	8177
19523	9428
410	1686
17994	18276
10527	7744
3091	10722
16589	13047
4915	17142
14333	13257
501	7253
1906	6369
12606	7076
6417	5988
3363	5091
6367	19555
7955	13191
18524	12637
16503	18725
18270	13381
18608	14266
14557	7075
18597	3587
363	8015
11698	8567
2105	14766
2353	4625
7391	12109
13400	9435
224	19184
12828	7497
11580	14373
11525	5468
16786	412
12414	6443
9485	14530
16165	15370
3678	4546
8583	18048
16425	17824
15859	12151
14001	10509
5406	13049
19617	9745
7920	4168
3426	5731
12965	17820
17745	15763
6102	6134
13144	11754
12628	4586
3542	16514
8873	12292
545	12181
17426	138
17082	10934
3650	18307
9069	12904
7217	18623
19620	9248
5090	14335
12414	15646
12012	9897
12450	7455
600	19632
10124	13183
397	10958
16048	16718
786	7378
4049	1596
12647	19613
12581	19323
5788	8674
10763	9030
8930	13854
11797	16225
19	14119
13619	8802
305	7301
13628	15952
4213	16894
2942	11351
4770	9795
786	18014
71	15440
13628	11305
9558	5360
655	19646
14940	19123
16829	13854
14514	13554
11911	6165
10831	891
2382	1278
16742	15374
7007	950
14405	2150
11948	5682
4942	1960
17254	305
3500	12777
17130	14108
16567	17644
14922	3835
7560	16906
8466	3271
11273	15306
4603	15655
15012	9431
10959	7076
16090	11329
6368	7372
18110	14793
4032	5468
6501	7767
16534	1981
11930	12520
3155	16314
17418	16247
12155	8857
17804	6998
13907	9607
2177	15921
18904	14507
17089	8307
11419	1258
13993	12808
17421	5073
11819	14512
13560	12861
18467	12040
14102	1775
13069	4116
18110	7770
18472	2417
10866	14256
6510	11056
11413	815
15198	10408
5788	19390
18524	9601
11317	10862
4731	8749
2505	3116
17157	12252
9579	16976
2333	16432
12979	999
1141	10500
1167	15774
2693	6943
14815	19692
2767	1394
3756	1299
3517	19284
19251	10386
11833	6985
10397	17007
15198	19714
5605	11136
5542	6658
18046	6363
3462	5895
18899	11922
15813	10052
18184	9222
2399	12977
15901	9922
17642	7365
6233	12570
13755	6322
10983	18276
12606	2971
14880	12263
9325	5980
19391	1142
13309	6269
1347	11175
19611	19637
1303	18316
12585	12009
9837	18124
17143	8237
13826	10734
5155	6147
11631	18964
7799	10107
4811	13565
10419	7808
604	9917
16502	5250
4725	10948
5573	18178
17174	8066
17959	7060
18823	4959
18695	15317
15678	9564
9788	10894
9500	10584
12378	2134
7592	12070
10426	16054
19525	3110
3695	15725
16469	12746
588	1241
15813	18824
165	14678
17729	6603
18312	2376
7858	796
15785	44
14406	16372
5948	9462
13784	9218
18268	7019
1947	10524
10063	3242
19620	1101
19281	13796
11790	2737
12859	14485
11491	8802
577	15217
94	19430
13661	15408
1458	11999
4934	7654
12960	457
4094	7766
6368	11929
11315	12082
4764	12103
7302	4724
18526	12976
10527	9178
9678	19327
10352	7850
1211	6957
8456	4893
5737	8781
14790	8416
13555	12623
7668	14982
16645	4898
17391	5402
16973	14326
35	6953
9845	1904
2186	15004
14439	10680
12089	7594
13233	13959
8094	2357
16904	4283
13309	6212
19315	3783
1866	7443
4121	7253
19049	13548
7231	855
12467	17761
6442	12285
8929	9820
1458	18184
7518	6890
11630	17929
3056	14392
4078	11884
18595	7007
18333	10891
8968	19312
15433	4255
15279	18957
15535	16252
11283	8986
15565	9372
12821	13341
19251	534
7243	7063
4455	103
12742	13829
9962	5563
448	16518
16532	11171
6783	18084
10409	7883
14071	2117
18608	401
6488	2672
8859	5468
15338	515
15143	10220
3762	17509
2909	2279
14352	5219
16197	7776
14945	1881
16514	5869
14587	17060
14401	18184
14957	9282
8893	15018
3785	11624
1995	5431
7889	10156
10986	6770
15813	19704
4142	312
17361	14771
17042	10561
5763	16010
19587	10571
16644	7250
9883	16897
14882	12848
17418	15910
9536	8479
16448	13775
19281	12031
6442	18939
5566	19639
18454	17572
1800	16093
19713	12619
10502	10611
766	13519
18971	14468
17729	6822
9078	16518
7173	7486
13309	13794
1397	19638
19551	7335
6483	4576
10204	9801
7741	18898
13740	10191
8069	17431
11248	8133
5674	10401
2103	14831
16686	5866
18872	12146
3183	13262
11506	9232
17191	6765
13508	7745
14371	18113
8008	14052
19614	13837
17517	8611
8456	19011
11580	19346
12628	1094
8261	16831
10829	9686
18432	10166
1422	12759
12467	2248
5299	11575
15657	2962
17645	15467
8305	3740
16086	19240
13578	17752
8929	11636
15212	18338
14609	7063
11373	10622
6234	15708
2432	11999
3404	15369
17482	4120
19391	11365
10070	1684
15164	12195
10933	7237
1771	10422
2423	11131
2430	3019
19420	15851
17846	4648
11833	5420
1273	17901
11283	9654
11123	4120
19620	16247
6463	17277
15859	18928
17642	15523
12102	1323
9412	17904
10486	8363
16618	1776
2826	17568
13659	12829
10538	9888
786	13288
13309	16702
5919	1751
8466	3128
11911	16679
830	17163
12038	6110
19646	7743
7577	14594
5076	9906
8201	16093
14880	10440
10397	15664
16239	13939
800	3867
16526	7981
8456	10849
10825	2287
4043	4733
1918	4280
5228	4435
2992	8408
18333	8887
5153	2995
16752	13846
6722	16655
17621	8349
14709	3239
18677	11465
7127	78
16346	10500
11425	5360
13684	5226
4813	17332
1008	18983
3363	3660
8371	13333
12311	6526
5168	787
9678	5524
2337	9513
7058	3376
14596	2916
4142	288
6368	15940
11078	19127
4682	15458
16275	7669
11085	15860
18819	2914
16436	3742
11254	5853
14594	16518
6671	7303
5981	1931
9322	13908
8013	11338
8621	10401
2489	4895
10734	2764
8886	4318
4954	280
7534	5732
5324	1354
12556	12640
8929	10842
2235	7168
17450	14264
19520	19606
14945	18826
4658	4740
12892	8645
19251	10776
704	10047
9120	608
15444	17278
4332	17955
3586	2769
12399	1484
18637	13222
97	7501
2891	16496
245	9963
1304	4588
14132	5947
17583	11705
13152	2955
6566	12732
14480	19168
19477	18709
7672	16518
16564	14942
11315	1923
7457	12265
16200	4189
2103	12900
18482	16432
16509	7177
14097	14585
19241	1706
6637	10512
13194	1498
2680	15294
9412	10855
11926	13333
2545	7237
12390	15757
17174	15278
15286	8639
8357	16648
12971	5927
15983	12769
14435	2502
8894	1972
173	13845
15467	10767
15741	18363
17511	5969
4426	13184
13641	10959
9463	10929
19620	7689
8305	1413
25	19667
3074	3153
4906	14838
6539	9865
12737	18640
15271	10487
8102	7076
16656	18237
9438	1529
14785	18262
15489	6803
2709	516
15967	6010
15446	5396
8219	7113
2680	11269
19223	4546
16702	14132
17187	11865
13416	13310
18702	13390
11413	19659
15519	16648
2992	12412
9821	2131
8699	13412
3169	6010
4021	11999
2081	15579
12084	18277
13506	11021
10610	593
3385	7159
11616	520
3113	9675
17005	7566
5171	17000
11166	19110
5176	16961
3321	19285
6539	2825
2540	19667
6861	18184
16197	5375
3701	19193
14683	12938
10884	15235
14301	11574
7417	2088
7302	15002
3931	12431
3192	18531
14406	7400
7217	3006
786	7874
18788	3794
3879	4723
3762	2685
14424	12400
16197	17418
3117	10934
5880	6642
956	19282
19112	15188
10091	2232
7617	17250
4954	8963
14480	6319
9613	3938
19420	16919
5578	10639
5919	4628
3923	8963
2826	5108
13560	4020
19	12694
12044	14700
11168	11218
17715	5413
15741	2706
14425	13078
2444	16197
5493	7326
772	18604
18110	14573
4408	2913
3140	18178
405	1224
10070	9227
4885	14647
5916	11407
2680	8135
3209	6327
3016	19395
16931	3228
3650	7798
13869	651
16324	16775
12635	6093
2680	18448
4603	4773
11630	16121
4856	14009
18788	18246
12845	1913
9190	4353
17692	8318
3425	9434
68	16396
6442	2898
2325	11829
2470	6428
17734	8879
6437	5017
5387	10571
78	9275
9106	11722
13024	10277
6728	25
19079	7785
10382	6797
15975	10487
15774	14508
17972	4884
8200	4939
15813	5880
18740	14404
14106	6101
1435	3384
19251	12255
3282	2259
5884	8379
7071	2433
12286	8833
2418	6719
25	18304
3879	10590
3014	6383
7578	14480
15859	14348
15511	530
15356	10550
9828	4772
11506	2105
870	16299
8325	25
6539	7704
15719	8430
2527	13854
6733	166
17661	1088
18209	16487
3657	2612
13111	6198
9131	13529
2033	7856
2802	11256
689	3965
8104	575
4565	16406
5485	13211
247	1644
4192	6984
16129	5813
11283	9533
11078	17843
7302	14281
11704	17126
5490	12138
16665	16316
7885	1333
11162	1306
2693	11636
11378	12316
2228	11310
13607	1719
5423	3109
5880	10983
15342	8612
11319	3713
2105	12640
19317	11777
15221	8287
7391	8508
6513	3396
5329	10617
18923	17001
19338	4543
15212	14577
3270	15752
254	17126
18409	2104
12038	7688
2423	7359
16984	12895
10057	14024
18921	1162
16377	8887
14855	15414
11248	6797
14158	6998
3880	13341
13088	14659
4121	13055
3694	11421
17866	14256
3262	18060
12787	10896
2177	2453
8150	2530
4880	15417
13784	1043
5197	14066
18266	14796
10070	13625
5573	8135
1167	19485
7285	11051
13144	6198
164	11143
9671	1331
3479	4996
18747	10770
17225	6227
5105	18617
2678	13169
18360	9218
15511	14219
12997	11667
17604	1674
3931	16035
9767	18446
6648	4659
6865	15092
16540	7268
11009	3017
7214	2429
3183	17100
17985	19222
12606	3331
1273	17929
2919	18176
4880	8088
16316	16453
16427	16218
219	13101
11146	3646
8583	6514
13995	19409
8643	19621
16079	3928
9054	4611
6394	5950
4913	1813
2429	7470
6169	9227
16478	10187
14295	1716
13775	8026
8104	2258
15356	6046
17205	6619
17959	18392
9788	4436
9774	7076
13024	6359
5231	6948
9233	3079
17486	2629
254	17181
1995	5608
17336	14838
16488	18364
17061	2131
8919	1422
9795	18533
19255	15549
13448	11483
16275	8742
9312	16335
8950	6565
4038	7868
11743	8349
9412	16648
1435	8957
11710	4782
1837	2000
18432	11064
19275	851
178	12792
17373	4360
4656	2493
12828	5774
7071	13749
17023	1481
4977	19639
12925	16518
10083	3232
8138	15753
13144	12640
13536	5024
15552	4494
9106	16747
13460	17247
1946	1568
1718	17818
9263	14423
14219	13038
3178	15659
15648	12026
2119	3863
16516	12539
2113	715
17254	410
1013	5803
7296	14270
19713	7477
14132	17668
3373	6884
2680	6532
18074	19698
3211	10454
10910	8862
14071	6239
1866	16829
6102	12495
19271	13012
2177	17559
1883	9068
3039	14838
16589	17873
4687	12239
13826	10016
19329	11851
16419	6723
630	16282
16089	138
13230	3524
11315	19396
11926	14585
14742	8286
14694	16943
17081	15134
3646	6924
1014	15418
4527	9363
3647	12242
18572	13577
17486	1458
1507	7879
7217	13206
3624	10447
15804	2937
659	16518
7617	549
18383	2961
6423	14913
2738	15708
17139	2476
4043	4687
3854	17191
17592	11856
8156	10912
6293	14099
17511	12036
4692	13854
636	15736
9852	13857
10341	16661
5090	17250
9960	13728
13024	8892
10763	19569
1211	9888
3169	8992
3650	122
1844	2661
5504	4635
17215	12191
13096	14165
6463	4607
1167	19587
8305	12503
16187	18239
12948	19132
13978	16366
2611	15376
1216	12681
8069	2457
16656	15352
16012	10518
10950	10863
18488	9688
11261	16775
4880	2046
16998	13293
12653	8384
2753	3261
4992	16555
8331	187
19444	10392
258	10800
13306	14404
14435	8031
14325	6493
126	10581
17872	9475
577	16943
16350	9766
8695	7750
13024	13230
8159	2796
16575	12926
11525	2105
12366	2812
3023	2395
9095	11670
14083	11539
2105	10021
19073	18393
8593	9601
2304	19030
15813	8135
3537	18805
14252	13187
13978	16315
2813	3792
10204	14060
4053	17771
15212	296
17073	10500
15813	742
8373	4924
2105	4232
18158	14926
14709	13986
11945	6040
435	3147
11038	6980
4731	7123
17301	7255
7960	506
9322	15737
10774	10294
14774	12926
10027	4739
19631	134
9511	13692
2029	8057
12044	18862
6488	18048
13826	16005
7024	1781
10419	9806
13657	9439
18118	14807
19338	8292
15414	13141
8103	7450
8456	15227
2004	12938
13940	1257
18362	1766
16644	9616
15392	11195
4380	14618
12798	4869
8306	5545
6293	8362
17191	9649
14217	2453
10878	7580
17692	267
19611	11942
14664	3181
12310	7782
19460	16443
5423	12507
1104	5618
5788	13056
3865	7408
12084	15769
12388	7013
1984	12623
9841	14642
14587	16230
18132	5146
7880	5964
8392	2062
1152	3716
6553	6755
15180	8475
2409	6250
4731	4687
2351	19420
3059	16817
6377	2438
11437	10324
17809	8645
7180	16123
19584	18288
5381	18760
492	7552
786	656
19073	1864
17426	9917
1240	10193
7315	6249
10767	17539
2606	16134
13460	19686
11773	19231
12084	4929
13650	9614
18328	5533
16056	841
558	1543
2119	17082
16702	17067
14478	8960
2826	13867
10134	9885
1264	134
11100	13736
305	1215
13704	7657
18332	10615
5788	1025
10204	2866
19520	15546
8239	11791
8432	9206
17800	2866
15414	2114
9644	7672
10638	16701
3096	12701
5633	16549
16165	16247
18922	19530
6728	16441
19126	19522
17745	13307
2491	9138
13777	13238
9551	7248
4065	8279
18312	6430
8140	6170
4731	12265
2337	14401
18015	8747
11491	7076
12333	6871
17761	11197
5090	9385
8356	13211
814	12125
12689	5492
4450	3594
9300	12408
6795	16441
1171	13133
14437	7795
13418	3950
1303	16002
17511	14936
17744	14666
17088	16919
13684	6252
15286	3704
15760	16268
16502	9770
17421	2311
8929	15785
7141	9852
18571	4899
1291	8633
3867	11626
6566	2998
5653	5
4260	6873
4116	2216
5737	4093
2505	12065
18053	4292
15370	16852
18706	8697
7428	10931
13770	5478
16711	3590
18480	5621
11146	7504
14020	15016
16786	5837
16510	17984
4388	7780
8626	15385
11568	16035
2598	8823
14945	8786
1793	15083
19391	1644
997	10013
18819	7450
18217	3122
1347	3377
7858	8517
19240	4791
11123	10008
15564	2700
16599	17144
18333	8749
19715	18338
2611	6310
9965	10526
11819	11493
4259	15695
19611	12431
15950	3124
3537	507
5019	9513
17889	13120
14807	16453
19530	17093
4324	14794
6510	15882
8086	1097
15912	316
19306	6087
6368	1404
10240	19479
4783	5142
11196	7524
1104	15188
604	17554
12378	13871
18357	9286
1303	12145
3464	6603
8381	9850
17483	7805
8280	6860
8109	2530
19496	7672
5086	8255
11166	13035
18276	8319
10734	11606
3092	2540
4658	1909
15312	11834
13607	17040
12563	1632
251	17460
6947	516
5880	1498
12067	7372
2509	6383
2606	1111
4444	2493
10974	3915
15616	11795
11844	15841
10750	684
15899	848
17089	16852
5445	15516
3305	3369
5856	18719
9382	12651
15967	3377
10612	17324
17762	18761
10866	11576
15760	8410
6683	14723
9928	15747
15023	18293
18923	19504
2635	5917
1507	16328
2353	11754
1889	10040
7751	4910
5171	2157
6943	5580
17957	10414
4765	4263
4491	715
8219	10471
14014	8211
14855	12673
4031	7019
7168	15685
6313	10436
1721	15562
6437	10173
17006	3295
15912	2407
17191	9140
9393	1377
6795	12154
16380	7019
18354	7497
3096	5159
2831	1864
14303	11286
4410	14755
19425	17993
625	16661
8715	5596
2266	3587
13056	10178
12540	6005
10879	14629
4732	8992
16745	12768
3496	16237
18424	13625
5092	11174
19011	2707
18357	1879
19477	15233
1473	16012
13508	11929
18458	3051
5896	1654
13350	2483
15221	13461
5987	14834
13555	3065
14774	5331
3311	16474
19051	9945
8305	15757
15446	18774
10355	10662
11261	18184
5916	18350
9264	5914
1321	18403
9579	15966
10379	14838
17023	11111
9190	17469
3582	18167
16904	14301
17157	11913
11285	5020
13662	16606
1886	11552
1879	14008
8305	13211
5614	18268
13607	9418
15719	270
14399	16316
1264	14273
11980	6336
8370	10064
12146	8026
1651	11934
12044	12817
19051	13825
16677	15109
15422	19288
15312	15931
19247	19558
8103	7374
2103	16712
8006	4600
1124	3406
17990	13397
11106	10221
221	15912
5109	895
10461	14984
4142	8671
15188	17862
604	2159
2738	7265
13024	18999
766	5704
2309	11586
11100	7779
10620	10664
13540	18278
19106	10931
6229	3640
19558	4237
9943	1742
9322	12928
12155	15071
2942	5644
4412	8800
12622	17200
1099	15481
3116	717
13684	19383
7451	13857
12089	2954
13704	12436
8109	8574
17846	5980
892	15609
2388	15408
11819	1757
756	6677
10718	5734
7254	14404
7141	450
2391	1644
8104	7123
16677	597
12225	4984
10695	7801
15370	1498
19509	487
15198	4505
10419	5187
8102	9654
1007	10288
2766	3117
18442	16845
19073	16667
3678	2909
17897	7400
4153	8504
19125	2798
19455	11011
19713	18134
13251	14941
14091	1588
15416	3124
16821	13162
1339	13621
6570	9093
8200	18327
1886	13338
15338	12924
11162	11851
6471	8603
8239	9396
5573	18512
7445	9186
10313	2874
8929	13567
1521	9608
4153	9158
807	14396
1922	6410
8306	8295
12225	16024
4397	7305
405	15278
15040	8648
61	3626
1907	9236
17972	11071
10374	3835
12038	921
4128	916
16784	5130
16399	9174
3564	3957
6086	1617
4192	17087
8635	11216
11329	10784
5252	11382
16405	5923
15564	13855
11387	4000
11211	7545
15058	13404
9485	9817
4510	16647
18637	781
12821	15013
13228	6736
15967	9840
19432	6526
7672	11892
17770	13381
5045	2139
16749	17542
6046	16335
17709	8853
1875	4912
16649	6210
9458	18725
5092	14965
3727	13122
16230	9654
1362	18742
9795	16518
11043	11943
10275	13854
836	3175
14855	5483
5230	1393
14325	8631
19613	3594
17903	19710
19567	8307
15782	18857
13641	15774
4354	1443
15356	5038
19690	5675
19455	12290
5048	12312
15033	12015
18454	2744
786	8835
4180	9783
3150	12347
13290	5806
6646	17833
3902	247
1066	11459
6192	15900
15813	1460
19620	2629
15511	9437
7890	8487
9895	17789
14646	13854
2391	12636
913	3048
8923	19460
5402	14077
8539	6845
10886	5633
5423	18268
4213	7526
5919	14877
3879	12234
12986	770
17815	11375
8556	10775
12581	10594
12933	5869
11317	12036
19338	5581
9480	16555
7428	3588
14594	16174
12161	7673
10444	11617
9167	13736
18184	16976
5722	6325
8593	19374
1664	5596
12879	19539
8041	5581
12148	19151
18046	12252
15416	3279
8046	2784
11803	17022
7969	17473
17972	6968
760	6212
1521	10226
13792	16492
2013	9387
10553	9157
15813	3147
9705	15774
4985	3013
16423	7663
9332	16181
19073	6742
17040	1654
6999	1219
10204	12265
3170	4281
7135	10854
10520	16225
17482	458
18792	2264
18417	18184
12702	3304
8464	2611
2113	5733
8972	605
9868	17523
14314	10022
16577	7158
17418	11064
14363	17854
18713	14898
3313	16880
566	367
7641	1909
5014	17347
2051	19413
4740	10356
11844	4576
16665	9671
2888	15113
14882	7959
1171	14262
5451	1235
422	17186
14914	13603
11162	8003
8843	12363
16578	4665
18706	14892
17930	767
18921	15848
17396	18278
15356	3942
13295	3625
11980	16600
435	19127
4410	13679
3117	12446
3059	2658
17592	10258
5314	1111
6423	10517
7503	17156
18261	5899
17006	1548
14210	1730
19051	6839
6234	6856
17897	16297
2680	1022
13784	9144
4880	2310
5884	2273
2930	14218
10983	1498
625	16320
17761	8842
12265	16071
8450	1509
18597	19460
16012	18157
8343	12306
10027	10255
3304	9452
5567	11559
2642	16027
17038	15159
14097	9081
17901	15511
295	13935
8821	10642
4896	15135
397	8682
2172	16574
877	7676
18059	2407
10564	1788
1837	19392
16176	3631
8695	1948
16488	13299
1066	15014
7214	10135
16346	10246
16254	2591
3801	3883
10520	16578
12805	10414
10806	15976
17734	2841
4426	16342
18046	18958
13775	11790
18300	19033
9613	12900
129	8366
15888	17037
2004	17271
6510	469
3326	4585
14071	944
13006	14038
1336	7805
9878	5522
17426	15763
18823	8444
7617	17318
13993	7152
13152	15837
7739	13652
19697	14373
9321	18551
2814	19248
18132	7801
15416	3413
9190	2328
1156	4079
18409	7131
16570	9654
17457	17066
4256	4687
2415	16769
11425	9535
7503	12645
17212	2105
6098	9679
4116	6841
16488	12914
7217	3001
12712	18438
14824	6781
15889	11375
17790	15062
17439	8963
7724	7789
3412	1353
7214	18819
17187	14197
2013	14771
9485	12252
6368	3494
16346	7048
9954	3688
16515	6570
1156	3799
7441	5041
10366	1072
12191	19450
8692	1981
10984	14838
3778	1871
2936	9467
17722	5359
18410	16463
17772	15823
6152	1363
15867	3784
1677	17540
10091	8119
3714	4469
68	19587
13709	10697
19620	6198
13707	18714
3762	17274
5606	2849
10063	14751
4766	2365
13560	11911
3902	10539
8140	13840
6257	8651
13228	10917
8815	8635
11937	13538
16455	7805
3150	4412
3701	12468
19317	3089
10275	18941
15813	9948
5096	13493
612	13536
11283	13846
3183	15107
3615	4406
11911	11511
17082	6658
4596	18918
15512	16623
17418	2180
17426	18246
15170	316
8123	4429
1889	16115
9644	15837
1340	14256
4053	11809
18312	13990
3782	8163
17388	6076
13290	7832
15949	16247
14273	457
3516	11056
381	18124
16506	10288
13212	999
19386	16165
16532	3586
1220	4613
6973	12402
15888	14099
6085	120
7259	18705
1264	7019
4595	19504
12389	8883
16339	12542
11535	12623
14692	11842
6697	14280
10019	3875
10912	11699
12720	8210
19715	16485
19338	12265
3988	19639
2415	13910
15076	15225
1789	2506
6659	13333
17807	9766
5763	17399
11283	5210
8597	16687
12647	2370
2606	10965
11668	8802
8514	14995
535	1296
8526	12875
13295	17181
15320	12801
11510	10051
12296	2403
9264	3734
704	14569
1940	16197
2105	7450
15631	12865
15719	14193
449	5450
12118	1827
13961	5385
11465	9157
10276	7945
4520	11433
6442	7280
9485	1644
16829	19649
6814	4217
7889	9446
16587	11197
2421	6008
10738	1046
1928	4215
3149	13854
4256	575
7077	4109
7712	11013
18664	14089
7675	11802
12388	13114
14815	1676
8744	1024
17212	5633
2941	19447
8239	16525
2177	14938
3926	1422
4810	316
11795	2046
13971	12250
16150	6252
16240	13668
16346	7225
14337	379
735	6363
8305	8241
3711	10939
9740	3329
18041	6301
5135	1641
9928	5438
19601	19028
19015	18237
2415	7652
3092	2064
17191	16917
7102	5410
3715	10601
5708	9014
10637	14639
11673	9888
18784	7327
6063	4595
17665	4486
16021	12696
17139	11709
3396	6382
19584	3437
4913	18639
2309	17212
8123	8279
12960	9925
3138	1580
4732	1172
4072	1785
16239	14174
8464	6227
18521	18253
9239	14028
14807	4721
18300	6424
15488	14926
18110	13070
3690	6057
13709	16948
8028	15115
15245	15484
16324	11369
9343	9197
9511	14269
17341	10155
1254	5452
2105	7451
19637	10166
9536	15199
9661	6523
11026	15234
13555	4088
1965	17121
12702	7980
15813	2549
11285	2924
18966	14585
11532	18402
10933	643
10852	13633
5493	16588
19614	14508
18533	16766
12752	13854
3091	9651
3274	5841
12945	11365
17665	13846
5249	5071
14882	11472
2606	12490
6085	13890
11162	13195
16426	9626
6407	10287
14231	1212
5791	3357
12647	18800
2444	5633
5664	16518
2119	13887
13993	13207
15859	14176
786	2899
9758	2393
3970	7595
10081	17016
14012	7866
1922	12743
12	10069
9485	9199
19460	5468
9795	13576
1104	5404
16409	7325
6417	18457
18131	1406
14505	8007
13584	14480
18832	18811
13617	18452
12061	9157
17174	495
5950	19508
813	704
7438	2105
17465	3557
9838	12958
515	18115
12130	17507
16243	3213
5132	4628
13231	17496
17945	8686
18599	13284
14296	1
15422	9323
13657	6723
12477	13183
13382	9131
17704	6529
16089	17554
7480	17903
17361	15444
3289	5608
3926	15018
9167	843
4408	11151
859	12673
3641	7338
4121	18503
9678	6662
6049	872
8739	6515
12311	12680
11327	6809
14899	16269
11771	5843
11804	2921
17904	15870
8468	9654
2103	2982
2598	7931
17743	6276
5808	7420
9412	9221
1930	19562
6437	17496
10083	19657
254	14110
14644	7002
3326	4559
8823	10509
1458	9158
19338	999
18920	7156
17169	19466
8700	7100
3150	1703
15739	5185
13083	4060
16455	12674
160	16212
18144	4528
8450	467
13704	16550
2753	9437
18736	12306
13684	6787
17649	16472
252	11825
15362	15714
4817	10703
6509	9786
12802	6096
12443	4775
5779	18900
16345	9467
11756	13345
15012	15874
1264	15417
17517	8057
17379	5089
9242	15837
17157	1870
16440	5028
19146	14667
3390	12219
16478	9146
704	14508
6155	14443
2520	10118
6563	14729
3246	11723
11994	4151
3187	11528
11580	5933
2118	14358
3385	337
16167	10358
15975	6636
14408	6212
3851	5838
17279	17903
13024	9354
7457	1411
2409	18178
449	15982
1264	1310
14742	18604
8270	8189
18411	4299
15003	14420
13755	8802
10774	10969
8887	4687
4444	3173
7467	12702
16855	2643
938	8565
10856	5625
17261	3881
1462	10303
1913	14944
10806	430
2309	8859
4666	3825
12971	17925
566	4496
9167	9601
6107	7998
6718	18841
4732	14188
18432	2218
3902	16870
6464	17780
160	6245
4388	8846
3793	3738
1099	11408
2013	6622
5970	11002
13966	5316
3701	5658
7100	3060
5309	17539
6046	13550
17545	16839
8385	5115
9267	17574
6542	15708
16555	8702
15813	16531
9393	13539
15971	18157
12790	14588
11944	8611
17744	1152
19423	10331
8621	6962
9305	4352
7217	17166
786	14423
713	15413
8929	14745
2506	13558
14405	17016
18361	9900
3715	3186
14252	887
6482	6243
743	8681
15193	8731
2177	15308
4442	18958
15813	5034
738	19637
8102	18460
18132	9689
16165	4657
9339	2106
6921	5770
7218	19034
15012	8546
16526	13727
5754	18581
1879	19233
19271	17313
16377	7123
3066	8569
3418	17357
14371	80
13822	316
18310	7450
8497	6940
9801	8310
17977	731
8458	4490
4725	8948
1205	211
16852	7470
14829	13465
18792	11746
10998	8234
13873	8467
1138	14432
17648	1647
4009	3748
12265	13857
14314	2414
13161	17154
3557	7318
1947	12350
18110	13751
5406	1177
15170	15057
9957	268
1016	19707
772	19357
5716	9864
4142	2005
13993	13659
13755	18440
4658	6889
600	16518
8512	18148
15464	15585
19281	14510
2175	15913
7135	7839
8802	15774
6783	6045
18747	5283
13239	4206
6311	2147
8138	7965
15818	18447
7943	10861
9075	10776
2728	7662
1655	9186
16148	7584
15356	5434
15370	14418
10483	1335
10751	4663
714	7523
19020	14265
3163	3919
3762	17507
10774	16518
9644	13581
7312	12751
15316	10166
10886	9266
8200	19184
7266	17437
147	14477
11283	10299
18228	7702
7920	5911
5582	13648
6508	18952
16656	3283
15316	13333
4142	16795
18526	8619
2768	6412
14106	2807
6400	7723
2157	6276
16532	316
6394	2696
15263	5481
2294	13929
4426	14412
19331	7672
8195	18246
689	4979
16350	6768
16409	3906
6377	2519
12822	10063
11378	6957
12500	18925
9298	937
11333	7674
17889	12975
16726	16537
8772	15955
15198	3856
18712	19040
15320	17516
4977	5838
7168	17003
10637	15590
16350	9799
9425	15366
5573	16613
13326	13435
12854	561
3015	18155
532	14156
14683	18246
11944	14885
2028	8278
9233	3586
4094	11011
15209	10705
13940	17517
11737	3380
14505	326
602	13660
14314	18509
7933	18226
14106	2229
17361	4100
4499	13230
11289	5682
10690	3368
16243	17202
668	2370
4009	3087
5788	5318
16020	11647
3464	18834
5919	8132
3113	5808
18976	5899
11162	1282
760	11754
12576	16809
16743	5243
7029	3805
10409	17019
19408	4627
15316	7155
14810	7019
13391	14913
4153	6094
4783	12139
3248	2469
13971	11411
5567	12814
2738	12615
14080	14270
9714	13854
8913	8455
8212	15690
390	11301
8551	11730
11283	9027
13359	1878
17541	9158
2028	8506
14807	12386
11378	9513
254	14480
3701	843
12585	19070
12161	5199
9219	14273
7	14597
6571	8818
2916	7824
6483	15203
7726	18781
6331	1363
5381	16042
2678	13133
5806	2569
18110	14921
9402	9766
19281	12681
7411	8277
7093	12623
8818	7143
14328	9030
19251	6339
9805	13459
5445	6545
4687	7223
5664	11365
15414	9389
17980	2645
5176	16306
1655	2831
2953	9508
1211	19613
931	15569
17139	13109
1014	18619
14127	8768
13232	16282
15511	10504
11333	10856
7109	2017
4038	132
10950	5063
18403	17915
1792	6273
13559	13919
16079	7335
9215	13287
18403	11525
16742	394
532	6624
786	7076
10021	3594
11423	15406
3618	3661
12388	4869
1301	11599
18017	8246
5814	481
5788	6003
5664	13370
5916	16833
1171	8802
8270	13009
786	13213
895	14484
14043	14155
13152	12998
7830	7018
14071	1244
790	8359
5542	785
6882	1350
18661	6484
8350	1656
15542	15757
8873	6227
15221	1111
15356	16247
3106	9340
6236	17078
11319	16379
11926	12647
1721	12810
17739	7055
12653	10802
19241	17731
11679	4222
17696	10794
10139	18506
843	15262
19646	12065
9969	15966
5092	12204
10091	2534
9732	14491
2350	14077
11737	9493
3025	12122
19523	10500
8950	17926
2647	4209
15143	17508
4658	3082
13683	15774
5848	18595
17793	4368
5678	18071
16836	7888
703	18776
3484	3116
4560	16697
7866	16228
16403	7785
11525	9265
8692	5520
7873	3915
1695	8704
12333	6543
17208	13273
9263	13811
3425	10357
19072	7066
4333	5072
6943	12383
8257	11061
11679	8436
7899	13732
13144	16965
4559	900
16532	1781
8123	18909
9644	10896
13631	17313
6542	18925
4230	14047
7712	4929
15719	15931
12156	8866
18923	1245
2584	14312
14953	16466
9215	6222
9490	4366
3998	4514
1573	540
10842	14952
19717	15398
18699	6252
4569	1121
7	11011
18238	10422
10750	1995
3475	1455
19558	12094
3541	6528
18975	9496
14213	1981
4388	16860
15025	992
12892	2552
7081	8962
4717	6404
15338	18774
12035	13113
18907	19031
16079	9158
4657	18689
8930	7076
12149	6997
7173	1170
3919	13566
13460	4966
15575	16913
3516	6515
10404	6644
14231	11425
18110	7507
8931	18292
4043	14404
14020	16507
12145	2701
1104	6039
1528	7207
2066	4588
9301	2772
704	13854
5324	8022
7310	15708
12798	10500
6357	3121
5845	4734
5154	1270
15212	15373
1253	2769
5309	3751
11317	9981
16200	1975
17088	5991
19214	4046
7680	3890
11844	2370
5090	1588
19322	705
5791	1229
2554	6899
4798	8351
4735	17216
10589	17303
5970	1854
3778	9654
4685	5880
3379	5658
3431	11710
18755	11281
3677	13874
13777	7420
10070	18458
5381	12509
295	4376
18686	14937
14073	13926
9548	11279
10886	19023
14071	9057
16487	18509
15975	9103
11819	13133
4985	7400
4167	17158
9034	18122
18599	11520
10315	6616
12669	937
11829	17217
18636	5547
6156	11117
19480	18663
11631	15505
8261	165
12532	6067
10983	9365
19496	15365
10620	13356
17057	9569
1156	4745
13744	7089
12653	16420
13350	2866
8041	2353
8370	18451
1600	11029
2415	19486
8692	374
632	1904
5995	19219
8894	4707
12175	11365
604	11029
13998	10468
8989	14859
8846	12345
78	12234
15586	1683
4426	19692
17396	3931
16756	17517
16469	4166
18455	8372
704	1440
2228	597
18110	18375
6417	3629
4450	10226
1143	1407
719	16518
19477	18560
7969	1981
11421	623
19375	7420
6104	6911
4480	6024
3870	11117
6688	4552
558	18651
16197	1655
18110	10911
3715	2139
5858	13514
19281	10179
5995	1666
11270	8081
15416	541
18655	15708
5324	10480
11354	11054
3289	16733
6376	6258
19251	9930
7739	16874
16499	16236
786	935
13174	17216
18747	13636
13230	14705
9849	10644
16086	18107
8456	10736
13083	768
14855	2255
786	699
7693	18071
12991	6025
17981	3629
17583	1290
15085	10510
9743	13705
14683	19638
18878	2311
7071	13402
15033	14994
15648	14994
8458	18167
12979	15887
1211	13403
10460	9040
1988	4822
13228	9919
405	18203
2851	15708
18467	17654
11261	14132
3373	9085
18545	18802
14071	9361
7451	14737
324	7131
13839	9873
12044	17925
6451	3664
10856	16042
2930	12702
8456	18850
7296	19243
3661	14425
2192	9978
6842	1430
4214	1575
1855	715
10355	6488
1683	17476
7969	15887
8929	16223
14287	3855
8356	10300
5108	17026
11349	2029
8859	9748
11232	16518
12854	7228
8292	16071
1678	2370
18809	10392
12149	16702
3329	4292
11670	1981
8167	8199
5906	13854
10718	3188
14399	11650
15198	5702
12918	1529
858	15863
18357	14870
8512	3732
6509	15229
15388	7327
10086	3594
12286	7761
7866	4809
254	17183
7374	15964
18310	2105
11283	12729
9634	4124
7231	12824
9939	11269
11043	13383
8280	10414
2382	12444
756	2629
16534	4111
11926	1909
6285	7019
12202	2613
9760	2367
13418	739
5445	4786
16049	1683
5998	405
2309	5468
11085	1004
7617	18121
17421	14737
15023	3080
18110	12424
10222	704
12175	7779
14790	15747
11668	6153
18442	11310
8929	2541
4032	19620
9678	19524
1984	8506
655	2937
16904	7736
2545	15305
10315	6896
11196	369
11285	12634
18276	1981
2606	17158
18571	6614
19275	6159
2758	1358
147	11457
14478	18186
4556	7323
569	18965
9878	9917
8816	13212
1156	6556
17410	8372
19338	8211
15012	3315
18544	8122
14311	17654
16469	6571
10124	13133
3194	2503
8094	5646
14217	16569
16564	12793
13096	10922
9617	8831
8466	12900
12227	11897
2432	17701
13295	6506
10690	16076
14230	5259
2621	1144
7003	8802
8646	3535
16399	9998
846	19074
3373	4079
1392	19289
19701	4268
15811	3380
1458	10135
15047	18221
16263	6871
7451	4625
7029	13183
10275	14302
14295	14604
17219	14837
18703	8856
15511	13924
11833	10201
15147	11132
756	1101
19565	8760
14903	8683
4880	8765
7751	4867
17649	3350
14425	5360
11123	4863
12679	19405
16780	18949
18158	16722
9190	19513
165	16365
6067	9831
11568	4116
4344	1582
4538	19510
15177	19384
8392	14666
8327	9237
5094	9122
18270	4648
4657	19639
4165	11543
9131	12083
12256	9498
2566	75
11289	11248
4319	17184
7240	4899
1208	7076
15733	388
3144	12024
9931	16071
8456	380
12822	8509
3657	17736
1721	1678
6488	19379
13015	6326
7313	17309
2506	3917
12635	7744
3442	15262
11327	1649
6942	15282
8580	2874
11387	10972
14069	6034
899	15858
6570	12788
8545	3289
8351	894
1745	12594
1208	342
3879	17051
1634	18642
11425	9601
17800	9513
2505	19197
6943	2969
9054	7095
16150	4292
16405	10893
5490	4744
9322	15379
13350	438
9928	1447
15128	6980
14741	17290
766	13851
18497	11981
1965	4015
19501	18007
12191	12245
16089	9815
12225	10307
524	17384
18966	14404
1581	11056
17208	8161
5869	7717
18040	9947
3902	627
15244	1072
7302	5690
11922	9844
1683	12914
18664	13691
16251	14591
10170	12642
9619	18400
14437	16755
193	10543
15884	7044
11670	9373
4560	11406
10495	10152
7743	7113
9178	12520
16324	5707
14011	11451
13892	11934
12118	16679
15678	1091
939	7949
12414	15280
7978	12585
14217	1250
5275	9787
12191	17903
15626	382
3701	8259
4129	16746
4075	7969
17946	9157
587	1075
3274	14819
16101	10602
19713	14525
147	18036
19073	4929
6345	14704
6476	15757
10974	9654
11698	14806
9845	7531
18386	2835
13777	2085
9957	868
17745	11178
14701	8922
8276	4891
4545	14577
604	8420
18524	8922
17889	19034
16378	7021
16086	2407
17511	596
6233	10008
10774	11614
11166	13643
4560	11262
3240	11679
13555	3278
17465	16904
2584	1191
10204	4648
6368	1498
8062	222
12311	15006
3093	7076
8535	13216
14399	4483
14805	1961
10984	16976
14295	12841
19073	11782
11943	7131
6366	5998
588	18842
15322	15284
633	769
16523	12645
1634	12157
18118	15432
9618	13523
11631	17907
501	10435
16423	18148
6539	1190
4820	8899
14425	13680
18608	465
2598	16204
12130	10588
10538	5581
18361	6840
337	11360
4965	664
15550	12435
6067	8954
11162	9853
15212	576
11598	4505
8614	5430
535	16520
15198	1909
1940	5434
2847	7975
15198	8145
8930	762
3448	588
12556	2866
3236	9399
17254	11817
4167	741
13096	8303
17093	937
2797	3885
4942	9604
7518	3680
11635	19402
7821	13963
5958	13138
18488	1183
4094	3351
15198	5849
19460	14618
18041	4863
7617	16943
11421	8766
19162	1338
13446	12749
6655	9056
8305	19033
18840	4663
7135	16247
16534	8717
4527	12784
9035	8908
15244	17151
16086	16308
5299	1298
719	15882
15761	11548
15915	16453
17681	6564
5019	1246
15774	13221
2944	4908
7313	310
6063	8411
19614	11001
1884	5885
4032	17093
859	1742
16488	18458
17592	7064
15975	312
15957	17012
4016	6532
9382	15980
7665	583
4863	3757
211	18114
11496	11969
10379	12228
5168	7097
1970	7275
18870	13854
8843	5470
11816	17039
6357	16313
1450	2706
16855	15705
16632	15612
4395	4135
10488	13854
986	6730
12326	8790
1443	6577
9190	4127
1664	8044
9242	14562
17977	8943
13753	7039
1528	11229
15587	14226
5547	14073
9339	1443
17143	8208
14020	9309
16891	19668
18877	12547
4334	18809
18228	15054
5402	11592
786	19347
15160	13258
9463	15763
18272	2114
7697	4182
13161	4917
10124	11374
15813	13813
16238	17486
15025	1363
15534	1110
17100	10959
15565	10221
18386	7949
15629	12425
4510	6290
15180	16681
7457	2167
2266	7236
19614	2387
14924	7076
3934	2417
9425	4339
4256	1877
178	2867
2444	15832
7685	960
15414	1542
8233	2597
12628	13384
7563	9989
3555	14520
5328	3509
18717	9183
12979	2506
7375	1367
15719	14747
15681	11804
670	4497
8736	403
2831	19626
870	9554
7480	633
19520	8557
18112	10175
7739	7481
14624	19595
2732	11247
17023	15190
7046	353
12414	13862
8736	679
2114	5534
19106	2160
294	19140
19026	9972
18557	9430
585	1297
11819	12811
1184	18833
7561	14475
13555	18596
15262	15509
14274	13904
14807	3693
7411	5382
17006	7195
14045	4289
6096	11260
19551	17846
12204	11731
9660	1397
9928	2603
11123	6010
9969	9494
3630	5590
12394	8853
2693	7482
8978	15136
17619	9344
14289	8169
14940	3594
14060	10135
16165	4518
13348	16225
13372	15887
10057	2046
14662	5030
11003	7865
689	2698
19701	15447
12037	13142
13744	15659
18454	18804
9720	15027
7617	17221
5230	3206
18615	19492
2768	4805
8356	18300
5008	9635
9042	289
10884	644
15871	11682
14252	3697
18929	12970
6437	15708
12266	4831
1330	9101
15286	8477
17703	17680
15152	7076
11925	13658
14295	6184
16639	8705
5499	17100
6442	1294
2505	4585
12787	13089
14594	14868
15550	19427
8626	17472
8846	2013
19275	15810
14890	17168
4803	158
13391	838
7602	742
3630	8090
7274	19403
2584	9626
14097	5066
1040	1761
3016	16569
7663	2274
10983	18107
3762	11069
13607	2295
165	13570
15012	7527
4657	4615
6808	15987
7729	3835
19331	16518
3695	7672
18677	2519
535	999
4896	12339
5981	14989
17388	8313
15193	13809
612	2508
9393	1834
18430	185
2605	2438
18278	14737
16377	9549
4343	4270
10222	11365
5737	4486
5585	5675
693	2761
13755	1503
18966	19613
9990	4831
18740	10135
2188	7663
3161	2411
600	18652
6233	16667
8514	16369
13839	1093
3872	18237
7899	18034
5737	10543
19464	14718
15147	17140
7313	9969
19092	12946
10063	15266
5411	16550
12679	14845
8816	4977
7241	11741
3920	13360
18417	10934
7081	6290
16377	9140
12150	5147
7291	17898
5158	14732
1209	14318
17143	6743
17994	18107
5606	2978
17329	6389
5779	8491
4783	16146
2385	17518
15147	3292
8069	14581
2163	12183
17665	6400
9917	19288
6065	16934
19501	10221
10970	17097
7173	18826
17243	5682
2606	11748
12979	18123
588	9433
3859	7937
5663	8314
9938	17235
2304	1685
3289	3596
4732	15493
10269	2216
15313	12181
19251	15281
10649	10724
3630	17951
9075	5196
18233	5580
2121	6660
14102	16427
3607	19637
1171	16224
3646	13458
19526	18019
5076	19002
15446	7868
18383	3295
10409	4998
3172	18604
4556	7422
10070	5253
18703	12181
10718	10004
11554	3421
13560	2566
15187	5044
8441	18104
8859	17082
5366	12187
9740	7985
6071	18564
5423	1980
10367	308
3425	12830
13619	7363
15582	15260
13936	11442
4906	2353
12930	3831
17426	5605
7	18190
10613	3
243	13760
4451	13538
1439	2758
16101	16113
17965	16493
7081	12904
4971	6589
11330	14073
8597	3208
5153	8591
12689	12649
9322	17621
5886	11072
8041	6982
3015	5204
17910	9546
4992	12664
10045	2974
12932	10642
6738	6834
12628	4495
3793	15111
18677	325
756	4551
17187	12181
9613	15234
1928	17335
915	8804
17006	16654
11003	16064
18554	11955
19520	9535
1141	16851
3529	5591
11926	1640
2429	2042
10817	102
19	10494
7617	11034
8929	4290
8401	16368
10564	16329
13555	12233
3483	10671
17710	12716
8056	7203
14986	14097
16742	18675
6401	17035
10091	8970
735	12590
7097	6180
7046	10398
3014	6037
4426	2571
14210	8847
8839	7743
6233	50
9130	10414
12263	10771
14875	5173
15393	8655
723	11978
9726	11029
11378	18740
12606	18964
19162	18307
2225	3983
1330	7849
15905	9495
17945	17947
12378	73
937	17616
17205	14048
11743	4787
15164	1960
11386	10504
15552	7446
9305	10971
3727	16324
12386	19497
3533	8832
10553	11466
18557	16688
17744	13463
13670	18178
5791	358
12057	18127
19690	19248
4817	2659
13144	374
1837	12555
16478	3892
17471	10418
14406	10953
2271	14083
15889	18347
11498	4628
13978	2070
505	9572
5019	14058
6764	11427
7146	8796
16551	5161
786	15486
11797	7986
18482	15928
11970	6714
6378	4721
13083	9791
6099	17118
2906	8644
19553	12379
15542	5867
4880	6010
11333	12187
14242	5360
7173	2117
9393	9945
8923	12165
15408	7524
2004	623
17486	5452
19523	4445
12038	8525
13096	9038
12067	8797
2942	326
7739	3035
7602	14300
6646	11260
13873	15659
877	1880
15721	3997
5045	16783
12296	1672
2121	16706
16440	7143
3178	6752
5559	4952
13408	11562
18526	6356
188	474
10070	13554
4286	1081
11498	12640
12013	16112
14596	7824
14086	18985
9671	108
11413	4055
10064	16411
13041	7007
4286	6355
17205	17128
19012	19553
5970	15486
1528	2874
3390	5134
7312	11842
337	6737
4603	12469
8497	1868
10081	9218
8846	17011
15949	9158
15354	1981
1301	7397
8371	18899
10341	10189
8086	5980
6550	6310
8320	18348
16142	9356
7852	4559
14683	13625
790	3022
16784	13908
2388	3559
6285	316
9957	11310
4717	9423
4576	2046
15975	16679
4520	2777
4346	16518
2177	12104
7058	13167
745	6331
3138	16463
2157	14205
949	10514
4658	7372
8458	8431
13869	5605
9118	9269
19699	4176
11532	19144
12390	8234
17645	3761
2635	5274
19266	8698
7405	13943
10275	6790
4657	14832
10527	12975
6795	13584
16955	17909
397	1909
4072	398
13458	9323
2049	7336
2664	11479
8929	10166
17244	10420
11794	12498
15012	15620
2235	3895
11317	3109
6427	158
15212	2005
14480	17183
1156	19070
3077	7329
1984	17549
18588	2976
6542	153
17787	3693
2409	7565
2983	4302
14391	16282
740	7191
7751	19120
18910	19348
5901	316
11501	3771
15899	14669
8004	11876
4913	18058
3324	12848
1303	18253
13978	12484
4735	18115
17465	6337
19011	15435
3851	11889
16335	11942
8593	704
12118	18670
11939	8802
8730	18122
10783	6930
18333	17486
10290	785
4053	15926
4499	1021
668	5261
11146	17929
15356	1952
16012	5039
3627	11842
16855	7884
35	12545
6046	12165
5108	1684
5108	12374
10748	2155
14012	8828
2119	252
3373	15190
15576	19508
17866	1994
1204	3384
15681	66
13114	661
15960	6146
9634	15674
2228	14784
6099	9626
5296	18287
11670	8135
8041	12431
9418	9437
7549	9469
17215	12765
15733	11129
11176	16886
19060	11367
9167	2014
1259	18194
12821	18912
14878	4312
5393	537
2554	14530
8456	2058
620	11600
3298	16518
5808	4052
15444	16817
19329	7720
1156	18246
587	18965
17774	17100
18131	4687
10778	14487
891	9716
2177	19392
11307	4716
7943	372
12570	10972
10202	785
6753	13900
15813	7991
15390	10601
2409	6616
1345	6459
11498	13383
5633	14669
7969	5468
16516	16306
18333	16289
5730	9222
16768	5653
5355	2405
5806	16074
2083	10943
7053	6133
16532	9589
15785	6277
1156	802
15271	902
4160	11410
15835	13785
17972	11509
814	9158
12191	4257
4906	12431
1345	7923
15629	708
18740	16035
17057	3597
15648	7744
16260	5980
13771	14696
18565	17026
17959	7516
17739	19648
8400	14904
9343	9601
3762	3874
11433	15366
17688	16441
9644	18244
10613	5965
8893	12904
1810	17660
294	5904
15813	13604
7315	11305
16056	15857
17793	9992
7955	10694
11638	8234
14962	4240
4332	3693
8159	5357
18554	103
4075	13436
7180	18392
18276	3651
758	4960
2334	18326
4776	2762
17006	5334
6842	17741
19640	5222
5906	7554
9190	819
19262	4233
2175	8606
15212	1689
17904	19637
10613	16099
7830	3810
3135	18262
15975	9
2693	5932
1955	9149
7741	6163
8849	5181
19640	4836
2983	16034
17804	11029
12258	534
18921	11509
2930	11199
19214	17606
8621	4863
15813	5859
1259	950
13326	1472
786	18568
12847	15282
5126	13854
2769	13105
6046	10345
4344	15406
14014	3199
16564	3246
6368	516
19525	12039
16052	17791
3811	15467
12932	6982
15615	9406
12286	13022
14406	10106
19051	16537
12979	7450
11807	477
5788	2712
8818	1855
188	4785
9548	897
8583	10314
19255	6475
10463	18578
9931	14190
61	12520
2635	11452
4223	17134
5845	2326
11419	18049
8662	12896
9714	15262
9558	4546
12366	13092
2294	11159
6104	1030
3665	17653
9190	16280
16048	13746
10043	14218
7375	15528
1301	6447
3657	5533
12399	13727
636	5505
8117	6654
13869	16995
2421	2452
14774	6343
4520	8290
7300	1093
12149	1455
8831	17269
17361	19599
2566	11425
9905	15163
9901	10983
2423	15135
11816	2282
14609	3492
4480	8762
14653	19637
8052	6683
9577	10076
10576	574
19146	11487
5381	5899
15139	8135
4292	5117
13675	18276
11301	6921
12653	19521
15885	2752
13088	17189
18717	1904
18951	7702
8327	11646
2192	14283
13631	13368
19375	12975
12218	1459
10311	6010
13428	4718
18677	18565
13875	1863
16448	15636
17351	15445
11496	4863
4286	13200
18740	14737
7601	3600
17903	19674
7969	18203
6728	13114
15859	10251
17804	8937
15268	3308
14333	3893
19403	10834
2487	2643
8831	2981
1782	10389
4625	5693
1640	2042
9801	6957
1005	16306
4835	3263
5845	10894
8464	7019
15177	16687
7058	12252
6063	12134
6229	6128
8488	19516
15033	18521
8541	15298
18268	12914
2540	1829
18553	4442
16262	7394
14514	14423
3952	5129
10806	9140
12258	16704
1952	4128
8150	18084
8688	15371
2577	13824
604	16557
17904	14132
18357	4279
298	11767
4242	1461
9868	13854
2002	10642
17450	1140
4858	17771
9837	17813
17081	18952
8929	15677
10817	12500
4038	17559
19525	7714
18497	19035
3847	6322
4595	12613
2813	11261
10613	12459
14314	8701
8909	3109
5605	15481
5641	14353
16345	4149
11598	16978
3412	11988
3059	3105
16881	15121
9758	12379
10984	2866
8929	8334
8621	15366
7858	19151
11330	6165
8790	13948
5674	5838
19613	5980
14406	12942
3701	12623
4185	4869
13246	4522
6172	4687
15212	15854
3464	6845
15362	2588
11003	9279
9233	6000
7127	15717
19391	7325
7093	316
9190	18177
15164	2078
16931	6659
435	5677
19267	18824
17108	965
1944	7893
11795	6590
8929	663
17396	1211
390	6010
16012	13871
8155	2552
748	3740
6304	11649
16111	5886
4075	12149
15950	1363
9485	10085
11354	12008
18300	8802
11263	16486
12701	18212
18819	1350
19251	14013
12701	11667
719	6205
4880	15135
566	12641
18046	16181
5814	8089
8645	11335
17278	16653
16214	4831
9035	17126
5916	19272
12386	253
9938	3153
19601	17838
13284	12208
11373	13422
19403	2150
16648	19073
11283	15753
786	11741
2885	13731
4603	10283
18819	18541
13391	14420
3662	11865
6542	11910
985	16759
9957	7930
9678	4790
16551	18004
9732	10044
14882	8350
384	2961
4587	7607
10027	15236
15760	1370
10728	11033
14699	4996
16021	15136
767	15282
14293	5762
6437	698
18018	8408
8056	5264
9365	1366
8909	16869
11078	15973
11252	7345
16852	7062
8432	2662
17336	1101
4241	1655
8103	12178
7375	5295
2083	4846
636	14239
7602	10951
13555	16854
4817	19362
5856	11956
10379	937
15377	15993
14401	103
7616	6860
15128	6346
17548	4612
19477	17160
5902	12306
14314	7662
3715	15216
18198	19411
18158	12014
4173	14482
6687	2885
19688	4358
3163	6524
13134	17664
1683	316
2444	11461
4560	12927
16109	14820
6795	8145
5684	103
12500	8202
1912	229
12386	6532
8643	8867
8159	14903
1853	5869
7405	3122
1886	4372
6697	6393
18755	16136
8069	17107
17181	3251
555	557
2527	7058
17671	3261
986	12650
8929	2693
15337	1262
18772	8922
12821	9572
18747	12241
7663	12975
8325	16441
18648	15768
17081	9824
821	6800
4725	14487
2351	9473
4121	16518
1940	14838
362	19089
985	15358
3498	5816
13669	12520
8456	4707
2728	3224
18595	5877
12805	10114
18703	19674
3777	1932
13578	10984
16526	14325
18788	451
12682	1654
19050	10844
10070	1193
18442	8802
12534	7073
14480	1627
12916	15779
17214	1834
13822	12484
7302	9375
16852	5491
12	11729
4380	19460
12042	5062
16254	17577
5168	9350
18975	13939
449	19102
2691	5285
14945	5012
17061	9223
6046	4732
4465	6413
12084	2629
8056	12418
13978	9704
6368	19666
12191	1922
18228	19040
1853	10846
3762	11229
16346	6332
3998	10571
8238	13446
18772	11900
13978	9932
15212	6191
3385	14043
15263	6560
6927	2874
9726	19447
15316	13494
12183	17058
15446	1501
9263	9917
252	6918
9412	4375
672	13465
3442	6464
16826	10998
5737	3776
9577	10597
4072	6374
1800	17628
7287	16025
4334	6295
8013	2772
10507	13224
17972	12652
5296	2548
17678	12103
2444	9812
15279	7717
16086	9462
12378	15203
2606	4167
16742	6230
2505	12013
16197	3001
16586	6709
16017	8135
19098	7421
10014	8648
7739	8942
3793	10771
193	4638
5970	1904
19015	17880
8626	7004
10553	18790
1264	16661
2022	2109
8138	7058
16516	10362
6865	3740
8138	9872
3305	1056
6690	6928
16975	9831
5633	6839
14043	1456
1013	9496
19049	9125
9362	7881
11945	5866
18526	15396
2081	10980
17254	13005
2304	10287
16756	7748
17093	7236
558	11725
3140	17100
16021	13554
5109	4670
17038	2036
4032	2629
12188	13850
17800	19639
2225	10715
1970	7938
14231	18051
15012	8333
14174	4000
11911	13187
11378	13385
5229	4170
18857	19532
410	15589
8894	5188
7217	6447
8251	13952
505	17892
1216	18565
2418	4175
2423	6536
18951	11481
3933	18573
9035	18451
5806	8527
7217	601
7889	14997
1143	5947
9383	17577
7667	2519
16516	18959
11926	1895
15356	17548
10204	3587
10733	14619
18494	19359
5299	10197
10998	4104
2418	17460
4569	2730
18015	12797
807	11065
15564	11178
12556	6212
16779	9418
8643	9275
6312	13261
12389	10772
3183	19285
3274	14113
16975	4833
12443	6987
10064	6317
18870	16696
71	4105
4142	3222
13400	15029
17243	7437
2489	4162
188	7188
13174	16199
7246	14483
5880	1410
2766	19053
11100	19391
18268	8259
16239	12445
16992	11726
10275	15654
17696	7540
14594	15001
15782	16673
10014	9885
9805	3507
12637	16603
4560	11815
18704	1765
14287	9452
9322	12443
10222	5250
1273	9418
12149	16441
11608	3135
11263	12922
17069	15363
10656	884
719	7354
15467	15826
15279	8698
247	11365
1906	5762
2738	15774
16599	9193
3799	12938
17486	1455
1524	1373
4679	18615
10763	1407
15047	18625
8929	1582
16455	7871
8041	1238
8514	3791
18703	8057
6795	18302
14594	3581
3714	9227
11224	19650
14337	16889
3727	3039
1581	18766
13560	10979
512	15410
2353	14766
15813	10545
13617	7123
17991	9158
17169	309
17191	13463
4094	10885
3223	13863
15223	4486
12828	908
387	5345
3305	418
7549	15359
1435	6725
16050	13529
11833	2671
5880	3681
16916	11195
786	4299
11027	4264
13822	843
5547	13318
10751	15282
5117	11225
19534	4209
18040	15213
17379	8159
1303	11998
5788	16918
1886	17905
19530	11556
1347	4115
18268	19261
8000	7
9069	11619
13875	1365
1341	17882
16534	9513
7081	4637
8244	9360
16021	14683
2519	17026
17715	10749
14880	14470
14855	12960
16419	11733
7214	11378
11077	13487
7611	17826
15899	14766
2606	7772
9300	351
9788	17724
9215	6943
11737	947
4527	2343
15813	11229
9130	17073
16567	103
10091	5453
8685	15937
8821	6586
3934	5686
16747	7113
18973	18337
7135	11929
3630	8029
7741	6531
10774	12995
11037	9547
7217	736
5230	17725
5812	11365
3042	806
3902	11750
11319	17111
11248	18601
2611	12914
10379	9888
2482	10552
17191	5633
12752	12428
15813	4514
16129	668
5663	16135
15949	9700
18014	4789
18131	16289
8929	10753
772	18153
18608	2216
324	749
13607	12807
15143	14608
760	10894
4527	2297
12606	10571
8859	18409
5880	5533
5847	10717
17715	13932
1721	10660
9425	3039
397	7630
5090	18095
4725	14400
7503	4191
10656	10889
9060	704
10998	15708
14243	3455
11077	11955
9957	14897
9106	16250
1443	14552
11804	846
12019	10983
3248	17294
17980	2663
2235	5375
4778	16574
5730	9391
3138	7798
9233	3652
12202	3657
8809	19487
11319	10582
17040	2693
17182	12041
8357	19698
5381	7145
10907	3964
8422	3173
1273	9227
19051	16549
3298	15757
8497	6188
16931	7341
17745	17784
2353	6198
18018	4977
11514	11180
15813	1064
1988	10935
1913	11095
17517	7717
17619	11379
15370	514
3774	13072
2461	10662
17439	12431
9343	13854
3677	8035
2631	12843
8990	3451
11621	11838
16197	11525
8621	18522
17631	4701
6102	2341
3859	4696
15575	19177
14425	13978
8072	13567
13998	11488
14389	11599
1171	5596
5451	1088
17522	15165
2577	5971
17082	3587
16275	16604
16494	9621
12679	15069
18158	13446
10866	13904
4031	5984
5902	6894
11802	19647
4784	518
11123	8307
18684	13156
3096	4963
12821	10795
6293	18936
14587	19683
4343	10843
13083	12297
9438	895
1138	2937
4596	3900
25	7763
10831	18282
4167	4321
14880	17767
3650	11064
18198	18615
7014	1618
3865	1937
3479	7508
7482	12228
160	9584
19356	18021
11270	18285
8305	5394
8468	9136
13191	704
2188	7420
898	5569
11804	4576
7168	1655
17800	19230
11937	5295
18602	9028
13246	4640
18430	10791
8441	14060
19329	5943
5763	4527
15467	4745
18283	493
11798	7357
15292	2909
2919	14079
4725	6590
6278	4684
10628	14284
7743	2933
12647	6957
8458	2952
3625	6319
11921	433
25	4024
7624	15795
8041	6888
830	5176
7391	6830
8526	15578
8373	6994
11419	10761
9485	18117
14389	17191
10033	14706
8556	17392
15194	10414
16049	12623
3607	17194
7159	15928
17846	10512
12689	16537
14490	7250
5076	6333
13563	14800
15517	3516
7007	13167
1171	16010
16821	4664
13448	6946
252	7155
8849	7672
14174	13185
15576	2542
16977	11411
9339	16116
7969	18104
6646	3927
7217	12506
3091	14290
756	3822
3535	17854
8340	5003
13374	11152
6842	1696
8539	5182
10204	937
4813	15593
13134	8704
19084	12068
535	3305
14001	11946
18717	3438
1171	17459
4213	4761
17604	8733
16176	11938
5176	11109
6501	1864
14408	15445
5750	18441
15337	17110
2230	9490
12145	6725
11053	5912
165	5922
5542	5886
13978	1397
3714	18895
8373	1655
1264	6227
3641	9988
7014	4384
15147	15541
5351	7275
17191	7672
13114	19526
18209	9561
15511	13194
12181	15053
17762	12955
4560	16763
3396	17198
14295	9924
16506	2706
7743	8057
14624	187
3209	19685
1458	5372
10778	6590
1441	18307
5663	13535
1156	11136
12089	3586
6765	7839
2606	3938
4043	4628
17522	11249
2200	4266
16214	18606
4241	10105
786	6724
5445	1012
17191	5846
5986	19557
13333	785
8626	9851
10750	10316
19530	8292
15975	15
7169	9969
4173	13677
10806	19230
15902	18964
8066	15417
5311	4361
3923	14404
2728	2098
13657	1723
14950	17820
8371	10135
3952	13201
18198	5336
8630	11412
5076	7458
17421	4332
12263	2082
18706	15841
19125	8440
18717	17195
3931	6957
5575	7076
898	7390
433	1024
3379	16825
14408	18513
12878	9518
13290	2324
1678	2105
5808	2789
5216	7724
15582	12072
3396	11129
655	9479
3639	9425
465	14480
16589	13346
19520	12994
15758	3871
757	2827
13359	1528
19584	1051
19713	17476
1104	19112
3920	358
1984	1683
9312	2506
4827	3787
5247	9484
8698	12831
9957	17893
11212	15108
15224	6022
4625	103
9042	7563
8456	5647
18920	14586
6401	16306
13056	15183
7411	10515
13966	6725
15761	16997
786	10120
2693	17118
18312	3810
19275	10487
7561	3257
19126	4149
11146	235
10878	9080
8138	18097
9641	6925
15489	7076
15971	10747
16150	1048
9743	7076
17007	16377
18361	9313
19051	8318
18168	7248
6107	1328
3169	4858
3999	12164
17301	14983
3009	14493
8070	16834
11758	16446
2071	19625
11844	14178
7445	15769
16702	5913
14328	2866
6345	7635
18333	12640
2186	11754
814	5937
19555	16996
7821	2872
6331	5049
1711	16601
25	17518
3727	15445
3438	15656
14213	10135
5901	3835
17985	14493
13657	7639
11973	11438
15813	6167
16423	5752
16775	1254
5919	5633
337	15755
6795	8723
16502	4195
6068	931
14777	7418
5459	12376
1335	16943
6463	4700
2642	11239
8818	10394
15741	1137
5520	16921
18261	5077
1340	19613
1913	4661
3498	2445
10748	19453
12387	3859
18592	10678
12057	17423
19551	12316
13619	14563
1184	17736
17793	12844
14880	16761
6236	9499
6368	17625
17772	16441
6085	3915
15187	4895
3059	15974
14020	11275
3952	17134
5880	10244
6948	11218
2642	12662
2418	2720
9962	15644
3571	15169
3799	4469
1837	14700
15813	16532
6722	1655
166	11089
7995	10741
15039	15240
758	9518
5247	3708
6313	18235
5847	19029
7135	11064
8373	12284
14890	9324
10763	4625
5297	8249
17329	5916
13460	12361
18014	11158
8351	13951
4798	12345
15758	16093
14043	6570
18966	1101
17486	7964
11623	14778
11501	8525
5958	4825
1458	12511
6406	4024
15047	13808
19717	14255
12986	18876
16575	7374
18294	735
11635	2219
16891	7923
875	14888
668	12889
8422	12691
14767	3205
12622	5
604	13780
13359	3382
2159	4443
15957	901
19611	4483
18233	13407
10269	17257
3305	17055
8674	15295
3624	12068
7712	17135
8327	19222
4603	1926
4880	15841
3667	14905
5445	11384
17722	13367
5953	15467
15885	7150
10455	9167
1435	16524
9343	4377
6252	14588
6655	19705
4333	7131
15867	10498
7641	2429
13691	326
5814	8645
13552	6010
3154	17029
19611	937
899	12623
6099	9418
147	17488
14080	17039
18524	18604
14746	96
18018	17212
875	7023
16275	4355
4283	8864
2766	6919
4388	1999
19026	3855
6566	13082
4657	15602
740	19147
8306	7155
4913	131
2029	633
12517	8127
6500	1708
18017	19679
19520	4195
17511	12484
16089	5244
11496	6889
15888	12228
165	18177
15446	7213
15315	12219
3793	14003
14480	1228
9351	3884
899	316
9294	4208
9298	2713
6539	19457
10213	4831
1677	4123
17023	19199
8028	16045
16021	18458
12258	353
5788	13501
17169	6968
15657	12061
13662	10011
13560	15049
3442	6045
14566	16719
5252	16014
17361	3413
1847	15451
11166	19516
16534	7470
6192	11160
11673	1294
13563	14273
3607	11082
4780	13551
16955	14107
14301	8570
16515	5806
14986	2536
15818	18848
2797	2823
2691	8638
18613	17653
12918	3384
8929	1498
13670	474
13536	1433
15915	17493
6367	10756
19631	10396
8102	17121
9069	16162
5387	6874
11598	736
3204	14837
7823	19526
188	19096
10527	16199
4915	5804
3169	17135
19317	4458
12556	9222
17181	8019
15818	8736
14701	16970
12647	14766
1995	14068
12997	11698
397	8380
4687	2273
3277	4992
5678	4031
2105	16852
1634	2057
19460	9158
17069	8594
16904	1603
17846	19613
14252	4816
7173	7750
9788	9140
10455	6221
3541	8066
7	18257
18383	12877
16656	3750
9960	17237
16243	12437
17426	11136
12171	10689
16592	2046
11638	7076
8645	6363
1171	6576
408	10556
15271	9112
19474	2981
3627	12854
7617	1801
11425	12851
13114	17688
9928	18355
8046	10682
15039	10234
15356	1554
11166	9418
12311	1493
11797	16299
8094	4499
6240	11799
15719	16051
8894	2771
971	626
13607	15869
19530	9579
12311	15763
10886	13144
10045	5251
2587	4454
3498	10508
19428	12699
3404	12839
15719	1440
375	16604
4244	11228
16346	18824
16784	18503
7217	12926
1970	136
9273	7207
630	850
9962	18527
3438	12058
7100	13857
16916	10524
5850	13053
6948	7076
381	17649
5542	1331
14230	2555
16197	8182
5595	3376
17363	16416
12805	11802
8635	575
5324	5616
15489	16621
2919	5432
4764	16518
4603	4875
5485	12299
5445	5930
14933	7179
4025	14645
18648	4528
2709	10509
18110	14897
2066	12607
5108	8195
8280	15501
14692	2046
14000	15273
3694	5206
14829	17460
18543	19277
3657	16021
11270	11282
8158	12623
18324	8649
6357	6173
18597	9248
19444	3796
1345	12841
5763	19602
4666	6191
15564	14730
6293	4371
244	7425
5299	16535
11598	2370
4256	11260
15817	11812
6357	6073
8636	9654
3582	18066
4286	13633
16784	5466
1160	17652
11833	18377
14389	6270
786	19070
1273	9967
2033	7076
11668	7831
18788	16661
8583	12923
1160	1080
15160	3907
9225	16417
5884	2105
10679	12550
1624	14690
17511	331
9536	18625
18385	15305
4992	19603
16385	15240
14406	11561
17143	11011
18018	990
3113	5872
8838	6018
5414	7164
17981	17127
3828	15557
19369	2243
14941	2522
4595	4209
6476	19285
16323	13183
17024	13072
13138	11605
15180	3803
6463	11698
17904	7186
4395	4090
14594	4392
8931	17486
7135	11387
17256	11456
18788	2438
12449	4374
9760	1104
13061	4252
587	4081
7351	6501
4687	3495
12012	3989
14805	1605
13114	4725
12790	16432
9215	3003
19464	4683
11797	6136
2172	9416
14252	7596
15856	18845
3694	18985
13619	18566
9788	12542
2606	7098
6229	16518
8014	18279
11317	864
16148	93
3618	13854
7815	19667
5820	3263
12130	15674
5864	13264
10222	4331
10134	6968
410	5416
17797	18887
15003	4391
17457	12252
14683	11844
2066	18301
2180	1101
7058	9157
5781	7247
6943	11071
1837	13211
672	17890
10133	16096
18038	15321
7411	3272
11706	15612
11737	11011
1008	4358
4380	526
9788	17486
15177	7076
7995	3751
15813	9393
13936	7686
14941	11233
18557	17480
2353	1752
14560	9739
17157	19070
8070	4079
9788	5331
4410	5909
6550	12914
12752	17979
11254	5620
8524	10264
9305	1683
16726	19284
12822	19542
16178	5866
16780	14530
3113	1671
13607	8341
10774	16249
4731	9140
12394	6002
1289	1571
1013	7457
9536	328
16855	18555
13795	7608
604	6227
5858	865
15212	1746
14644	5246
17665	15340
3042	5355
6234	7053
18312	10885
3183	627
10817	6170
10144	7868
8849	15254
9954	4787
11283	12272
7503	3458
15356	17082
2934	15481
9178	18521
2121	7650
5606	14094
13309	2258
18635	2779
12847	10567
18014	14273
4616	18145
2598	17232
7885	2003
5775	19130
6655	8663
6442	12578
18637	12138
9740	11332
4732	1056
18899	1877
4520	339
67	7309
9901	17929
6367	4031
11419	10599
11413	18319
13144	14766
12590	8108
15164	14275
1945	561
16155	19235
8512	7449
19271	11071
989	4689
16578	16128
4032	9579
7933	9924
8535	9022
19555	1054
875	9128
10983	17954
5662	7711
9628	8952
1134	14182
18497	11832
11038	9546
1809	10268
492	4466
2	1598
17627	7779
1347	15926
1844	19703
16649	12056
18381	4575
8140	18010
337	7120
3223	9158
2292	5385
1321	16852
13690	2703
6094	16035
790	9003
5880	10961
17139	11950
6987	17664
16532	5866
16243	8800
3617	15569
14182	13278
5611	8694
2888	12770
17450	2756
18436	17630
10331	7131
16409	18503
17898	575
7231	17991
12933	12392
16821	10183
10275	666
4170	16529
19313	11446
9781	859
7351	12570
2707	18605
5987	15404
16868	6047
1718	1046
18300	11528
12378	8217
3551	1261
12286	3805
1734	9036
6366	11154
13826	13376
14785	2806
11308	2405
14020	4299
1866	2793
422	12493
7535	7637
9957	8378
11085	3346
9500	13130
17073	4884
16448	3377
10983	1909
13940	19646
7743	9672
17959	12208
16427	872
8744	7629
7617	4282
16300	15136
9883	18849
11162	770
17904	17486
9394	14348
19255	663
6178	15990
7876	1046
3113	6510
18832	9514
8846	1998
745	15411
5048	9503
3475	19530
13418	12878
19281	17999
2867	5787
7141	929
15519	4533
8538	13595
16503	6716
1458	103
19620	937
5299	18633
1225	7155
78	10604
11668	1449
12606	3516
14230	14759
10807	10216
18904	8089
3192	7177
13631	10114
8846	8734
4142	11524
2997	1045
1789	13742
3154	3849
2442	4528
4210	951
7939	937
602	19559
3170	14511
7518	16024
10878	1139
10856	2995
5790	5543
18410	7470
12979	14838
15012	2417
17959	14831
6471	1440
1455	5452
11532	17480
16784	6507
15223	19678
11771	7603
1366	10114
2186	1101
15406	13114
875	6587
16191	4345
1013	7290
3647	7839
17032	3916
16592	13910
12637	9643
13024	16518
1634	5646
2049	14111
411	5502
16977	1044
8524	8918
859	13572
15534	15774
3998	8802
11980	6759
11798	5121
19526	785
14490	9654
12575	6738
9412	11754
13730	16995
13675	5406
11554	17212
3998	7672
8070	7719
12389	12815
14415	11261
9870	15708
5231	16407
11616	8081
18545	16284
1678	5730
6331	18813
1810	5042
13641	15708
15004	11754
5614	16661
17388	2406
16129	8992
2919	19461
7866	13591
13350	646
8097	15487
3727	16225
1844	4889
17205	18126
10222	15154
1321	1247
9845	15262
13033	1796
8201	5239
1307	15667
15681	3657
16254	3384
10204	17846
354	10731
5948	1913
8001	1987
9878	802
5499	13059
5664	9654
11898	13147
3952	5777
5169	15181
13152	11067
18866	16518
14746	19697
17661	4625
13437	364
8210	14418
3695	18186
14488	19598
2509	14968
4408	1659
15446	597
25	1754
620	9601
9290	13095
3117	1909
5605	15134
16597	15046
8233	11806
18307	15697
9740	19228
1122	4807
16346	13750
4223	18079
18524	14376
9300	429
6468	5978
8357	8350
16740	872
225	9564
14789	2109
7296	16279
4596	4913
15313	14520
2753	6227
16891	5865
5445	6315
2723	12709
3902	9654
1013	4043
8512	5752
16784	15173
8700	11961
19007	18014
17486	6637
10886	10029
2225	13513
6278	6671
6670	4800
12258	18652
3113	85
10852	6513
9732	2987
17715	223
2885	318
19528	6331
14076	5456
3464	11829
2738	14689
11510	12046
2423	8634
19477	5937
8466	10524
4094	7507
12148	4529
4603	16550
18328	8675
2325	186
17082	2878
2103	3769
13144	1064
4798	1456
10718	16663
6367	7638
2738	2469
18667	14070
11498	9496
12925	10139
11819	3384
16903	1743
17100	18124
3324	7658
1211	7200
3664	583
5086	9236
14880	15757
11283	4606
19637	16071
17994	3455
14651	15675
14855	9759
931	2432
14646	10896
19162	738
4324	6774
19558	9335
13144	1101
2738	12306
12390	9293
3662	2937
375	4663
18677	18046
9927	7609
12648	9136
16335	6658
7715	5406
5734	13992
4915	7076
19049	11219
7445	10204
10644	9285
3931	6888
78	3879
569	14575
17942	19627
11970	6700
12622	17034
3946	791
13114	3911
16665	15336
10483	18373
10014	6010
5779	13016
10910	7076
13056	15295
3854	15832
6049	7466
14682	15046
7445	12640
9485	8590
12118	4785
13194	4791
577	3162
8968	17234
5791	4544
3023	4641
6510	11277
617	14125
4153	10512
6738	13836
243	19562
566	8157
5175	16292
9917	3799
19271	18824
17205	16420
5850	12829
2728	11080
1875	7076
15193	9008
6813	10635
5987	18773
17038	2540
17739	1697
6526	14345
19520	14116
3289	2331
2680	13483
4491	1707
16404	19131
9895	13703
16012	937
7896	1151
6987	1334
8000	8367
7430	16543
16378	9102
15245	3642
4426	11472
3228	5980
11831	5063
14408	4732
11638	13719
8305	6803
3056	6227
4687	18993
9131	3774
6242	92
3851	8738
4100	16093
4072	18033
16851	10166
9671	1441
4241	8992
12497	19548
13978	8514
2180	19639
3727	2905
6539	5929
8683	16459
17396	1254
8109	11365
12245	4585
7769	3258
1600	9817
11922	16071
7672	1440
5520	6765
11622	4195
12570	10004
19051	5694
8343	11849
9106	15862
3138	16071
17627	6803
10669	11838
14435	19554
15615	2005
366	1367
10436	2273
4388	8459
11525	17082
2680	16553
7739	17586
17715	16671
3979	516
3341	6541
3178	16769
1844	16822
1651	13821
10875	5783
4725	8169
18228	6289
17804	9399
17235	7076
16532	5860
1156	11272
267	12265
3498	17258
3390	5537
9438	7744
3091	7757
12061	11308
16534	8379
19264	19449
9943	10224
8761	4841
6722	19407
3926	8064
12258	6623
7029	7434
7457	8485
12532	11966
13940	6276
7211	10959
8930	13370
4954	4625
8913	10377
8056	5000
11378	16035
12175	1017
3701	8631
12161	18503
16293	2581
12991	1414
14609	14308
8103	13857
18635	11581
18276	3896
2611	6348
16021	5605
15224	18882
18910	3602
14314	11767
18565	13227
2635	3740
2969	8723
4576	7372
17770	15968
18624	5044
8305	11841
224	3707
12991	4006
7668	12244
10910	9984
4043	11595
12821	6377
6808	17
3425	18124
18409	7839
1340	12228
8094	10893
1408	12699
3641	4877
3091	12404
12149	13462
7890	6330
1171	12208
6417	13856
10252	12837
19299	973
8931	7008
19194	16474
15427	15470
18525	19544
18455	17374
12296	16576
6086	1579
2112	19674
3727	1627
1397	17859
4232	1235
4443	11188
786	19379
18356	6656
14401	575
13669	8954
6722	9428
786	13489
7127	12234
11250	7031
3830	580
3418	9212
11245	12950
19403	6464
13978	16369
11433	4906
12698	11193
3586	14814
16086	8531
2680	3299
1600	9323
14328	4791
25	1640
16086	17968
12366	9219
8526	3012
17088	8163
12378	2258
18132	7638
10998	7076
12378	4904
7821	2007
8919	5223
8989	14090
12653	2893
9106	6171
7751	1063
7029	270
7680	12274
8790	13794
17465	18552
5884	1877
4770	1562
16786	9860
18332	19250
10910	6160
3678	17199
5848	1311
196	4026
1345	4313
16575	11260
11850	12640
8370	11694
2334	80
18312	766
7503	12010
3952	12983
5076	1751
17439	6010
3854	16197
2554	7045
7751	10527
4242	18014
11419	15708
666	7288
7231	8634
6487	15664
2944	14392
12497	16234
14742	16015
7969	7450
15511	12388
1171	3046
17512	13845
6107	17477
13869	14867
3557	19426
5919	11221
18636	9493
13560	4844
15975	14157
13024	1591
6947	4623
16578	1088
165	10904
7577	16164
10637	1000
11837	3366
19275	17756
17112	5814
4283	19431
3970	15006
12606	4331
13875	5557
13309	8749
4721	13904
12681	10044
3923	16667
2228	5720
18442	3520
10804	1026
3701	2835
2520	14134
5175	7144
17729	7524
2228	10885
13458	2046
13607	15742
15422	12681
3557	5438
15193	12715
12378	15501
9617	1960
9928	19602
9383	8163
11009	10885
17319	516
366	15376
837	9731
2113	6129
17592	3089
2228	7932
4929	7069
8919	17170
19477	14418
8488	13849
11043	7155
14954	4511
5299	11779
667	18797
15511	11282
7394	13080
4817	6805
17993	3116
668	5472
19579	17761
10410	8279
9870	14493
13508	10500
2309	14611
8195	14731
2867	18623
15356	3092
3880	12293
2444	15321
18110	2453
3695	4554
19073	19053
17712	2015
10774	7819
7441	9947
14587	13854
1171	5775
2909	6388
5547	17539
618	8171
10331	5665
8140	1300
17023	1578
7231	7131
13508	3637
3290	10395
17592	5836
6096	10500
3369	7381
9801	3103
1683	15376
11263	5568
8626	18152
17486	5193
512	12199
14045	14390
18231	15603
3774	7207
8839	421
9644	18503
4880	19639
2093	8115
19477	999
19080	2544
10290	7762
1171	18950
3363	12789
5633	4658
15975	16151
15180	13025
1664	7318
16046	8874
14014	32
3879	13115
13936	3223
15813	5684
3329	11381
17397	5142
2705	4151
7701	13561
5741	7137
5414	8569
2418	18062
15758	4202
12570	18187
15535	1850
19620	12979
1209	998
16742	14678
12155	2982
8104	4628
8425	10721
1932	6035
16155	8604
17942	9601
5684	7401
1321	5038
18144	2256
2942	12331
14742	11703
3657	12707
366	16661
11622	7405
17846	14838
6553	8712
18718	248
19444	6419
18492	7076
3385	10009
12143	9910
16191	12306
5381	5025
10564	8108
4286	11129
19520	12695
18684	12856
310	18246
668	15501
1167	19172
4560	320
886	18148
17980	1815
6671	3034
12118	2937
1947	18804
17942	6987
8488	10518
103	10166
11248	9284
2571	18558
3630	14993
3923	19053
501	8481
11598	5066
997	12461
4078	18804
6097	2463
19474	19314
11694	6319
17807	351
2188	7061
7438	9158
18951	19034
8602	18688
4687	3931
19477	10886
16682	16921
1995	2331
1745	19136
11943	16775
4153	10415
8909	12623
8783	2937
5587	5640
12554	4416
14132	999
16197	11123
10419	6263
11563	1454
7885	17191
10326	13620
5127	8910
2909	15301
18132	16661
15058	12938
15185	6581
13755	6258
7029	12702
6368	9534
6155	7577
5775	12562
6096	14378
16488	15376
14020	3319
8305	17899
3715	19587
7624	4777
11795	516
19247	13608
2707	6386
18618	11838
13212	11018
19338	14838
13563	19222
14807	13072
18878	8755
19391	6803
17621	16518
786	15269
7695	19421
6550	843
18261	11768
7289	1553
3496	12228
7310	12327
8320	11979
19021	17917
18494	4869
3778	9569
17331	7076
15804	15481
18921	8638
1330	11504
7739	6146
9301	9374
5520	2095
2382	9539
164	1354
12258	13081
14966	13174
7274	2438
17157	7779
3902	10921
12714	2025
2930	12103
16516	2932
4527	11520
8138	707
9480	933
4344	1273
7411	18396
2540	10345
3015	14649
13873	19032
4679	10274
8859	4534
18021	11550
19264	16852
13795	17992
17764	6713
13416	9428
4913	9353
14880	5315
2738	8802
17007	13863
19520	3040
5585	19647
17256	2984
3149	9601
14941	19222
17040	9068
604	11272
13015	8559
12563	2548
5788	1082
19240	70
11248	11365
18615	16287
786	16873
6640	6968
939	13549
12862	10008
10751	6027
17994	12774
14940	2173
2606	5621
16672	5871
2802	3700
10733	8233
8989	353
14933	5184
6099	11217
16532	2193
18268	15227
1450	1980
10444	13342
2029	5534
17548	10345
5171	2505
12249	10899
12689	9812
10455	18631
16076	16782
7052	11812
18755	601
2124	6227
18608	13407
15511	3324
17082	5468
15811	6607
19049	10170
2421	2229
7218	17924
2732	11832
14702	3241
1301	9812
3999	17278
13946	16108
14790	487
5788	12676
8320	14913
5504	4225
4443	16661
10807	11365
11319	7935
8815	11216
7876	15091
17462	14073
7411	19513
6377	1638
10950	8107
5463	7167
14363	15403
14644	18071
14437	7330
1050	4071
17592	19096
16532	3007
16852	14737
3908	16015
17703	10935
1143	14641
258	12582
12720	17502
4491	13245
3677	5855
14213	2536
2680	19526
2992	11955
1171	7001
2930	14672
9239	11832
2536	19639
4929	17509
14296	18598
18132	6118
659	17682
5981	11830
13839	9673
8102	19379
6736	18225
16240	9597
19061	18952
11819	18316
17678	4948
14480	17126
14000	17957
19701	17543
4180	3302
2172	12608
17621	8354
164	9085
1392	14132
8125	1219
12925	5409
15004	1101
6503	19304
1397	3799
3641	13259
5475	18440
410	1031
15739	8992
4023	4708
2458	6987
12653	5596
3014	3211
4043	1909
8422	17401
18736	5608
3396	17842
4025	5682
16570	15027
10774	6383
14857	7131
15813	18102
17265	1547
8978	15481
17846	11999
3920	7920
5806	2589
14823	8632
15023	4206
12892	19244
13617	7271
18018	12239
15885	13327
18524	15154
16984	2229
10763	19484
2391	7930
19251	10448
17069	4105
4803	16518
2177	17837
9743	17462
12310	2929
25	13944
5995	9654
7457	13209
15128	11365
14399	15942
17261	13148
16165	6860
2121	9216
9760	6489
6563	7137
6520	16518
11053	14725
15313	5389
1922	17946
17023	18020
3479	5037
17692	11250
712	5461
18975	6226
5197	7075
13015	8681
11146	16053
14973	4687
17212	16289
15582	8308
6396	386
11635	15665
11911	7506
4021	15432
16384	9601
18677	17460
9940	14086
19455	7779
10884	2364
16251	17825
18568	316
3952	51
986	15774
8488	19230
14000	13625
7214	4339
5324	6723
7534	1134
8929	7578
19520	2918
129	5238
3202	671
4072	13160
8626	5858
19613	5580
14014	2310
4442	13227
15467	18245
6566	6176
7467	5778
9726	7660
3329	5850
13795	17321
17022	13854
10553	3936
15576	4489
4242	19070
10185	13143
9644	16533
3902	4550
7445	6669
9990	10899
83	17301
4032	6957
10538	3112
18278	5581
6442	15968
6378	1528
7270	4033
13309	17904
12453	15013
1655	9428
5684	4648
13024	1709
4725	2311
6718	1269
152	11934
10312	7113
19041	8460
3042	9601
14624	16026
11317	18801
3782	778
9644	4327
18589	6816
6107	10809
18664	6260
1600	11188
14513	9183
1745	13333
17661	494
14333	13378
2826	17549
6312	1842
13628	8853
6257	6420
9579	18432
9634	13409
14855	12233
15433	27
4585	17196
14957	4000
9838	1193
11033	9002
8357	7451
3657	18246
16567	19600
2540	14411
17301	18335
6065	16514
12517	19707
6368	8697
12339	13409
8456	15118
1171	17778
1340	8858
6738	2299
16904	6175
1837	12186
2916	17340
9383	13319
17439	6658
11268	8560
10525	8134
16931	11568
16887	1762
8839	2741
10210	1211
4783	9279
16203	15046
2418	2405
16048	14173
19477	6912
13560	17028
173	12754
10366	5183
6795	11480
17713	9096
17421	15336
14506	8135
17991	5838
12057	5540
11698	3617
5953	2708
18497	10170
492	18797
8507	15598
17089	7458
16437	11805
7920	18050
18360	11682
719	605
5014	11570
8936	10108
3646	2415
8069	4080
7474	10611
9288	4082
15446	199
15154	13854
7	9996
1104	8317
9035	7036
13083	18428
8109	9683
16734	2185
8325	3082
15040	19187
2598	10509
11283	16544
9962	2547
19474	13897
9536	1841
17157	14140
10656	3516
15975	13073
16275	19576
15971	930
18684	9969
11948	12971
17006	18503
14957	14669
1930	3999
3412	15659
3042	2963
165	9277
9644	19403
8809	18571
6501	7131
6366	19469
17265	7408
9841	17520
25	3896
10511	15498
9011	12342
19146	1060
17511	7019
8538	9473
4538	5868
5874	7025
1711	8273
1266	16137
2631	18316
19382	13664
3150	4725
18041	4583
10755	15507
3067	8619
8614	17764
5299	1776
3169	15674
5567	11555
3274	5558
18442	5360
3657	11509
16296	16574
5879	4031
16200	15984
2867	5768
8887	13144
188	17325
18736	15349
5886	8910
6901	6709
5	19180
6096	3681
8103	4624
19526	7482
12878	16920
8497	420
8214	8501
14953	16421
9726	2646
13961	13854
814	2180
1889	2585
14941	13554
17191	16575
8990	19420
15814	14558
17678	14705
18409	11064
11413	15708
16506	13034
637	7658
9011	6843
6539	624
19565	8460
16243	2423
1528	16433
5708	5373
2508	1433
8233	158
15912	8634
18702	6817
8210	19253
448	18052
13777	5003
374	11754
7243	15420
15408	6812
11580	3059
18179	16331
12682	3744
7769	14896
7480	1093
16179	8532
17089	16247
1356	4371
12684	15013
11525	7214
11283	770
4031	14783
16048	8994
16254	18838
15760	4495
11668	6755
12799	7076
10419	1131
18266	5869
6101	275
2584	5072
19011	2492
16784	13055
2225	16823
17985	9769
7302	14545
8692	10128
6368	15482
5355	13167
3483	10621
18533	358
9425	16976
2728	7239
17024	14099
17985	14109
11498	2477
13239	3382
16864	5504
1156	9917
3662	2005
17279	18958
16656	6395
18542	7237
5788	16543
14296	14592
15177	19217
5019	7451
13978	22
16904	10203
18458	6118
5355	1493
16150	3586
8305	9717
15397	13772
19098	8563
4412	6918
8139	11707
16197	5434
7675	10414
16339	3083
13348	17800
17942	18685
15356	7323
14001	18650
2415	5744
7214	13385
11631	13475
16079	10401
14219	10504
1124	17682
2738	19577
16786	972
830	1386
6437	17281
10382	11521
17959	3848
8270	11426
8621	2521
1397	7113
5324	16606
6192	10373
397	9791
13089	707
8978	10044
9941	5667
6233	5770
18132	3657
19007	15669
17418	814
5387	12589
13111	5947
13784	2005
17143	12844
723	15740
6178	19526
15040	5915
6697	9838
14012	2139
16992	3774
1930	6788
12378	9801
10081	18348
9828	4690
3870	5136
17169	15017
14004	17018
5387	4373
61	12667
18017	13432
14293	18227
4526	11323
3262	14683
7641	1149
1913	1217
11944	2765
7978	10018
12038	1373
2612	14846
15370	18511
19620	2878
2118	9413
15270	15444
7063	9946
9941	8075
5407	19639
16384	15262
8331	17235
4818	2197
165	17821
3194	8461
12986	14597
8593	707
19567	8760
18233	2311
4880	17507
3385	11129
13536	7410
10553	13104
13043	1605
16534	18227
12378	13114
11668	5471
2519	12681
8859	12388
16742	9881
6508	2854
4820	13343
12366	9632
5585	6065
10589	14010
13659	4799
740	15774
17715	17403
11425	1644
9714	8430
14767	10505
1678	1981
786	16689
15406	9897
17965	7662
5008	6365
8292	12300
16904	1295
2415	7134
7480	7748
757	3516
9774	1870
10695	7222
12218	14990
17418	7451
18542	10933
8524	8853
2103	7640
16426	8143
10806	4540
13114	2581
4480	10305
3169	17571
1458	4671
4560	18596
3793	5385
18922	17082
12635	8295
2650	14995
1745	5074
2409	4806
15039	7076
11679	10889
8441	1909
17243	7565
13560	10217
14136	3266
17904	11955
858	3405
3847	770
12012	15482
4666	16044
15859	9873
704	8681
2738	1846
9834	9295
10331	2540
2577	5299
15975	16139
12155	9865
5962	5693
15416	17264
16645	268
165	1595
18132	12233
9548	5419
15209	11029
14305	14881
5788	548
492	3849
1793	16087
1143	127
11798	5301
71	7513
10628	10929
14566	10383
15915	14099
703	13578
18923	17341
3902	18161
5916	7158
11421	13940
8551	4272
14328	13413
10091	7764
17057	18349
15774	19507
17678	12518
11329	9359
8683	18799
9011	13827
13641	15825
15223	4860
14372	6150
11631	6264
672	13743
842	11365
6471	8430
2119	18821
2309	9748
10663	5344
16086	10432
10970	5760
15312	13854
14953	12902
3163	10928
859	1428
17980	10084
19015	8509
7922	19707
10070	14936
8626	1470
6530	11487
15356	10029
1008	10090
8541	11999
655	17903
8125	11525
5521	6915
16526	18954
2002	4625
5776	14928
18482	9501
15224	14218
17797	6141
7100	3228
16526	12292
12286	7903
3934	7085
2732	2750
11670	12947
6842	9330
6690	15467
1184	14273
9616	12615
14174	9882
3248	7672
5053	9585
4854	13079
13286	7844
16742	10288
17225	18071
9678	18855
3880	18331
8929	2743
2192	16792
7081	10258
4725	11821
12450	8516
17946	5869
1837	1818
178	575
15003	8749
5633	14448
2335	17926
15414	8856
5109	13621
10379	10166
6753	2588
3879	10601
5154	2257
19092	18588
18307	11229
3932	7870
9536	11620
6040	11667
12149	16012
11378	1981
5094	17507
4810	7019
324	5594
18424	10414
5606	10888
18074	13158
5019	4169
18015	691
17421	10500
7995	273
13290	1158
2605	2613
17082	2629
18568	11741
8802	1414
15983	6768
17511	17539
4285	19144
5014	1517
5896	12098
5716	9729
2709	6817
4128	8520
17745	4755
13784	18903
16197	6937
13678	9878
18740	3119
3701	14576
11130	5346
3464	11242
9225	13307
11673	12795
14653	18527
17143	12306
8156	13602
8086	4483
16514	2203
17772	2625
5308	15285
604	11645
15901	19158
6098	13471
5351	1069
4153	16335
10341	9323
17089	2180
2180	8211
8167	8262
13295	6319
8158	316
6040	12701
19520	4871
5238	13308
5045	4877
11668	12586
4078	12328
13174	16518
10315	12895
7259	18471
11976	8634
14012	18738
13043	14423
13857	3228
16868	1421
19685	1627
11632	8390
15354	2266
785	5580
1922	4515
15187	2882
5653	8187
25	2042
4412	8634
14683	17460
13917	9797
11465	6928
2180	16247
9444	4951
12366	5866
1462	7009
10879	10216
4380	6452
14656	17507
8931	19600
9660	316
17511	19403
15313	19089
16488	5108
12149	18251
4858	15141
11425	1924
6927	13411
5880	7798
18059	13630
1059	6513
15975	12877
8739	16251
13628	13398
17363	2622
6554	18291
14855	9485
535	3538
4880	15990
4954	7100
19162	13748
16090	9064
9613	17267
5880	5434
6948	2789
13006	6721
16109	8509
14071	6796
18706	6795
4717	5152
11026	172
19520	6045
4436	18541
12399	13549
165	13639
12044	16810
5490	11091
9824	727
3777	126
6783	7153
17745	6775
18410	4339
843	19222
7127	17633
13822	7019
11431	4975
1441	12128
15073	8764
10329	4314
2103	741
2225	48
5901	13549
8692	14543
129	8053
16495	17456
16197	11387
19011	3741
12918	9310
10679	8058
18328	12623
14210	11919
18305	17164
9821	18418
18572	2021
10912	18756
1204	9518
790	4098
2409	3114
14389	15651
15263	5920
8331	7905
3762	13117
12606	15262
2664	967
16896	11781
6396	218
11798	15728
5411	2590
6257	4725
9878	13349
2813	16537
4819	4000
9178	1988
913	8640
15406	11021
14890	16820
16495	18958
71	5828
2028	12623
18312	9262
19106	19070
13350	4207
772	4879
165	16188
3477	11732
14136	4184
2382	12136
2385	5867
790	13414
16515	10593
14855	19070
435	1786
1439	17165
12821	19683
1264	13978
18132	7019
1983	14869
14422	18957
17139	11578
12225	2102
25	1981
18007	3740
19713	7000
1066	17447
19356	18622
17042	2221
2421	9922
5228	11462
9606	15923
4075	4339
15813	5365
7697	6536
19251	1282
558	14513
3390	5125
1266	6957
13212	17067
14903	18355
10878	6116
15760	5360
18899	11007
9167	14864
12682	12583
17649	1220
15127	316
18015	18755
6646	3152
3756	11083
390	9411
6331	15444
7467	16518
5808	8122
7573	2552
19275	1870
12202	3799
14252	9604
5096	2438
10767	2110
2262	2781
14787	15580
3607	19129
899	11492
4560	6395
3607	8047
11862	15598
19477	1909
12390	6404
10842	8992
3799	15481
13069	3637
7534	14422
18385	11462
2104	13403
1634	17603
15039	15492
5987	12995
12118	10574
892	16489
19382	3752
17471	1023
3341	14236
6901	18753
11387	16035
10063	14171
16350	14642
16526	5020
12019	19666
18788	364
16534	575
587	8955
14401	8360
2606	18397
17688	1909
1745	13244
5019	10500
15271	12073
15564	15375
5678	11136
14480	6164
4817	1565
15445	1806
16639	17517
6571	13880
6539	19418
15765	17968
17985	633
4072	11546
8062	8802
17980	9631
12622	14954
9239	10075
15012	19478
19281	16591
7943	12861
8929	16615
12130	10042
11670	11229
6501	1226
7848	13403
18597	11624
15152	4728
13672	5107
3341	398
17583	1872
17974	9654
4142	13586
9720	7402
5575	6803
17762	14038
1711	2434
18907	15713
17592	15
874	6434
7310	4082
13382	80
2382	18281
5261	15841
16488	316
16526	12623
7880	10796
6697	11271
18929	15429
18595	13813
620	13854
612	14526
15244	10002
13552	18157
15212	14758
7274	3442
939	17362
5029	1705
6096	11578
15286	7775
15152	8367
18328	4031
18184	6637
12061	10923
305	11407
78	3064
9928	12656
18962	7335
4072	10598
15408	17471
5791	12071
18554	11556
11533	14715
18410	13857
3854	10244
7135	814
3464	10776
2800	16927
16238	2034
11000	13528
8720	5380
11589	14822
4560	3680
251	7187
17739	11590
566	18177
4658	19526
5869	769
18276	11691
5614	1053
5555	8825
10132	14201
6236	7389
1862	16151
7217	3523
14683	5605
7503	10593
2004	7907
3282	5866
8839	998
17486	9158
14587	14292
16903	13167
12171	18697
9720	1306
8662	11637
18417	6769
3932	7076
1435	17885
16380	6227
18966	11550
14325	2438
9618	10224
2919	11066
8602	1347
9339	10496
2919	1
7665	18481
3183	8288
17093	5980
18747	16
4324	19413
18791	9572
9707	6614
8593	4199
2351	485
8357	7986
19251	12180
15179	3490
3379	4745
2177	8934
3431	3679
7180	9440
17665	8306
19353	15042
8929	15659
10619	4588
4538	11288
2430	17932
16275	2637
10067	9572
17388	3328
13946	5156
15957	14129
16977	13854
7391	18668
16740	3019
3657	14846
17022	5682
18425	19502
5154	13749
12161	5349
13114	3082
14363	16609
13661	12248
12013	18957
19715	3359
7405	11028
17809	7108
3695	8453
17263	537
8736	12312
6242	12500
16011	3810
16509	3192
298	10712
6728	11201
15975	3520
14683	9227
14391	6052
3625	7036
18740	4116
14435	6329
14656	7063
10858	2170
8643	4008
18740	16071
11166	16501
15732	6851
2051	4895
7097	11152
14774	4893
18913	17279
19264	7450
719	10527
6509	2485
12084	15134
10341	9620
11043	2423
8350	13067
10656	4869
18132	6363
5662	11487
10057	13643
17081	5139
5970	11861
10807	8225
19080	10571
15198	9519
14914	16471
3516	16518
10352	9157
15446	268
14594	276
6357	8862
4913	10728
4835	439
5249	18921
3369	15135
15194	2618
12606	19285
13755	14811
2337	12640
10623	17260
456	5804
173	10760
18712	1768
17301	11806
2769	1038
2769	9937
4692	18182
9382	3967
13315	12857
2491	4195
16499	13548
6049	15659
13753	1177
13446	7421
15678	4054
8069	1109
1209	19415
17649	7294
12152	15795
8441	4625
16743	10521
16597	15708
4658	12084
4167	18230
2103	15234
8645	8089
17410	10561
10461	10401
19614	18487
239	5330
19587	27
5746	8088
18658	10791
18921	18273
19400	19427
11308	17380
10886	14213
4128	19495
178	8485
6501	12862
15774	7524
1634	6156
2906	12226
19060	6216
12155	4214
16056	2411
19600	15588
16197	8307
14810	14864
9414	9945
247	12330
11176	18355
5806	11022
16063	4693
2093	8992
15012	13361
9120	3876
12175	15837
989	3807
16404	19655
2382	5100
10774	9168
2027	10571
17903	1542
17410	19688
2470	230
13391	7686
18458	1193
2013	16093
7430	4701
11737	3860
5229	8611
18387	7325
786	8819
6795	1744
11844	13910
8103	4625
7751	17080
8929	13825
15033	5895
18361	734
18910	1095
17793	15872
13135	9375
8715	18907
19011	2152
18432	15336
17681	13769
3289	15349
18333	8104
17946	6276
18410	9888
121	19427
5328	7584
10033	3534
6451	19504
10755	11173
9312	7426
14742	3449
15859	14685
11283	3528
15388	11389
11683	10149
13350	12165
8401	18405
13971	652
1984	17362
10620	18737
17592	3287
7969	1455
4656	6564
7509	12024
5249	5623
17465	15717
11819	16266
1050	16232
15565	3071
604	9528
16012	6677
7071	4143
11770	12623
1844	9495
16086	14580
4958	14871
625	10673
5986	6930
6999	3117
15885	2590
10027	18139
2728	6149
3867	10225
19520	5330
19614	16795
14742	9279
9042	4437
5324	10317
14391	7055
15356	10500
17846	10135
6094	14060
18110	1391
11263	15726
19275	9090
4965	891
13978	3653
12258	6661
18283	414
9732	19237
2584	1877
5092	16814
6096	1979
16275	12593
11263	19549
13995	9503
17796	8316
11743	638
18041	12570
17061	18291
9868	971
13265	19222
19240	11525
16577	3207
2554	9817
18773	7760
2103	17011
16423	12447
12836	19626
68	6510
9969	9369
7561	6527
10329	19222
4354	16133
13657	17183
1439	11613
2527	14335
8772	9900
2105	19677
766	19121
4142	19345
3016	9006
8643	14664
13704	699
8497	6603
16175	14224
10806	10972
4765	7129
14004	9399
19050	96
5216	7789
5880	4024
2051	4449
9322	10796
5309	2047
14043	13633
10352	19070
10748	12623
6690	1781
17254	6036
19297	7539
18276	9455
8371	103
12847	16083
8305	5145
2432	14807
3715	7076
18608	14404
4256	4436
15356	3587
1677	1614
13212	12431
6102	1222
7268	11790
17057	8568
11926	18899
4426	4997
1264	316
15033	2496
3412	3250
10204	7119
8551	335
2188	14105
13678	15376
1322	3004
8350	9302
221	11270
11925	579
15813	14415
3897	3676
836	15144
1143	7442
13982	16575
16048	12903
12449	17505
3661	16442
14924	2971
18645	11512
2294	13797
19209	16320
16324	6918
4666	12114
5674	5452
915	16493
19601	19228
1372	15304
3431	3499
15354	10351
16185	16972
8356	11542
1528	12224
2103	14089
2909	16857
15519	7384
11939	8756
12414	141
15245	5437
19420	4960
6464	2148
4425	18317
8159	13848
2930	605
19713	10189
294	13419
767	9241
17361	2493
16316	18936
1171	12961
5981	2794
9714	18604
13144	14791
17696	16941
4765	16303
15564	11901
2271	11539
5970	18861
243	4100
9644	17230
18127	19191
1345	14747
17076	1270
18300	1343
16150	15668
3536	16841
17191	15832
14399	280
11354	871
7617	5887
4499	17068
25	15417
16503	13529
15950	2493
7417	9418
19404	2555
11425	406
15616	17688
6733	7551
6308	7137
19370	12725
18228	5785
1507	14928
19528	17647
16534	12932
7889	13076
160	9289
5919	4733
4426	9743
3952	17190
3854	14428
8456	3380
18100	18451
13631	2016
7211	11486
10366	13174
13064	11239
11211	11766
1524	214
12948	6957
4906	10500
13839	16514
7617	16518
17745	13531
19631	16869
8936	1173
14043	6622
8305	2361
14001	4561
10983	13623
15033	10327
13907	3889
6368	14910
6363	1914
13740	9728
9895	15256
14102	516
12669	6390
9264	2838
15356	12017
8821	9366
4333	14403
16752	7779
6368	10785
19584	943
3169	17795
13114	12274
15758	8351
1340	1909
19455	17996
165	9089
10728	4528
7141	9530
10139	15344
1104	11280
14243	9462
1156	6079
19271	10180
1855	9650
11043	827
5411	2667
12175	16844
6570	5977
16065	457
9485	16661
18542	14275
9969	6321
4764	12193
5230	15755
7452	10948
8674	8403
9131	80
11911	11350
11162	7014
11737	2321
12798	18800
12204	3190
8276	10868
17537	5360
147	6168
19317	9112
16065	7678
1171	10692
14353	5888
16076	7075
8612	11365
5048	12975
5890	13132
18038	14766
7093	11049
18907	6851
4491	2413
15188	2031
5175	17400
18856	5684
1013	12556
17994	16926
807	19628
5270	5084
3483	5871
9678	16943
8140	14717
2415	15134
18228	18712
1450	18268
14352	2877
1930	3807
16791	18430
16300	19222
165	16831
2235	16318
11970	14043
2429	1238
10690	16023
618	1269
18432	5899
625	16621
19021	19160
3135	19505
15416	2658
3363	11760
18324	16607
18432	937
17541	19639
8138	15053
3211	15412
10610	15450
14702	296
10070	2438
4971	9443
14692	4955
9841	291
8512	2274
7685	15543
4334	3486
337	13633
8839	9249
15765	516
7081	17281
2584	2788
19104	9751
12183	5512
19125	1816
1952	14832
2022	9764
11285	14273
6571	11762
19275	11534
14694	4816
16455	5184
14139	7237
12057	11966
15534	16224
8356	1343
6410	5534
4450	1101
15489	4193
18608	12318
18467	13904
10669	5259
8815	13323
366	16869
1208	10047
14505	16518
4412	11972
12534	2833
5916	543
14325	3109
5663	4076
17648	11767
19281	18633
7571	4176
2243	16902
16502	13594
13560	14170
13290	16833
8929	516
9634	10008
11580	1838
15388	19070
7161	4716
2584	553
61	15100
19162	2629
14425	12994
7578	11292
13069	7743
11176	17267
10628	16181
2768	11144
12175	7471
16515	12691
5716	59
14230	18550
4121	15204
15582	6870
14171	4490
3646	11690
15212	15490
4625	1211
9301	15677
19021	993
12326	15892
14857	3323
14273	950
9312	15141
18907	6569
18328	15912
9577	9214
8456	18178
3620	2970
1792	8698
9941	5533
14953	18430
5981	16040
6464	11365
1930	2493
3412	8169
16230	6471
11631	8737
11819	11728
19611	999
12534	13182
18294	6674
5311	15072
16238	18270
17761	17292
19584	5709
15212	6113
4499	11277
19375	9831
13458	15501
3690	11067
9619	15815
9075	1605
19520	2408
3647	19058
245	4106
8929	3603
10455	6896
16551	8199
19520	350
18597	9158
12635	1517
11743	11672
8357	17991
15244	4376
7828	8874
15552	11878
3059	13626
19613	14792
1634	13851
15488	5876
3240	14754
1341	16210
8456	1520
16180	5599
18791	13349
9272	12711
13617	13143
10783	3506
5788	8702
18310	5468
10879	16306
3091	10655
6192	1981
19682	12452
5451	17904
8816	11322
14564	9384
5737	3591
18119	14286
14399	5980
1521	15356
10170	9763
18784	4302
7799	8098
19223	14755
63	11195
13408	5876
17169	18560
15759	3740
19520	1904
16350	6639
2768	9984
1171	11883
2606	5758
3537	16307
14815	9256
1304	8285
15550	18582
17761	6457
9219	3859
11638	770
7815	11378
10610	17986
7617	8984
9901	9742
9131	12228
13306	5980
1156	10908
11532	9430
4121	2700
13024	4051
10409	2811
1099	11136
604	1200
2118	19285
14337	1389
9015	1371
15315	15390
14488	12832
16768	13883
786	12036
13083	2153
5229	16073
4604	15267
2444	4000
5465	18451
5355	1472
1634	8997
7097	12713
10986	12448
1988	8375
18385	1867
15286	11885
16775	7986
8159	13057
3183	6250
11211	16444
12378	13333
10139	18782
19637	8755
17486	18976
1655	8209
13400	14392
4223	5757
12821	3986
5324	6282
1253	12794
12389	18025
12044	8696
9035	2184
4657	13857
15511	6206
8150	496
13418	18339
17208	14238
5970	9601
9941	17495
13400	2451
13907	13220
4232	1338
9943	19174
8930	16026
4682	728
7312	13882
6637	8963
12634	4079
10613	13889
2262	16889
15562	3036
11540	11837
2334	8914
1837	9375
3464	7082
18021	2100
15867	3422
14699	16518
10409	7145
16345	17326
17562	18803
16350	16490
6084	14002
1739	19220
2423	13553
13485	8351
16488	12623
147	11230
6166	17263
19322	11570
165	1662
12556	11103
17319	3747
9628	10616
10774	17663
16316	2792
15416	2013
18432	16724
4167	7098
363	10631
19525	10682
11943	3506
6463	15190
18597	19639
7821	12626
17426	2612
8270	6592
18021	9037
6202	6928
6417	16453
14371	1860
535	8738
1655	2433
8261	8077
12787	18604
1104	2031
3564	9499
7445	5859
8859	3846
13792	17808
6368	1196
16868	16588
221	1125
8662	12295
11354	16485
11333	11385
3851	2878
7848	2455
4526	15100
5048	518
13725	7703
14213	18966
1634	17171
11844	11951
17212	12640
1634	2961
18921	9428
2093	2666
7451	5838
11844	7372
3305	10024
2797	17471
4153	12640
3438	1973
14945	3275
4766	13968
4260	11250
18266	8081
10748	17812
14882	6243
11232	14488
7445	18157
19520	2700
4556	14832
149	15332
8626	5057
4129	8980
17040	16923
8305	4149
1907	8062
2461	16518
4165	14974
16339	14440
19509	8449
16440	12433
16086	10296
15194	8872
7310	9415
18602	10241
1264	1774
577	11365
17215	19222
9641	8159
18417	19639
5605	1193
4165	18729
10734	1767
5858	9318
11349	2937
252	3058
7218	10818
14012	16235
9613	19429
15377	5362
11568	5127
12583	15191
18275	14980
3117	11955
6178	6889
14252	16198
2813	6460
5135	14877
7024	19222
5423	12914
13670	688
13784	5295
8351	7576
16829	4790
8392	14394
17486	15613
12258	9027
8456	2005
15039	9711
4450	16377
15813	1524
10612	10609
10124	8836
12044	16773
10663	13128
5135	9626
1205	13493
8821	1906
11645	13978
6363	6928
1240	4495
14882	16136
16881	4528
7889	12586
15207	3384
366	10396
4408	158
19637	6142
18645	5253
55	14888
19530	18123
6178	8992
3811	7017
17486	4977
16637	14577
8401	16384
16021	6002
19315	8250
14815	17732
10170	12441
10809	12739
14012	2600
7135	8037
1008	12070
19050	15140
11425	14170
9943	4801
4810	17902
16702	11754
12979	9248
18568	2835
12647	14404
5808	12919
17069	4110
11922	2639
2992	3369
6376	12786
9596	2653
15586	12623
2432	13052
12026	15100
1844	7056
19572	9460
2606	9022
8524	16966
4656	17361
12637	770
13485	14244
9365	1925
5426	3077
5664	15682
8512	15824
14807	12128
6049	5650
16551	11365
1988	9503
14399	13857
6313	5884
10829	16181
9644	5297
16399	19047
14803	11607
8371	18966
19015	15225
5678	12584
786	5338
2577	9231
19551	6975
5126	19379
8736	12510
1884	4645
14083	14939
15315	7946
14325	10805
11248	11032
11425	9654
15648	12520
7712	10008
12118	7524
3988	15549
13971	7114
17023	6642
18482	1426
15629	11251
1320	9440
4595	12451
16349	15262
15681	5108
18362	10302
3586	13009
1134	13166
8636	17517
668	19263
14478	14942
12881	3703
19590	16902
12258	5358
14587	8930
9490	1472
18158	18155
12044	1561
8195	1397
11100	9601
11737	15242
1014	11237
12821	17221
14790	6000
15012	18465
15511	12807
5158	9601
6972	15012
19072	1654
17621	9313
12737	19113
19520	14516
18074	6010
16377	14401
19011	18249
814	5276
16570	16776
2084	2214
8645	18958
15262	11509
16346	11570
18636	19366
10063	8431
15905	13866
5678	9877
15813	3257
18730	6461
12477	8164
15393	11342
2707	19508
8825	10051
7053	16518
310	17748
456	3098
19408	15556
4491	12134
19331	7070
10073	2644
2081	8317
11932	3526
19477	2999
11496	6590
2432	10627
16052	3229
13524	7149
4116	17181
2051	6359
17908	907
6464	1904
6482	5527
7411	5519
5168	14877
3658	15408
6202	19620
1886	4947
1339	10881
11943	15135
8244	5431
18677	15481
18588	13554
7969	9144
337	8236
11194	18533
6063	6567
6795	13989
1171	2139
14001	16465
19617	8978
3039	521
18480	15261
18857	16673
13619	698
10564	3698
3701	6896
10488	7299
11844	12368
5547	9743
2266	15348
13083	9071
16065	14184
10852	4629
2758	19186
10067	8721
13540	575
12445	1655
4603	11786
6407	16574
870	18452
16335	10356
3117	11500
6377	1216
11413	18503
1330	7262
15813	12131
1066	11145
16425	207
3542	7329
17361	3173
17991	1350
15212	350
164	2222
6102	6475
13416	17364
17991	5986
713	19072
19378	9503
15397	5116
5090	4447
10419	9160
13744	13146
4465	10867
17465	14084
4880	7798
12089	16582
17093	2878
11162	5100
7482	11693
11270	12683
14624	7076
6	16576
18615	8201
16011	14471
1844	8554
15975	11534
8930	17060
18819	10008
15004	999
8662	7140
18442	17325
15143	2181
9322	11622
7561	17861
8662	6778
8689	2196
10755	11127
6468	4543
2969	10269
8472	1164
13993	10801
14328	2042
7748	11363
19026	14287
17972	5249
13239	4001
2540	1246
3695	3995
5880	1002
12720	7912
11491	15774
18276	17954
1537	8619
11162	4993
13770	8800
14878	15934
5848	19646
9644	1329
3149	7927
3014	5560
18268	3835
7604	17354
12971	3343
12258	5037
3211	2007
15629	154
19073	13287
15489	5330
7169	304
9814	16050
6094	4648
15511	7066
13039	997
15741	15753
12266	18964
17191	16136
19501	15548
9178	1517
3304	5321
14014	6374
435	4428
10520	6452
4426	2771
6513	13633
7241	7371
8356	10450
9849	4843
3859	651
4455	19058
4455	7220
3607	13964
19162	5980
7751	10297
19331	15267
17807	11370
7141	2506
5547	18707
1677	11940
2180	601
12443	14546
8635	4987
1156	14273
3062	12134
5158	4530
254	11694
19620	9834
5781	9323
8929	17118
15719	15183
13971	15897
9678	13854
5249	429
16592	4987
14049	10095
12084	1619
19021	6728
12556	7123
18740	6198
632	7531
17712	8053
5249	9766
3324	13038
165	8277
17361	6469
16509	18531
588	265
10426	12660
5053	4097
4334	9803
2678	10643
5716	18260
14287	2915
8305	3365
17111	9503
7315	18202
14071	12738
14399	11955
13940	18488
13678	6464
5299	17999
1844	3343
1922	715
2680	13492
11926	6957
16951	3670
2415	1062
3425	16700
2093	1910
3582	16895
9841	11232
2906	13078
12647	11754
18038	280
14408	977
149	13464
5896	10432
6943	16441
16734	17041
2442	8858
15629	117
5499	10571
11568	9888
7698	9149
4656	3999
1435	5801
12386	916
252	18885
3498	5878
13555	9132
8212	16661
7231	4896
17800	9218
1435	12919
13563	19625
9795	1647
4388	15538
11230	11652
12517	5692
10825	1924
4913	19157
7821	13249
8723	18078
13964	5980
1392	1834
19073	17941
1458	1101
19631	15376
577	5689
2429	19639
3897	11740
8715	11165
17361	3999
15446	14633
10488	4310
7287	16051
16791	15774
6814	4860
15552	6830
11425	19285
10086	5809
17790	1251
2027	9546
772	5250
9305	14864
4257	6679
4388	18067
11615	13854
19073	10008
3149	18805
10564	11698
14132	8717
16275	14862
17912	11538
7616	11335
4748	3655
14295	7750
1988	4446
2188	9831
9046	9040
719	16199
14953	2528
16506	15247
9644	417
2932	18959
16440	7941
16251	14588
12467	14619
2418	15481
804	11647
8865	15012
1727	18865
786	18197
7890	5687
5641	13207
15949	14384
13400	18521
6312	3554
10045	11139
5230	7109
2423	15890
3015	7323
3093	8430
17722	19111
6104	14795
2635	16546
11631	18190
8626	3190
10690	13297
10576	15754
7663	9203
18383	4785
7943	10684
17762	15402
4343	2939
7405	6826
12682	846
7029	9281
7955	2072
1291	5739
17191	6447
14057	11606
77	7686
12636	15774
15534	14072
3959	12265
9178	8704
16377	2105
12701	16664
18411	19481
3369	937
5998	14349
9852	16071
4443	17476
17261	17014
5331	4977
939	12001
786	359
14422	16319
4666	14360
16012	14404
15408	15774
5155	105
4223	19480
6104	18035
891	18863
13212	5838
13672	4048
12822	464
8692	17548
14325	18268
8723	14450
17351	16484
15160	7440
14287	14555
15813	10522
2325	9465
8556	9591
9557	8108
8695	835
17040	15927
5970	11854
11944	1643
3582	8889
1435	14679
18497	872
3675	421
11000	16207
377	16894
18118	1441
16263	11265
3799	1366
6085	8802
5916	9663
8292	11018
12802	12130
14097	15203
12636	11220
4332	3752
10520	7374
12249	283
11043	4628
10057	9024
4032	5039
8041	2866
1441	1528
17545	14809
15220	5897
3774	18725
6313	1874
8583	13736
604	1684
14882	15841
19509	5360
12822	9648
15338	4139
5716	13013
16756	17903
13350	1321
6476	7076
13673	7498
16377	17566
14933	19633
2536	15716
3872	3750
16425	3845
8683	7011
10831	2215
11737	17050
9805	11365
17529	1101
9927	13529
6278	13199
11315	1223
18747	7042
4142	15288
4214	13166
7578	17183
19375	7744
5092	17943
16197	18403
8692	1238
8280	10114
18383	17646
8320	5803
16200	14931
6882	12275
5406	8824
18823	7655
2151	5050
1970	15873
7943	595
14273	9754
18554	6198
3854	6839
17006	18097
12148	6602
6744	13930
3809	6164
8507	4911
17857	16518
8887	8749
651	9366
8069	16460
15197	11753
8488	3647
4735	8181
9322	11339
9644	4519
6423	4207
14425	17066
15012	18189
814	16247
5542	17810
12130	2660
12585	1537
655	12577
512	7360
13936	575
15212	18178
16243	12574
9795	14381
16682	19144
17950	19218
9660	1774
11123	12836
14405	2506
1922	10846
13707	14301
16726	14097
6566	7886
11554	4440
5465	10822
2612	17460
5737	783
11844	7823
12790	11827
7173	18163
17681	7948
1677	9144
11670	1395
18300	1086
7695	15124
11252	15408
1068	4506
2013	19562
19012	11880
4436	575
14219	853
13043	14112
16275	13128
19322	5970
7411	2091
11052	14221
2294	10529
2022	4622
5465	17183
12892	18704
4758	11353
9215	2311
3620	10245
11378	16080
11532	18767
13777	5035
12714	1057
16977	18818
3305	12446
11498	8132
15047	18346
11501	995
18409	6198
13039	2005
16977	952
2506	1981
17450	4208
17642	10335
4213	11674
14287	18253
756	17116
15423	6595
16178	1430
18856	17067
13727	7833
7739	14727
4256	3223
12388	13742
795	10500
8270	3818
4798	12725
2983	6079
4880	2773
4283	17014
3701	11390
3093	2437
10240	9285
14314	17360
15975	7188
15370	5468
4180	18438
15264	12837
5664	18169
14043	6152
14933	11599
18179	4031
12118	16139
3970	17517
10613	18535
6098	10391
12497	1947
2489	3962
17621	16930
3897	10521
16887	15398
8327	2107
536	1640
5663	10994
13326	12485
18184	3228
4120	18689
15076	19212
15489	7716
13940	9157
8432	1316
6787	10428
10564	15858
7852	10176
10073	7905
17804	19076
4863	6010
2382	961
3657	19698
9404	12926
14741	17968
19281	9867
2415	4987
14406	12926
8699	4416
12570	2594
11922	1877
2105	7435
9957	10885
3952	11557
8236	13633
245	11597
6509	16833
16881	12790
16592	11844
14774	3130
17143	16224
17908	18077
9628	475
15774	15622
18545	11990
3727	1380
10886	13244
6152	13633
5167	5868
9511	8057
10495	10726
4038	14217
3015	2506
9927	2874
6795	4206
13306	9888
18648	18530
6943	9690
760	18002
14966	5804
18410	10894
16101	3384
2415	16218
13684	2192
6427	12756
12057	12520
2142	13484
68	8181
9273	14256
7046	11727
1847	17203
7102	12299
6790	2371
4858	16769
12882	5838
13936	19023
10815	16445
11283	15837
1800	4100
17490	1369
19251	17639
632	18114
1988	18737
18300	4477
11795	15134
3542	7852
13826	6596
12130	18474
5555	9563
2157	7078
15033	12520
19012	5929
14231	2967
9644	704
786	1230
8816	14148
3438	4432
13998	13234
3341	3092
17710	7113
4422	11934
2540	8678
16423	8340
11738	6194
2909	10938
5493	2037
6999	5038
4783	8213
18966	12431
9095	8887
19690	19413
13670	296
18747	15740
7457	13600
19382	14638
3902	14315
4819	10972
4858	6256
1734	12765
1330	1692
12310	9405
16380	316
10974	8500
2861	12353
17930	10150
2602	3956
13727	3835
14878	5580
2909	731
814	10345
7601	15746
14922	19106
9393	6532
15085	6382
12044	12135
2333	6152
9499	17946
786	9491
18951	4833
9931	19637
7296	4183
3801	7180
5485	13724
11980	14083
6738	6061
2028	11029
7869	6363
3462	7449
15648	11966
4021	649
15813	9789
1810	455
5606	9418
5970	18441
337	2013
10070	2612
7046	15710
2942	15443
12149	15602
516	19307
7624	1456
13869	12485
2738	3097
13662	13234
1875	6361
8219	2438
2769	10555
9325	1097
19084	5287
19125	1256
267	16852
18889	16141
1122	15154
1906	16520
9868	15145
19251	14597
18361	15399
12732	14251
18455	13803
14011	14373
3091	18434
14945	18122
2691	18054
7920	6152
14651	6351
6437	8569
16167	3757
2033	13860
14060	4648
305	6024
6943	11647
5958	2859
15180	16616
8370	6319
19098	13181
8839	2301
16101	13449
6437	17824
4038	2387
10665	17422
18712	6289
13114	12383
12821	17229
12684	19327
13869	316
18648	16093
19404	18988
11610	8802
7058	3740
13230	16518
4098	13262
17279	6276
10086	4245
2423	11116
4954	18041
16677	10443
17511	17476
15356	4732
2119	18403
7751	5808
16855	9572
1837	13242
3248	8306
5459	2876
15615	6434
17564	2539
10665	4399
17522	7868
5847	17117
17261	9358
17229	16721
1688	9800
19079	9654
10410	19037
1683	7019
9418	15549
8859	18432
5812	13854
8008	1583
9393	13794
15819	19709
12161	3751
11283	8577
9917	15419
18268	14472
6487	1865
1301	10013
2932	5207
9106	13297
3933	6570
8373	2506
7135	19240
7044	2230
1837	770
4065	15682
8597	4769
15354	11889
18361	7216
18112	5838
3187	1003
16323	8076
4041	8295
19011	11856
11315	4699
17112	6928
4380	5038
17649	12909
3015	8254
3774	19630
1677	844
3475	16852
10620	13262
4510	7749
5168	16111
8094	17822
2826	2623
836	19222
3430	18398
3396	9387
19590	156
4063	16208
482	5203
6366	12735
5998	4740
14217	15305
12737	18209
8370	8908
16187	13606
18878	2625
2418	1472
13239	3896
12378	14178
2353	10390
15422	11136
19317	8456
18328	12388
12592	11794
18572	270
19611	5581
1216	17557
12175	3238
8305	8495
1273	9462
10637	5415
6526	3791
1883	11876
5451	19637
5916	17560
11771	399
8013	9810
12044	12077
61	7321
11831	19166
14325	18801
11413	13152
15511	8635
1005	11515
14014	11546
6107	16518
7044	12485
4223	17869
252	11123
10483	10142
12971	6794
7675	949
10974	7076
17486	15887
4283	2769
13135	18719
17254	721
10374	7638
11425	11032
6722	8992
3039	18187
8456	17325
11283	15572
15813	2326
15648	1691
2487	4558
587	3601
16592	6222
15012	11017
19072	12807
11478	2279
10057	16218
3851	4687
16176	1870
8930	704
4595	8248
3236	15059
4260	3851
1171	10171
8626	9680
19617	2921
17770	11676
1664	15206
10070	138
12089	7909
18110	7076
19425	8525
16499	10246
719	13611
12449	3705
837	194
8849	15012
12590	2735
19717	9398
8612	13854
875	17738
12414	5097
12044	16704
3529	1612
9424	316
12647	999
13857	14838
558	4519
8692	6010
13506	8397
17772	13407
3138	19637
7007	3314
16197	3846
18458	13291
18645	14683
13555	17334
7645	7500
2421	4333
8929	18960
16100	3725
17023	12624
17007	553
16702	1254
766	11326
3701	12914
9290	19653
17319	14178
1040	6871
9444	7118
16178	13843
9322	5713
14953	13343
2004	18985
5176	2239
9634	5676
3129	19357
6570	3999
6442	13046
19572	3919
1922	5534
15519	2634
9536	16417
173	16593
7217	4208
939	14330
18430	11907
15446	14545
8818	16508
11146	1886
9273	12917
16645	912
14080	15963
6368	5813
1886	11842
6566	8238
3096	237
7266	6019
3116	10871
1930	6152
7053	4568
4180	9360
7634	8688
8893	10211
2409	4707
2225	11341
7024	14472
17225	4031
8635	7066
6503	4611
6049	13129
3727	16575
19616	14099
10083	7419
13670	10047
14857	9666
3711	6868
19347	6227
19646	12743
6198	12431
1435	15989
12714	13796
16996	18958
5880	17973
3498	7515
9322	5176
7287	11320
18354	12880
19251	13965
4160	12306
16570	7402
6407	13119
18921	6081
17225	9202
12941	19214
17450	7473
15716	6723
9412	3133
10984	2353
10311	15990
16903	15763
1945	7168
9928	8074
15975	7064
4094	13091
3140	2350
8441	16285
15562	6321
17169	635
147	943
5045	14790
704	15154
7306	1290
7266	10952
16516	15240
3926	10549
11162	2692
17703	13221
13661	14247
16478	13151
10067	19321
9305	7033
7313	16558
5171	16070
9870	19692
12414	590
18387	6361
11421	2534
6071	16796
211	6990
9636	13462
7214	9158
16702	16702
18913	13634
10718	8800
6676	5578
16093	583
11930	9297
7611	8956
17980	2818
14683	18458
13560	14163
5716	5787
6063	18146
8929	10616
14683	4823
3209	6846
12394	7058
16780	2438
4257	10523
15814	11824
10070	10230
25	16373
10213	910
14097	11926
668	7372
16852	1340
2013	15950
19460	3587
15975	296
15076	16106
2432	14404
2177	5081
11250	6828
10620	7663
9123	14123
11945	12701
8929	10438
15888	8362
12333	1794
6331	2493
2817	12365
3240	7219
15444	9161
4811	13419
15198	7680
16984	4134
1600	12036
3650	17274
2066	8173
17774	1966
13993	17605
1889	3938
7081	13499
17005	15390
18740	1909
8923	4961
3934	7576
10222	18604
12388	1196
16756	9304
405	968
11285	13780
2942	17660
8816	13790
14882	17968
11525	5038
12449	6102
11419	14322
10623	14760
13083	18590
12084	13532
17522	18934
17187	39
8008	2107
18597	2866
12933	4577
17212	18901
9720	15088
11925	15333
3959	2258
7033	15131
6378	13052
2489	13139
3385	1080
4426	2291
2489	11986
14011	17975
535	11595
13584	17257
6927	14540
743	12949
11230	5505
5678	1684
13893	16035
3908	13580
2083	9068
7231	10783
3782	6725
13152	8405
8357	9158
17426	4347
18425	1373
6442	3863
12378	16862
19281	1959
3321	9654
6783	15800
5716	13044
17181	883
17191	12542
12286	7343
12421	6145
14488	7377
16933	4156
7063	1741
535	15401
8392	8800
19501	19562
15085	9161
18014	14825
13607	19435
12389	1
13873	516
5906	13408
7883	2259
11795	19307
989	14454
14389	12492
13907	16583
3039	1777
11554	11260
17089	4083
8351	11426
165	6664
5261	10026
9579	6930
7375	134
5299	15330
16346	14023
12882	2905
3701	1610
1184	7230
12150	8407
10748	6227
14295	16354
4283	10215
16686	2552
2536	8915
8524	16480
14333	14925
11301	15769
16478	12474
18436	3293
18110	12733
7751	6638
17904	9248
4656	14155
3274	3635
12882	103
1711	15965
17426	1193
5126	5418
3059	15416
8556	6676
10856	12187
12517	14673
10983	16978
634	5584
2337	16289
15123	13306
19565	15518
8919	12759
7672	12103
19455	7265
25	4058
13961	6783
17709	17694
9300	9866
1952	2141
9130	949
6286	12701
3627	10401
15564	4449
3793	3301
3390	5110
15180	12995
15575	16622
15223	16825
12443	18604
786	4797
6200	15660
15648	6562
1455	10175
405	3256
12986	9077
3398	11772
16046	7962
786	107
295	2907
14480	12803
6787	8297
10974	5904
15414	9059
4687	6536
1340	11397
7289	8342
10831	8723
12554	8884
5708	3195
10204	16852
19277	16964
13194	14944
18268	6227
1273	4031
2930	3657
12523	4079
16644	9654
4031	2605
1537	11389
16426	5833
8109	13854
13709	6897
16399	19342
9801	5980
16358	5003
14001	14016
15408	16704
2934	9146
11819	10162
11911	6616
3762	17787
16385	11856
18526	5145
12653	8693
14490	19416
14182	16477
18410	7862
4465	9039
4023	16557
5780	742
17729	4546
788	13694
10021	12228
19530	19677
8305	2318
16494	18727
2444	9447
7217	8749
15519	12237
4210	19185
18323	16073
14701	4891
17082	6198
9130	7710
19713	13743
8320	74
10878	5142
14880	14446
10733	13468
4223	8853
2432	19613
12188	10998
7159	17882
898	1772
786	2396
188	12045
19613	18725
18624	11208
2119	9410
13675	3047
13061	19699
3931	8310
667	8855
13555	6955
8539	15105
19240	18038
17511	3835
17972	7373
11232	1919
1184	14530
18571	18624
7994	19022
19317	12268
17940	3895
4880	3080
7289	18484
13114	668
16627	14076
10983	514
18899	1640
16734	5871
2105	9513
15004	13857
10124	3732
12960	17946
12044	19109
15198	13422
13302	10051
14071	14195
12523	1230
5606	535
10751	1880
4538	12384
17715	4475
12689	7686
7315	2090
19281	2751
298	10661
165	14051
18904	3065
2180	10500
9577	15065
16502	16417
5788	7926
15164	3479
19007	3552
11706	6844
7604	5876
3014	2007
16377	553
19347	316
11925	4751
14954	17034
1336	2227
2520	16701
9383	13180
5132	17085
4283	3586
2004	3205
9644	13089
7100	11999
18636	6675
5521	11365
6202	11261
12145	8163
17174	3863
11077	19637
17130	12788
9767	5230
16409	5871
18312	4905
1441	13072
4658	2581
13659	16849
15950	8236
5387	16518
4192	7183
16385	2710
13964	6888
19281	12082
5445	13715
243	10119
5154	19167
7695	15169
15279	12024
2831	10008
15388	12252
7920	16817
3516	4764
15464	1257
3194	18109
1655	3923
6943	14487
4818	3516
9917	11136
14435	16210
16021	17026
17592	474
843	6464
18866	8192
3933	10354
600	3884
5734	12040
19251	5100
1454	11657
13578	13728
15446	4873
17940	15129
2353	12265
4778	15820
19194	10898
1581	14230
8512	15774
15033	13669
566	9590
18132	7984
3187	5330
14424	6728
16786	13683
6236	3564
4679	6534
14933	10854
5547	2571
19558	19236
11803	12033
12191	19452
6065	15763
6570	13633
4560	8684
19338	18541
18467	14540
17645	5334
2642	16550
6104	895
14807	18277
630	10950
18488	17903
17522	10393
9788	8621
5986	16484
456	11829
18823	13545
14742	15473
14371	6519
6406	19168
6367	3835
14314	16556
758	9822
1108	16510
1913	2415
16167	10753
7411	12452
11598	10594
566	3272
17157	11389
5423	6310
5775	17011
5775	13392
5406	17183
4880	12307
4965	9945
16155	8206
6821	3789
17205	10167
1875	78
659	15463
8066	16769
858	16601
17486	16820
6765	11007
17990	3174
18278	1101
3933	5001
5573	18311
2885	18180
10553	17517
14301	9327
8000	2018
19073	8963
9938	10181
15362	3415
16455	14259
8541	12431
5008	15708
13878	5026
15949	15293
10397	1784
10750	639
16589	12637
6071	17014
16423	18253
7695	12219
9678	1440
6340	13876
12057	2834
18356	4861
5155	14135
16275	14092
17627	3751
2902	14995
5127	4869
8783	14499
1624	10624
5504	13570
4595	17733
19275	12855
3851	9158
2188	16883
16150	5226
8950	4110
2606	18621
15123	2370
11850	17800
3014	1898
10998	3499
10444	6645
12799	135
10355	5138
18966	18432
4412	6536
12044	7314
14986	19116
2942	19268
939	864
14425	9323
18386	864
9312	9834
18872	16164
9500	5061
13978	594
8846	12320
14252	16181
295	14726
1683	10615
8761	19589
16784	8424
9404	16125
8468	7441
4679	14222
17511	5984
13448	5050
886	14172
19425	6611
10426	3664
11819	2827
4835	1414
5953	5174
14219	1654
15047	13215
19209	579
18702	10805
4603	12261
11478	16201
1014	2935
13221	12975
18572	18497
14408	2258
12245	7328
2647	8864
6690	11465
8488	11673
5132	17702
760	12557
2509	4949
5381	7836
16378	8802
9263	11642
5763	5745
16437	15387
5916	6533
18597	7186
16455	15408
14855	14273
15733	5043
5788	15415
16048	6444
5014	3419
15950	4788
5919	17191
672	18117
18059	8531
16441	12307
3442	13854
2983	138
867	15774
2029	7941
3902	13421
81	17755
899	1683
604	15690
4656	7159
2584	18485
18554	1338
16419	14487
8929	1822
9931	10198
11386	6752
4142	30
8327	8853
4241	16655
4433	11858
1932	9873
16743	7324
11026	4508
16526	15022
19251	6188
1944	5561
9990	18872
19051	5455
9849	11259
19146	2974
10538	2629
3228	14404
7302	13347
16665	4721
12971	10776
1462	12490
6236	6596
2418	7113
3657	9917
19403	2532
19444	5634
6927	13127
15601	18991
4666	11846
7029	19304
12517	7734
10879	7406
11970	6956
6722	2263
15949	2180
11270	7256
16049	11031
18975	13383
2127	5360
14011	16716
13940	2937
16063	5711
14020	8255
19474	13456
12202	11272
13917	6059
13506	8412
4915	2325
5750	544
13869	7019
13560	16950
13563	7325
3274	1280
1356	12652
7394	5025
18602	19233
12821	8608
1259	2109
1906	1455
7241	9739
17972	5482
147	15736
14424	7013
11072	15336
7866	12306
4811	14988
1930	491
14880	17979
15193	2394
14213	16012
13015	5544
9895	12018
18922	7131
2738	10208
4425	16579
604	2438
15511	1125
8646	19035
13359	471
14389	1438
2235	16340
1321	13225
8894	8962
7751	2844
1496	4127
9242	140
5879	12388
15366	280
19558	15830
10397	3223
9536	13484
14807	16316
17522	12868
5547	16621
14273	3859
19688	11218
1171	14977
16048	8120
6049	15203
10527	13262
19523	4929
12799	2001
12204	9851
14954	9146
4319	17847
3695	921
6463	10052
12445	6270
5567	10206
11100	13854
16791	14695
18432	1901
2304	11551
12185	6980
16012	521
672	4079
7751	18406
3793	3904
15889	18529
3471	11359
15160	9395
18592	14457
12118	7076
9190	11067
1156	3201
875	6227
7830	6341
4167	15261
12149	15887
18543	2067
3753	19544
11248	14902
2934	15853
3785	650
17712	18137
14882	13206
11330	19488
7135	15910
15835	1258
17157	4584
13372	5660
18645	9243
7300	16884
7302	15241
6861	9403
4520	3943
18870	12195
12366	4421
11850	2105
16440	19450
1266	9158
9931	5617
13024	9422
245	15970
16656	14224
18312	1738
11283	13496
7024	19623
17912	12189
7503	10098
18454	9363
1362	18791
11319	1144
1013	4256
6046	2180
8504	8634
13875	2640
1126	17696
14560	162
1301	17004
18526	7331
8498	19550
3727	13609
3150	3863
3793	15757
8214	7903
15813	12347
10910	3516
8504	16035
12882	11641
8270	1424
2584	11260
18312	5699
9242	11040
15085	16817
12366	14908
12070	7372
8514	950
16240	15414
17745	14704
12005	2462
7071	5676
11930	14714
9962	8591
19474	10933
13966	562
5886	6741
4818	1675
8978	14320
14328	17968
1521	575
5750	19285
18019	12803
12118	15778
2113	1696
19509	2609
7081	4326
16726	2370
13631	17460
19264	12275
18923	5982
12590	15481
90	18717
4764	13262
8761	11048
2013	3279
10905	18805
9225	19222
1940	15316
9767	10294
4595	2517
16129	16218
4510	12878
11230	3108
5814	18958
254	883
516	13441
10637	17552
2335	14689
10763	7975
14953	3813
10718	9144
17715	18446
4735	16199
7097	5248
5970	17530
2190	11732
61	2274
9943	18151
14741	15549
17006	10028
12581	16778
19587	11277
410	721
17082	7186
612	5775
5987	10681
8738	4852
9758	16037
512	15132
2664	11814
11354	8021
19315	15391
6285	6227
9536	237
9215	8807
13607	10506
9233	19429
11797	14220
12787	14206
18018	17644
2	3687
13753	9218
14287	5829
19375	4822
14252	11234
13704	19694
9438	16785
2235	12570
18902	4783
13373	7638
13826	3470
6198	11754
9644	15204
5788	4022
193	18413
6366	3169
8923	18597
10755	531
14490	7914
12653	18552
12732	13082
8868	17402
18800	937
16086	13959
18294	16178
6368	16728
15356	429
5902	10579
6482	2614
16203	7441
3920	15021
5228	2228
3430	13859
7885	19082
10774	5413
16346	10252
19255	5262
2932	3035
1507	7928
16056	5812
15835	2544
17764	11359
16012	15841
17940	13604
19474	17481
3169	8446
18275	3817
13672	19184
12289	18242
8512	5085
5230	2852
2124	15936
9035	5151
10204	12557
8790	11842
2635	10587
14314	3186
15860	17669
2766	11123
1930	15444
9644	11011
1793	17153
17006	3393
11833	2303
8305	16264
6236	10136
5716	17679
14073	9291
19112	2031
9634	16851
693	6966
7672	18115
9678	3740
786	13139
4094	11264
18554	16355
12084	6397
6882	9531
14012	1611
14514	11422
15937	921
3016	18128
17774	18124
16502	9601
10222	17095
6646	17541
11168	3424
19713	18405
3859	1257
3931	14404
3830	2576
8529	164
7441	8228
17205	5360
15261	4321
14513	9463
2554	9988
8210	19344
7024	2857
14986	19163
875	7833
18713	16520
18228	11473
5014	15649
19713	6493
11261	1266
6973	177
10520	11650
19600	11007
16050	1441
13152	16280
14408	17212
12311	19432
786	17119
1995	16233
5355	4175
535	8749
5445	4070
19631	3835
859	13590
9095	10135
18755	4330
19046	4199
11926	6590
2304	12501
12093	7377
1634	16988
9579	7131
512	19587
8929	9333
12802	16661
1655	15769
3479	12179
6765	9158
3933	18482
5105	7319
405	458
8468	5360
17205	593
19455	3547
1186	17430
17729	17405
10774	5230
1809	2251
2230	5605
10081	3942
8078	12954
12948	6677
9343	11628
14295	11658
1291	10318
9901	11057
12430	16287
13672	11343
13875	23
2510	18964
12191	2114
2527	1512
3902	14116
17007	8887
859	13811
7885	8992
15433	6510
14950	2250
7883	12701
15899	18038
19061	7263
18553	18958
3091	19643
12388	5406
10019	15952
13089	12671
3262	3657
13096	2701
11598	5577
12042	11631
3270	16669
3092	19608
10589	7216
2228	18375
18747	14310
12439	7143
9849	19063
536	14097
15147	3220
10331	18081
15732	2823
7994	9456
6528	2562
15733	2769
5105	3424
4732	19073
17139	3082
8458	10485
5981	8965
2906	19550
18907	15547
12296	8833
18074	9158
19275	3417
8236	6152
16534	16965
1789	9158
16419	190
2540	10500
11598	9534
7391	19660
13306	13871
10755	9213
3282	6286
17279	18985
7025	4050
7643	17594
17532	3386
2560	10334
15957	13038
2635	13866
12258	16227
2096	11679
3675	326
3092	12512
6648	326
14593	4956
14071	14443
19528	3434
15193	5425
5171	9880
13617	15158
11911	16745
15012	14981
165	11067
3939	6709
4160	5894
2930	17849
785	14869
1945	17191
11285	11495
5249	3092
14785	16439
12171	3302
12523	14273
4043	3223
16197	17082
11795	13003
15209	9894
12399	6227
9805	1876
3240	4058
16239	8311
19125	8633
8056	893
15511	3177
3879	17938
19251	2991
2188	1517
7394	2995
14296	12853
5249	5482
16570	2312
13995	9327
9960	17918
7577	5642
3511	7973
422	13561
16500	14353
7889	13759
1837	7868
9814	5284
10884	16437
14933	4348
6368	11496
12366	9792
4451	17451
19480	6496
14091	950
535	19709
1156	6850
11833	4957
397	17593
14071	17555
2691	18155
17421	4929
4827	7008
1483	15479
15950	13956
14243	15677
9849	19599
12790	2698
12061	7007
13961	9614
19520	16989
15377	17802
17319	5744
939	7019
7602	15522
18041	14188
3714	5876
2997	16566
2177	19596
19617	15481
4687	8379
14742	13854
15164	14632
1040	5508
456	4065
13617	18614
14328	16554
14767	5330
11162	9141
4569	6750
516	1878
1995	15079
19338	19365
19689	4413
19255	9470
3762	10166
17991	7131
16775	6930
3511	10931
7534	8698
3931	11550
18615	16881
4153	11198
14000	12719
637	9462
17619	6219
12227	8486
12263	1665
18589	17976
5995	7237
390	13402
19637	4869
18270	5038
4072	9810
6640	5180
4180	16605
17959	13366
5445	14421
103	941
2916	14542
7302	12942
6234	14286
5896	5333
15075	13197
12701	3368
6278	10253
16455	1750
17379	2139
18442	6715
587	8676
11400	17376
7141	8749
15076	17368
15511	17994
2930	18676
7535	10053
11283	18515
6331	518
3025	8853
16086	3094
5880	10432
1837	18719
19251	8336
165	2452
18667	3077
19267	17478
12156	15345
17988	14681
9962	14635
10637	4226
10252	17285
8614	8136
19026	2915
10409	7435
4885	5360
17729	15408
17592	7076
18736	13469
9290	15812
3661	8337
3498	13632
16570	5349
13978	10361
15765	12259
588	16804
17483	2417
3801	8230
4587	2255
5845	15632
17038	9812
8700	14766
5445	10541
18910	7476
16056	9601
15446	988
13491	12561
3753	7333
11162	6790
1458	14060
11373	3856
16975	12975
3920	889
3695	9654
7866	7779
3879	1326
15147	16914
18417	1266
7503	5946
7978	11075
17191	601
18458	3532
3701	12304
7127	305
6442	3629
17981	7280
630	18367
16300	672
15286	732
13669	9831
211	9601
11819	8163
15127	17356
4560	7661
1837	10599
11739	19332
13350	13122
19477	17544
14269	5869
10613	7512
16499	7517
3169	15141
15370	16335
8210	10228
17191	4148
19701	235
17522	9
5108	5867
5896	12229
1435	16919
19297	13745
18179	3657
12986	15227
14941	17696
11670	7815
16567	8371
17465	6779
14882	14102
10027	6045
11829	8430
19	5178
5678	3799
9215	11133
11433	18251
14790	14903
3872	16306
14399	11873
14049	18505
17174	3693
13114	635
11377	15823
3946	4593
16752	4449
3586	11944
723	8650
17024	16316
6468	19423
6795	1909
10248	19582
17088	8393
7695	15390
6400	17342
569	11004
7296	11584
193	19311
8821	13444
9828	17598
5864	2756
258	13854
14132	2980
899	6227
9425	13212
15312	15107
9619	14792
15177	19535
7514	5952
3828	10647
6443	17264
2768	6153
8972	16067
10057	17160
6094	12316
19717	16666
10532	8681
7270	12949
8539	13846
6510	16518
11419	12420
14855	9755
16012	16035
786	11784
3854	6447
4244	12761
14655	18697
14646	14472
5737	1374
11043	7855
14480	15284
3464	13846
4731	6121
8553	15723
7127	4557
19646	8057
6468	5052
10374	4609
8989	9418
18553	18945
10809	6572
2113	124
19073	18689
18411	16518
4292	8936
10222	13421
19251	3832
16564	6494
19012	14150
3551	7580
14505	4265
9720	6603
18328	13706
1156	6221
19713	685
4725	1909
10774	10069
17040	44
14289	7016
15356	5019
2118	9783
12038	15574
8456	8283
17978	10464
2418	7521
17972	6719
2228	13211
18755	2346
2188	8704
15427	14624
13382	1874
11580	3841
8350	19486
9312	6374
16455	7076
5076	5665
2621	4774
804	2042
5126	11900
3690	7803
1965	4605
13675	13114
12443	8792
8497	16544
2491	3572
12570	2660
5730	2105
10935	5878
15177	18615
10886	8210
18755	11441
9917	10952
390	10518
19444	9111
17846	9144
14488	12093
13315	5114
12339	4721
15446	9
11315	8904
8698	7717
18819	2969
16784	3706
6948	19285
16419	14431
7077	15138
17336	280
9060	8782
636	208
4072	16318
12225	3034
18268	1904
6096	5889
3970	19432
3369	103
3564	16221
2112	18703
17426	15481
18921	12295
17397	18097
8138	12252
2680	4076
19041	4035
13792	19124
10950	16093
4587	17533
18572	11724
19241	16477
7300	5044
3574	2912
17439	4154
18543	16960
2664	8985
19027	2714
13998	8154
14805	17508
221	9418
6233	3375
16197	13939
165	6069
17108	14150
19403	15630
7029	423
17774	13076
18702	806
6501	6010
6437	17510
8514	17232
17761	10485
14243	18389
12916	3530
10455	9620
6570	3893
6683	9654
2022	9601
19579	3023
501	255
13978	12707
3373	17232
14857	12640
4625	738
2606	489
4880	14786
14875	3458
8305	14633
13588	109
8261	3503
5988	18976
12378	19613
18819	9158
8466	6472
8512	14916
6718	8297
8989	6642
6463	2787
9901	6475
18387	4365
10983	516
5858	16748
16887	17775
19523	19053
17082	16247
4527	17059
4129	2781
12647	9158
18819	18689
9579	7894
3138	1402
8846	14343
1450	8959
17541	3457
7302	19585
10695	162
11598	9081
4735	6076
7445	1556
6017	3617
3498	18090
2013	15444
16587	10676
6554	9223
5402	3729
786	3420
4223	3132
3304	17680
14230	11056
11773	1704
10460	9938
17486	7470
11944	16514
1347	15417
6085	3640
3774	13529
9941	21
558	11135
15901	8904
14746	17338
1004	11944
13391	9852
18160	16507
6402	17657
4725	13441
3777	3477
6406	10370
9485	6829
405	11387
17627	19014
19356	16178
3009	5869
13134	9676
12720	15832
165	19513
15648	18969
11819	10913
10352	10507
5014	11329
2919	14041
15047	15916
17772	6723
8104	16519
13631	8740
17974	18022
11506	12640
1945	18091
188	2864
1321	11441
5499	15075
6312	18072
6040	5866
13574	1024
6943	9859
13869	1058
15535	2557
19477	1265
408	6789
538	15875
15354	1733
3582	16811
12643	14467
9788	11442
17169	18243
16052	2109
252	16318
3541	19706
3952	5630
2707	14713
18307	8039
448	13168
6400	19112
5788	4045
1345	14193
17798	13574
17418	4732
6437	3384
16526	17315
12378	16081
17985	269
7268	9164
5520	18157
18132	2005
17592	10087
1156	16995
13560	14344
9788	575
13315	19204
14097	10666
8357	4612
6172	8282
12556	18513
8331	2214
6744	14900
4880	17265
17089	3117
1792	642
16745	19440
1397	15481
16495	11335
4016	14036
14807	6581
13290	13466
15818	229
5970	6849
7617	10181
5171	18811
3396	6152
7712	2914
1439	16662
15003	12926
7616	18595
7939	5039
13669	13930
18899	11550
8251	13604
12698	16233
6049	2216
11737	4458
11283	6466
1940	7588
7240	7263
14513	12847
15198	4116
14333	17667
11635	18176
13619	18719
18992	11050
15489	4607
2243	18804
8621	521
2631	15985
17744	7986
12247	10889
12035	11276
4817	8361
11807	3827
14301	13968
18184	10512
3701	6227
13401	19086
3248	10845
14229	8148
10417	14954
17950	5379
7815	1238
10070	12464
17945	4271
12799	15774
18636	10544
7457	8749
4072	16434
14415	1043
165	7092
17243	9601
19098	15485
18554	5947
14855	6118
5981	12635
4333	18904
17989	17002
2584	14436
11373	19199
8097	16094
165	8896
11413	10776
2049	15297
12682	6293
18131	16730
17482	13185
7667	516
15004	4551
3830	16730
13174	3265
15582	3879
5970	8605
465	8467
5216	4161
1204	7362
14740	16522
4616	8523
14166	16352
2732	1951
5790	19218
12821	12264
17486	19557
8201	16287
15058	950
7617	17620
17868	1605
5633	6447
18401	4177
1721	6013
4687	6982
16262	4713
1205	9138
17112	14883
9069	3520
15615	15650
3998	15834
12720	11073
10553	2114
12523	5360
5076	9017
15268	1309
4798	4546
165	5751
18571	5223
8929	16944
16488	1367
11319	1357
12854	12491
9298	10742
9322	10431
17457	12428
4656	15950
15489	19215
7451	10500
17912	9503
16448	8651
6065	1257
90	5682
8251	14944
12152	11244
19255	2944
1837	14449
7482	3061
14692	10557
387	18218
13659	13105
7601	5496
5981	700
3859	16824
17990	26
3701	6310
12637	15850
11248	2803
19526	10269
6733	13897
1266	2042
3140	13347
6311	16995
13231	8530
3025	16480
17994	15511
7127	129
13083	12657
7	12210
1844	3770
15542	8268
19027	10955
12389	19511
854	1454
18524	5637
15085	14373
5	14954
2606	4321
7452	3955
18718	16809
2334	1079
18712	8665
16575	5434
9619	3060
4032	7451
5542	12431
15564	9569
10538	18261
8968	7713
1907	8313
2013	4168
17707	13839
2191	6110
16197	6010
7616	14628
16750	3965
13771	4621
17548	374
6488	3012
13669	10935
12712	7797
4591	18316
6542	7076
3715	18340
6378	18725
8849	7076
13683	10492
2002	6957
4021	4721
15975	17325
16350	1555
3902	18503
13924	3534
1335	15800
569	1259
8072	2431
15912	6227
11252	14971
11052	18994
4344	221
15899	16751
19194	1584
9852	9888
4426	6154
3155	2271
11003	12160
19509	13823
9806	4903
1727	11028
11162	15572
13174	951
16495	6890
17743	1015
9095	17212
15377	14413
3340	17644
17538	9654
5791	722
397	8940
17276	11488
14289	1909
14656	15504
18636	13184
604	2150
2022	701
2932	15468
2334	1874
3537	16117
78	15916
15678	6521
15511	13038
15975	4785
18901	6765
6252	16388
730	18744
5716	5693
14213	6677
3329	2343
16503	17654
4527	2982
2103	9804
17959	1568
12013	8698
17713	3370
17715	754
790	4527
4094	8669
8929	19163
19464	1769
1010	18419
4679	6451
895	13930
11532	10500
14490	18441
19477	13244
4053	14014
1124	17720
5788	18106
17770	11768
4585	2933
19073	11192
10366	13076
1240	4226
10366	18977
16851	10500
19455	19222
160	18351
8692	15887
3902	5960
17482	1350
10486	2426
8306	386
12265	11924
6881	519
604	11188
4032	11624
4142	16139
9962	3458
13024	7316
2919	11813
1537	19070
16440	1129
9511	17014
1385	1236
17739	19109
1204	8552
4560	5022
12737	12872
19378	13733
4732	12512
7457	16629
18624	7329
10366	17600
1104	16054
1600	5246
1013	14959
1307	16092
8805	11365
18430	18073
428	9563
4123	4012
6927	13112
9596	11767
16205	5809
17336	8307
16378	18047
4078	12357
4811	7076
16592	9462
6067	12026
12601	7634
1134	4214
19338	941
182	10929
19	18586
4075	5566
7127	9275
8978	19568
4858	18155
16587	11675
19331	8208
7823	14404
9721	1469
2489	15358
10461	6074
6257	17470
16049	2623
17279	16119
4934	88
17678	7672
6152	12164
13239	12796
17006	3706
9678	2285
6690	9485
11922	8910
10417	16108
14664	10063
10983	6590
6943	4206
516	19220
17174	11123
6676	17232
18975	11221
3762	5449
7451	7986
16510	655
6278	2479
14427	17238
5168	3744
4520	4906
4344	10755
9583	12870
2767	12601
8614	4514
19275	12268
9895	12271
3998	2066
18038	9158
19614	18701
602	16465
4094	5164
16951	13805
19277	13250
6468	8941
1435	10527
5674	16775
9084	4805
2709	4825
173	16336
3970	13718
5901	17362
11162	8748
14328	4233
9015	6114
17191	10436
18276	6115
8102	1496
7969	11624
13669	6137
19611	16463
15262	15763
12556	15798
2942	7887
19251	11851
18305	11365
10091	950
19317	16151
6007	15129
18386	12623
2093	17800
10067	12823
18878	10166
324	18118
2888	8947
18497	11117
1171	14537
15552	4331
19255	6257
5585	5004
19306	10804
9322	11019
10204	5127
7480	8707
6437	2971
4244	12243
15004	11999
2509	6832
15511	13694
3774	15945
18747	7682
3169	6994
9322	13914
16346	3949
17930	14972
4442	6363
12044	19413
449	7672
2418	7103
5108	18458
13033	3795
6046	16852
2071	10739
15681	4479
12388	18432
6550	885
12258	11858
18305	9601
17972	929
15377	8535
9774	824
12828	7005
16532	11986
6368	14174
6007	16077
387	7579
1171	5745
668	15841
3464	15774
18310	17800
13966	6820
15446	8367
13907	1660
9233	8416
954	14757
3363	16452
12635	9223
1099	7187
12390	8266
11308	18488
8270	15153
12606	9395
7135	7546
405	4884
3979	7372
12622	8347
5820	11092
7417	9371
15975	18140
19386	13225
4740	19639
11077	9861
15975	16818
15511	17968
4858	19032
10752	11110
9868	3354
4436	8379
16339	3517
18018	19059
18595	14324
18524	10435
13348	10436
15356	4658
14480	6548
19613	785
18231	15710
17910	8230
9774	9904
18976	15911
4426	6426
7960	3507
1259	1444
558	10344
12245	3929
8497	4941
3582	7662
17972	14919
18454	10524
12137	7107
7405	9974
2180	3039
10124	16395
18332	5360
14506	9646
18110	7399
12681	17460
7291	904
4763	6515
9312	7950
7306	19695
8072	13038
18300	3914
9351	14997
2429	2046
19525	5915
5780	19289
18542	5065
8331	8427
7751	17358
19460	15887
8730	14380
15212	14704
1597	9563
16165	19240
9150	13671
14922	2070
15209	3657
10366	10443
10483	14270
10690	1734
10825	16005
19146	9375
13407	3693
12477	1631
7231	8800
2728	1647
17729	19350
13174	4631
2409	3815
16599	9629
6417	13604
12378	19179
12845	12388
14328	9700
10461	8282
11053	16518
6468	351
6331	8428
15012	13113
6096	10285
6107	17310
1435	5830
8846	6570
558	9127
9740	16150
11250	2477
18118	8024
9490	7325
11948	14562
18266	3684
17722	14542
3431	2739
2096	15488
8846	9093
10027	6128
12286	10508
239	1335
14301	9503
15845	7638
18425	12228
4075	5908
14136	5211
2680	10298
19041	2087
1634	14938
15408	16026
9636	14737
12669	14737
10852	5822
17089	15366
16742	11325
7830	1197
1181	3724
15586	15262
14243	7226
8545	2111
15422	2230
2237	16550
165	9134
366	3109
1104	17862
19079	15774
7573	2211
11670	8334
3695	16518
4687	575
13191	8430
16335	9888
16251	5068
2200	9313
6367	12190
13446	3716
4410	19653
8868	9054
4116	2895
8270	6604
1366	18299
17592	12079
8251	1233
1156	1354
15422	14731
6787	752
5299	17232
15719	2250
12868	7730
14071	15038
15209	3156
17815	10916
17692	2258
2847	17881
10366	14067
13617	10996
17537	17115
12805	9227
9480	11336
11921	4224
14231	15684
12878	2789
8422	13585
14644	19101
13382	6666
18840	5869
19611	11955
1810	1804
1335	5330
11106	9711
19716	19664
3535	11876
8583	16435
8086	2866
13657	19074
19579	18869
7217	17191
12571	1910
16148	14495
6377	17012
18458	12938
14268	8135
15212	11741
19251	2950
8529	6050
19240	7445
15467	4535
6655	15991
5282	14890
14653	1715
14043	2960
4333	9848
3625	17126
1573	6321
12882	19497
19356	3636
8456	11011
6526	4727
6331	12728
10804	14115
1303	2701
15739	14580
2304	1742
2768	597
19012	10267
989	5807
14273	10575
16855	16736
16813	589
12258	7684
4817	2722
3650	18623
5674	5292
6821	17380
5845	4636
6094	19132
2235	18709
18712	4584
15408	19524
16384	7076
1455	11556
9957	10443
17457	16347
2769	13240
4354	60
18747	18777
6156	5863
2577	2719
10134	2323
16380	16995
8329	13271
11349	7743
13795	9094
659	5397
12182	14153
16254	186
15681	1035
9743	8672
25	1739
15263	10963
8351	11295
9660	3835
19338	18278
14587	10896
16385	16707
17538	16657
14011	10304
3042	11365
7830	37
12583	12848
18312	7989
3379	19653
11314	17509
13777	4914
4923	16518
719	7814
9536	3557
17661	12775
18040	10571
18305	7079
3091	8204
11123	15674
12130	17284
1242	6745
14699	5037
9795	1562
15657	7007
2797	5545
8351	9503
9849	6152
1862	10257
4510	18609
11849	186
9721	15774
18233	6454
5296	7792
7933	19515
15512	16886
16567	15348
4915	16224
14624	1060
10202	7482
11009	7331
11608	12306
14855	14853
1540	14171
12236	14568
15867	14825
2932	7739
15421	13816
4725	785
8692	8298
11437	16477
13619	9485
4480	78
4242	18871
3324	3261
10728	4908
10073	13854
3727	4624
78	14334
18310	17082
3664	12216
1664	19426
14653	19476
6947	1177
5019	4791
6464	1142
5988	9158
877	3852
13675	19551
886	12929
3390	722
1853	8611
3096	9565
11925	2894
15139	3013
7641	16534
4625	12446
11003	10060
15316	7986
7955	14245
6821	457
6155	582
18110	333
3777	10902
5845	14401
3677	2884
18920	4916
10455	18733
5856	14938
14045	10782
2415	8066
8929	11217
5168	12446
16852	16443
14296	12790
6094	19443
18119	12776
19699	9124
4880	10757
12622	19180
1837	16903
16532	18726
15975	7260
19386	19516
13350	12926
7858	4105
16509	16586
9617	7672
17364	10166
10576	8973
68	17834
18110	16518
19525	12060
13231	13726
16423	2897
16358	14053
3902	4056
17511	7325
12682	14944
14973	17123
1718	3479
3321	16518
15957	12583
4344	8635
5355	5436
18007	4857
1059	4546
14337	16757
15761	6782
13024	584
1549	9752
10063	13378
1104	10863
898	4987
10501	9905
6323	16730
2157	12831
15813	17153
17089	4262
17040	8185
2642	8639
6442	18839
15733	15928
19552	7004
10091	5675
15885	3869
17024	15697
9084	11927
4732	5533
10275	8089
15813	7401
16931	13333
16049	4609
16021	1397
9660	2983
9305	3008
17940	16077
2605	2503
165	8787
4595	13071
3396	15928
10852	13360
4545	1422
5355	10394
602	17081
18179	5984
10633	5530
13284	18804
19049	568
9301	3250
6102	11814
18283	12149
10275	8850
18360	1848
14415	9834
18454	7184
19313	3260
875	17221
12986	7164
13354	791
1427	19030
12119	930
874	18716
1884	12101
1745	18104
14699	1801
16324	19516
5716	6074
12387	12807
2802	17736
4565	14313
14914	18908
15012	15720
6065	16907
8013	13801
2871	10954
2808	16823
8195	2230
17898	13863
19264	13939
12386	4128
6	5871
8700	8963
3390	16196
10875	19261
11670	12316
8468	4149
859	13841
5901	12623
17904	2866
4856	19222
3662	2471
8357	306
13873	17183
4685	2734
3920	8236
17363	7651
1422	9157
8243	4058
1340	13333
11737	12268
14882	17192
18975	17212
11533	1075
8635	4767
11930	480
10884	12302
6094	6957
4442	1765
8846	17623
19523	11678
6671	18565
12258	14700
17703	18521
15739	10137
245	14270
7291	4990
5108	1193
16404	9165
5299	6884
17692	16165
1167	5374
18119	7076
17061	11606
408	8435
15885	16222
16984	16661
4560	2550
12118	4637
12534	9507
7457	12926
11496	12240
18480	1778
2360	14269
19098	9451
7899	16444
12263	15287
12836	18474
13212	7450
10315	9207
15648	6649
10644	10240
188	1432
17426	1684
6728	16985
18217	18153
11037	3740
6407	7915
4230	18155
14682	13133
12997	3617
8456	6251
2540	4819
7102	9643
8200	5162
12296	1448
10763	17191
4016	6716
8614	8153
5919	4687
4510	455
18684	18927
6376	632
7858	19695
5606	11595
17648	14967
14325	16869
886	4174
18442	15837
9123	5393
19455	17979
3919	3244
11225	7717
17671	12848
11166	16441
10806	13849
7873	18051
5153	7633
11891	10063
6566	14251
3624	10653
18688	4644
1264	15771
10763	15158
9425	15417
8000	14699
14369	1732
985	17230
14080	2282
17212	13600
10275	18686
12634	14273
11196	1290
15025	17731
7351	69
7569	6458
8818	6620
6178	17387
13613	4537
16852	11064
5595	19064
7071	5770
16239	11525
18200	15428
17235	15774
18198	12329
17722	6863
16425	16561
10366	10885
2353	6893
16645	7076
3657	16584
5806	9918
14080	18574
10679	9305
11283	3751
8139	14036
11283	11178
8001	7754
11270	15979
14880	11528
15760	14572
18266	5661
5299	2255
5734	4716
3298	7076
18370	16922
14174	11123
12682	19408
3715	2289
8802	15028
17301	4486
2680	19587
9365	16218
9011	1004
3854	7912
5076	2866
11819	10530
11994	17375
8458	17252
6948	3950
2360	14534
19084	10527
17329	4502
12152	2698
15949	14524
17191	977
3778	13262
1143	10401
17191	5434
9054	4524
25	6590
14097	2370
19209	11136
13161	19703
714	15051
12669	17016
3093	5904
7142	17956
10190	14192
8371	13713
10563	12788
7044	9323
5788	17698
14132	11556
7739	12349
3620	5619
9412	1830
4965	15807
3178	12388
13458	19473
2482	6581
16316	16433
16931	937
16324	8634
19214	6552
6102	16674
899	15837
19262	2866
2647	5386
10436	8041
13350	19639
14774	12265
3582	18981
17093	2042
16532	5353
19701	2519
5633	14826
19460	14669
8041	11007
18792	13448
3138	10474
2983	19638
14406	7843
997	16370
10866	16433
10081	4417
19084	14679
15967	10484
2520	15117
7693	3835
9362	16298
14596	5965
15967	2342
8425	16110
17804	12623
10486	18143
19391	7801
2461	6686
4880	16667
604	12707
6476	9040
891	16130
1046	11488
13152	5199
756	999
12378	3837
8535	15261
577	2553
1771	12306
10831	11472
18832	7650
16855	13854
4094	17151
13995	7796
6094	16012
2707	2504
3484	7650
10750	625
8929	16634
12390	7053
16532	3698
7374	12824
19271	1228
17744	3506
3920	4211
7351	15990
11973	3166
12378	2370
18200	6883
3711	8982
8990	18250
8913	17398
16167	10166
13607	3261
18951	19420
13174	15806
15813	13209
756	11309
17665	19659
3228	13333
18268	16745
15406	4543
17642	14002
1441	14099
9954	2008
2399	4952
3516	3032
16891	12732
18661	9775
18920	3306
15467	12323
9671	15555
7405	14755
3667	19669
165	18722
14437	12230
14566	16270
8538	4283
11078	12176
6367	14864
1441	12224
600	552
9781	13423
1156	2627
7405	16825
13265	15190
12878	10215
3498	2862
9414	2010
7141	8620
13555	10944
12377	5413
18455	1872
14127	5867
2509	6615
10091	16006
13089	7963
2693	10616
2707	12727
1581	12705
13083	13909
3023	16352
10538	8211
147	15305
14399	2353
6305	10889
13560	15028
11387	12570
12053	13104
12118	2771
7668	5036
12146	16540
16692	10615
2584	16778
6049	13775
19049	4279
13978	138
12399	7325
15564	3513
4740	3651
11973	5852
19164	4310
12862	9428
5788	19657
8929	10943
6646	3785
17788	14561
1570	16737
13792	16054
4906	10345
1855	12704
14505	17587
13978	13625
12868	17757
5228	3426
11315	4175
16686	16996
15576	7714
7302	17754
4333	2105
7014	1924
19378	6331
6520	10638
13265	6464
5	19437
14012	19506
11621	14571
1462	9942
13400	4478
8097	737
2192	6252
4120	9777
4426	16031
11027	12619
10313	12224
17486	18997
8069	9255
8152	11376
15884	1193
7549	16758
10051	9563
8109	18084
12828	9523
9011	7061
758	19414
2051	12887
6728	3896
17073	6010
10144	2453
13354	3548
9781	14049
5850	13188
16526	1103
8370	4854
14049	5385
8239	10445
19382	4332
14389	11586
10331	6435
2738	4606
19423	16318
15362	3740
12191	715
7712	5770
13230	5095
18209	12872
5423	18568
13194	3312
18430	8681
16745	2152
8838	16327
13631	13390
10748	15711
4443	5246
1208	16306
14210	14773
14789	1334
12805	14995
12653	18355
3163	2017
7743	769
16427	10594
9123	4263
16020	13927
9644	11365
15631	6218
8473	16205
19178	6577
7624	14225
3998	4
16335	9158
6408	6672
10804	18549
3228	1909
14514	7111
12517	18730
4344	17901
173	8731
12399	3835
19275	14781
3851	7438
836	3363
17486	12640
1573	12393
15244	9623
3854	9404
17529	2866
19353	11415
19051	19551
3727	8357
12752	4164
10656	2912
17695	5709
12037	13558
17989	16792
15147	10434
15550	16701
4153	7815
10935	775
4256	16377
2112	8904
1013	250
18270	11477
7135	7458
15033	14714
7285	10291
12986	13253
15467	11835
14855	6363
6947	14859
12044	7076
1301	15805
4858	7950
1014	11177
15575	6174
9760	12794
8823	11605
5406	16334
2936	2145
5086	19052
2906	18405
10564	631
11085	10301
14333	18905
2262	12172
1240	711
16577	14321
8580	14256
7561	11118
3661	19222
13114	15134
17112	4707
8244	3289
13993	1169
19713	2327
10083	421
16275	176
8028	15929
18599	99
16526	17568
6437	12823
4426	10196
13372	2878
17157	17639
12389	8889
15033	11966
17665	859
18324	3069
7441	7785
2333	2493
2919	8223
12583	13694
12378	8998
7480	3009
1330	8402
11948	10828
6510	16338
12979	15870
8466	3434
10933	1239
1059	9279
2813	4315
18910	16171
9239	16518
2415	6541
17993	5515
17739	9986
7451	10627
11283	53
14506	5212
7899	4882
8541	15545
5258	19143
12445	14349
17688	19676
11794	18404
13792	19112
16176	14324
2444	6937
5381	9627
7141	3943
1208	2592
10057	10054
5171	11065
6509	10131
15128	1122
12948	2866
13488	19643
261	837
4412	13794
17707	17517
3117	2629
6987	3740
8700	19639
9233	11719
10520	5613
7422	11754
14427	7253
9167	18268
14004	15714
19477	1901
13458	13910
8401	15022
1444	4622
13290	6570
6236	11938
3677	1417
18856	15932
9917	18458
2605	9133
1677	12835
8456	18223
18648	7837
4798	2789
17486	9888
10804	5381
5411	8231
11890	19398
13730	10189
2429	16247
3187	15000
19403	13439
8972	12702
10057	18935
4334	12819
410	16016
9969	17093
8873	10562
1995	11051
3701	49
17745	6790
5653	14954
2942	11967
16575	8357
2429	10586
4776	13612
18003	3765
19477	5580
15967	17585
8138	5267
11679	8188
19369	8472
13056	6849
18832	11208
9596	7148
14789	10947
6488	11079
19209	7325
8695	12841
16578	6033
19072	8635
2902	12516
17214	1043
13302	17183
18772	19379
12997	3034
7436	1366
15003	7457
10426	18931
14273	1354
756	1527
9870	17499
2294	9101
5324	19070
6377	18344
14973	12638
17970	5268
13657	15501
16283	11829
5848	6596
1906	16020
12653	15426
10737	11499
15975	3176
5820	2139
9325	13927
9190	1252
6202	17093
13114	19307
15949	2167
5297	9792
15542	7153
17191	16342
2693	17929
2571	11330
14044	3657
12012	12076
11433	16299
2867	19292
9330	9157
5108	14683
604	2503
1435	8494
15422	9917
13033	16598
2826	19566
6948	16518
11168	4283
10728	583
16049	2605
19275	16139
5808	19363
9312	5760
7033	14022
7135	2180
2458	4067
2013	14155
18403	19053
239	14049
67	6194
16702	3931
10070	17460
19717	2728
15552	2478
7396	15270
6304	19
4343	7705
18328	8464
15025	19599
12653	7690
12386	8520
4687	19436
2527	10096
7375	8631
5788	16518
8158	451
1345	11277
1435	19607
5216	14366
5547	1548
15123	5980
11862	7672
19349	19097
9438	4833
4098	3905
651	18436
6357	12881
3042	5876
5788	10945
7374	7155
7751	15405
18497	17935
5423	15376
2680	3867
2335	5163
19251	14730
456	7076
6987	9823
8102	10906
2621	2791
11829	8603
786	17206
15511	1196
12467	4008
6787	6252
10809	5543
15774	6058
10382	299
11425	1870
15489	18629
6539	8846
6278	12623
12256	18779
3169	3802
2423	16281
14097	1981
10852	15074
3799	17026
7889	4907
12556	12265
2693	3519
6049	17155
7641	6912
13061	14466
13069	8910
17486	16247
16316	11157
3793	5652
3661	11029
5820	2609
16575	2258
12399	17568
7394	2713
17450	338
3099	3805
13114	6529
12517	9250
14406	742
11819	18125
305	16741
15534	18719
13251	11233
1886	18467
8730	12907
5108	6044
14012	3481
11829	15774
15271	11534
7741	15240
9263	10677
8340	18253
8685	9935
19525	3798
11668	9654
4422	11689
3646	9901
14651	11570
13309	6536
2423	3255
2418	15523
1156	2150
12698	10477
16780	5246
3555	1783
15198	10785
6408	12734
18637	13353
19520	12957
9404	5633
16017	117
18268	12623
2103	13366
3178	3455
8244	1213
17681	2237
16672	5557
2489	4300
6442	15948
19281	16038
7815	6957
9412	1989
11925	18470
14514	6949
18312	8367
10734	16573
16165	8182
6102	11411
25	2370
9272	2838
14857	11556
17627	9546
15859	460
18328	11646
8692	3103
14986	17905
15975	16745
16403	14493
1347	10389
3988	5613
11283	9569
3657	1397
18479	9973
5270	4712
8357	7155
15971	8689
16677	15415
1347	18225
2243	12499
6676	14019
7097	575
3194	12108
12986	16704
3727	14748
3778	13214
3639	1294
13477	11407
12152	7771
10532	3052
19682	11231
6464	13167
12892	10395
7748	3009
12892	18958
7518	19366
8292	6148
602	1646
160	19196
13536	5775
2606	8454
18018	11250
15012	5399
377	3486
788	8635
19322	4675
13607	11664
16904	17647
7231	7986
9901	2046
17698	11048
6927	18936
15582	2840
1844	20
5678	18246
7852	17220
16049	864
6813	11662
9536	10546
11819	8536
11631	5424
18992	16642
14171	13725
15356	7546
16455	4610
11425	5905
17082	11873
8783	13681
16275	2097
18268	13680
6690	7672
3023	1637
2587	606
6172	8412
10774	1692
18480	15779
17007	2105
15871	505
3396	13633
14230	18444
1940	336
9120	6871
19534	19431
16086	14431
8730	6830
8972	16518
12087	10042
164	9817
7175	11837
3516	17402
15388	12565
9011	16541
913	1775
7602	12076
14372	2231
18179	5533
17410	8299
8320	18507
1301	11754
7241	10896
6169	138
10081	2506
8821	18734
11739	10578
19425	10710
1050	9489
3607	17432
7300	14447
15223	14475
7046	4085
16514	14796
6550	15376
15446	7298
17212	17082
7287	10945
14057	4895
18018	17904
7482	14111
13039	6416
7617	240
14694	16073
6293	1925
5299	14476
17361	18691
18624	17517
8103	7854
17017	16458
15012	1459
16747	10544
899	15812
5806	13633
15950	19200
11317	7019
4185	11999
18602	12841
17661	2288
16665	13409
18702	12295
604	18268
17139	10988
16515	5643
11930	8982
8929	10901
15859	1932
16346	13635
14045	2544
5998	4288
6305	8651
4121	17230
18198	15142
15408	19507
18636	2058
10589	2077
13678	16661
11938	950
16526	104
6084	2570
2225	9435
11632	15783
14683	15481
15270	14122
18410	17486
1739	516
13978	8195
8270	17674
13060	18060
3811	531
10804	18464
6787	15367
15316	7131
1273	3324
6530	16696
10718	16453
19631	12914
2027	11356
14742	2109
13673	15384
16089	13978
8597	3443
14333	1585
12570	3233
10763	13090
12333	6008
7312	2100
10091	11464
10831	18107
17562	18415
7663	9658
3759	859
14057	13376
94	4610
10595	15205
18554	1101
17901	9418
7214	4615
3988	2322
5856	12587
2093	7141
7058	12765
5090	722
6178	1701
12326	13553
10190	2286
17023	4745
8744	4716
6396	987
16287	8317
3582	5102
13578	13656
18526	9751
2930	6233
15960	12628
772	7185
18310	999
13993	12497
938	3108
12971	5100
13966	1433
193	1258
6464	5385
1171	17185
11797	3506
14922	8215
7672	4764
1273	4344
588	1081
2177	16840
11670	3013
16197	19240
5880	3523
8524	16825
1683	12623
10027	18586
13822	12895
19125	17043
19281	4372
11349	19646
16405	10443
18409	11063
4100	8236
15212	10498
11925	16102
1970	13667
1800	10293
15511	11423
3418	8243
17707	5802
600	14275
9957	8457
3091	4753
9485	4893
12772	7680
2	18926
5614	843
6366	17371
17214	9747
5901	17549
5738	2981
12986	19105
10070	9323
19496	7237
16283	16230
4858	5190
6368	19645
16726	3594
8280	9029
12570	4929
19530	1395
9760	10853
6765	13857
13563	6987
13152	13855
14594	9516
7417	14944
9732	10813
17208	11108
6765	2773
2423	6338
3321	7076
6257	2975
15012	17014
3498	9291
9640	5888
11038	11220
13536	12372
5019	1498
14134	19282
4906	2180
14242	15353
16752	14562
12019	5124
4854	12803
8593	2700
16488	16661
6442	16325
14293	15348
6728	9668
8370	17181
13971	3740
11694	17126
310	12252
4153	6010
15631	6970
8104	14408
7697	19704
9849	9527
13599	17183
244	11193
11670	7215
11166	15482
13740	12909
18015	8732
15765	1654
3932	17347
11770	1642
9928	16008
13101	1375
14596	2219
5092	6694
4747	3951
7712	17795
5790	13001
2509	16493
5678	14731
11698	2342
4075	14174
2271	5861
6495	18509
6509	298
13524	16764
18482	16093
8456	2492
3140	431
1225	7986
14787	3864
12258	16518
19320	17322
7093	13549
12394	5246
10875	639
19464	15885
19657	11838
9106	9199
16742	10245
1099	19042
15209	2438
15719	18988
2119	6468
8109	459
18312	18110
2084	11179
17846	9801
7698	14379
4913	12365
9705	202
13998	10264
18966	16035
9628	17461
18410	3927
16881	5063
11330	7631
13784	292
14014	8112
12149	937
19251	13855
3425	13722
15263	18252
18118	8510
10486	15032
9557	12701
10463	13244
18907	9677
17945	13214
17809	802
15422	19638
19240	5019
19611	19639
8167	4617
9870	4541
7480	7143
17980	3050
13826	7825
14252	7914
8456	14453
16404	5600
18613	14684
15813	7697
8882	10462
10507	17232
12834	18866
13854	1645
18356	582
2611	134
19530	11873
11850	14418
17471	10665
10690	3740
10070	11136
13940	16683
16409	6464
587	18546
7601	6991
17244	5254
16021	4366
15147	7496
19620	7470
6056	6142
17797	7206
962	19048
13006	12731
11247	7747
3902	15026
3620	13906
16263	13297
9758	9452
7217	5184
3630	3302
18383	11467
14596	2229
15811	11011
15356	11525
5730	6963
14000	13165
10086	2639
8006	15708
7815	19639
14505	8084
1322	498
18007	19562
15356	1321
1264	6002
2163	16851
6368	6590
3363	11602
14273	12960
10778	16748
15180	10219
19382	15010
13607	3446
7549	3157
612	12220
4818	15675
8519	14083
9634	3643
604	7638
19011	10395
4142	18441
7889	1966
5171	4577
12622	10417
3311	3210
7549	12406
6417	3047
13998	3906
8539	15219
6402	12345
3096	4132
8233	12974
8305	11765
11728	10591
15867	4868
9641	6802
12845	9437
13064	1876
2691	17929
6425	18553
18773	14684
18014	4079
16495	735
17846	6010
15819	11707
13239	4725
16855	17979
5788	12144
17764	13496
5614	1367
16775	19637
5760	14669
19264	13381
8343	17910
12949	18115
8526	1253
13210	8575
15212	13778
10748	596
10998	8593
11569	11585
19420	16695
2337	4628
17418	9858
18543	13737
9418	1654
17868	15442
11425	17784
10315	6310
12622	2037
1521	10081
11037	17597
4803	11539
16455	8426
1347	13010
16488	18268
9917	14731
9178	16199
11926	15841
5309	10265
11211	11592
17361	11870
12737	13292
14829	7136
3953	13823
6528	8066
1143	16129
4827	12285
2103	7516
5788	12401
9758	1535
2545	770
397	351
10733	4243
3551	14934
2758	14607
5355	15414
8593	1644
4625	17551
894	11295
6363	18958
9551	4191
2022	17651
10984	937
4965	6011
17040	6277
17023	9623
2992	11260
6503	13370
11943	15964
8392	852
12084	3923
1356	5533
13617	19264
14653	9061
14405	17968
6542	17577
4965	15482
11421	6276
10463	6094
19240	4732
15759	19222
15286	2237
3282	10734
6571	18534
9941	10370
19255	15134
11970	7920
2826	1980
8350	1226
18410	9801
14424	1177
6554	18916
7624	12152
14372	7940
17112	13572
1718	9765
12965	6913
17081	10158
17942	8838
899	7673
5708	1222
3169	10105
13971	18796
18442	9601
1634	18444
19474	13015
2334	9410
4334	18313
3537	3027
9485	1781
7029	11277
18524	13456
11425	8837
1356	14672
17181	6317
6368	13773
3464	3384
12044	365
18442	7672
5814	6657
5154	9302
1204	18418
790	3905
6503	3514
9665	17587
14274	17866
1397	11136
7259	11209
15511	10755
3920	17596
3140	18512
786	164
5788	15243
11906	7998
10419	13767
16682	18402
15519	561
12854	12562
6943	6723
1441	13409
4934	561
5176	5713
11533	3108
11819	4335
11433	10401
6765	15321
4942	890
18059	18659
9788	5884
11387	1909
12859	15521
245	13457
19534	17052
13400	5895
11631	3598
18158	5384
10806	19516
18706	6590
15356	5257
14415	3300
7246	18384
15534	13004
13233	16130
8815	19356
6513	14155
3897	13500
577	8922
13684	1755
16274	12368
4074	6838
17645	13811
1356	9791
10998	12171
2693	11915
8514	18318
8859	13825
6539	7059
16575	8210
17486	18278
11797	15944
10817	2111
16197	17089
5884	12256
2631	2166
18899	941
5573	11271
693	18441
2608	6275
13083	8376
9760	16833
3517	5260
15950	9161
17897	5573
15889	18737
4120	10042
14363	15276
4977	19637
8305	988
14596	7637
8350	3923
7641	13244
14823	7076
12102	8982
7411	7245
19657	9836
17800	8876
14435	5079
11009	14700
4666	14946
8989	7959
8200	16877
9671	10313
2252	1361
19553	13534
6368	445
13795	7577
18819	12316
9178	2234
5109	15557
1490	9977
19012	5509
11283	8993
8859	16965
408	6614
17989	1939
15316	9158
4596	6092
7474	11539
6790	7058
2423	8588
14353	14899
15012	2055
8158	7019
8950	6215
18755	2227
8392	16318
4167	14842
6464	5799
15194	19042
8626	5695
4032	13779
11283	4539
14311	13529
2177	7076
9907	19421
16951	4829
15025	19113
14401	13863
17522	6793
19072	1217
6198	937
8538	16518
6293	13904
15759	13554
18356	18747
1016	1421
2118	3347
2540	18409
10620	15344
2337	16080
16998	8085
2049	11071
17681	11482
512	9154
411	2937
13460	16691
6156	15351
16048	6833
4142	13253
566	2535
18525	19560
7374	2536
16534	1498
16852	14618
11794	19156
3091	12949
16427	15141
4031	9877
9795	1668
7214	6094
14709	12196
15223	4555
8683	13284
5126	19222
15534	7672
5779	16246
8456	10003
482	3689
10817	314
17790	19056
1301	6761
16784	4118
13678	134
7141	8175
5228	11638
2421	5441
15888	14985
7821	10468
12805	14936
16011	6000
19214	1748
12053	1092
16175	15361
4915	12587
13607	14944
14391	6903
16740	12471
25	5940
16589	16657
17511	9485
15782	7974
16346	5586
17945	17161
14882	9513
13191	8603
5126	17300
3511	2222
11633	4877
8790	13502
16587	8725
6340	17223
7214	1981
2768	14597
12161	14562
17980	16452
7168	11123
16478	5186
15975	19582
8950	9714
18132	3799
12606	10689
5633	7080
14325	11029
8014	5122
9644	5862
239	7153
16577	5916
18571	8776
18385	14093
1496	10097
2333	14155
2605	3835
3498	18720
13337	7919
2382	5145
4725	18054
4725	14893
15414	19674
3228	12431
5950	2375
5880	15769
8873	316
8929	3177
3931	3103
9412	9716
4393	10527
5716	783
2177	7350
3390	13174
8464	16584
7823	2216
11283	16704
14437	2770
7877	11544
11798	19305
3662	9565
1171	13170
16768	11563
17450	3297
149	8161
3701	12507
17908	3862
18923	8317
6408	8803
6943	10474
14301	7367
5366	5734
25	13107
3762	8800
7828	7349
18333	13887
17426	5253
15414	9157
3516	15183
15587	12615
7058	3101
14391	2544
772	17617
12881	158
2992	12640
17081	7696
18432	18409
7180	10592
4562	18440
13326	7325
7624	9592
5094	10008
16243	3083
3854	5633
4426	18241
2566	8969
19251	7212
1240	9691
11970	6355
5168	17007
16743	8275
17007	17212
8464	3835
15187	13141
19601	15255
19613	100
18582	4849
10751	12252
11844	6529
13869	19574
8930	13089
18370	9204
449	10031
18736	14068
19620	19460
14405	10081
3715	4927
5090	10716
3056	12623
915	14909
4049	17297
9233	19189
704	15774
3517	15531
12149	2866
17798	1024
324	5859
10123	3867
12925	16322
13114	1909
4043	14058
5282	13462
13194	4987
16984	18674
3140	18934
8887	2477
16021	2404
14217	19695
78	9065
14230	18771
7858	13640
16564	4066
5781	7667
18664	13548
7597	13854
3571	12219
9035	17181
2112	9953
9758	7393
3067	6188
12386	13345
3385	16550
14855	1156
4679	9500
19251	15318
8014	8025
4906	16247
15535	11802
18645	15690
4819	15321
14252	4779
18904	18507
17215	13841
18597	11873
8932	17556
9106	19438
2432	16317
1066	5376
11263	9958
16575	4995
1889	4321
2826	6227
366	134
4793	3835
19640	17718
8350	10709
19011	16818
18038	18710
8041	16285
15899	4120
1800	11996
7135	4732
17319	7134
5168	6293
11630	2295
17583	15774
6094	14618
19050	2523
9743	16888
9852	17810
19520	7153
786	704
12012	16501
14399	9619
8761	12127
19614	6073
931	10962
13295	17561
730	17631
10984	19639
13727	7638
18017	18500
512	16518
12386	8534
2942	9808
12263	3307
8626	1566
8720	17968
15370	814
15264	715
4480	1500
13661	5764
5567	19184
16316	14099
11930	19151
8351	2417
9239	933
13024	1689
13661	2949
15813	9454
8239	12678
1875	14494
4128	1417
12191	10394
6234	16364
4666	13434
16197	15321
1664	18907
16440	715
12188	6404
8802	18859
3701	12771
6202	653
12421	11273
7169	494
18442	13736
10638	19285
16425	263
15739	18153
247	14825
4954	18800
756	6634
4625	941
10064	17183
16742	14066
165	18822
252	6136
4725	17257
13144	14403
13617	3001
14922	3200
15784	5106
8219	451
17661	6136
16251	11180
2817	10662
13069	18623
12453	9947
7007	8321
1884	10546
19713	16373
16197	6923
6471	7076
13134	803
16645	8048
11501	10555
1171	19377
18110	6283
14683	12168
10329	19003
15312	15907
4256	3421
6566	19604
19338	4483
18910	16288
4672	10871
604	49
14424	16867
13857	13333
1714	15799
5261	14892
2103	18298
8306	18204
939	7058
6096	13856
7127	16925
587	2563
2969	17257
16494	4752
10998	1255
12445	18689
18524	15825
19382	2173
16346	6005
7641	14213
18809	13304
10409	19565
4748	33
7024	14816
10733	8868
14043	1585
2540	11064
16645	8288
8257	16076
13560	9155
5445	1100
4455	7200
12782	2032
12575	12973
15262	10600
4232	9834
4818	12660
10806	12043
15445	13779
8929	17905
68	4735
2813	12640
11354	13721
14945	18297
19552	15389
7920	12944
16677	7339
10057	15115
18922	12640
17061	7787
8894	15
7604	3945
17139	8130
10204	13857
16506	16981
8498	16094
7291	2167
7246	8884
16048	497
3727	16007
11315	8839
7821	512
3701	11567
3289	14068
7127	5479
8422	15617
8325	13333
11013	2831
17930	980
16742	10779
2463	5050
10733	12790
9841	11658
16649	13639
12689	9232
18899	14404
19551	1238
13039	10517
15164	683
10139	734
2566	9829
19617	5298
12057	10980
17793	8517
6554	5827
13488	18663
2944	19034
604	7607
14325	19076
536	10888
1559	9218
10842	16769
11622	11303
19590	8351
17212	9158
12118	10487
17042	8349
267	4339
182	5369
2430	148
9726	18789
7296	13943
8689	15506
3067	12356
830	17350
8385	7396
18907	10826
4731	4436
17089	3943
362	11865
13416	19098
1014	1839
15261	10605
14389	16767
15902	11934
4334	11439
8859	17089
2177	17068
4098	3981
7876	17221
4426	5547
15152	15893
3282	9036
18328	6227
4735	3265
5270	8725
19011	6254
6186	15722
13400	1955
16526	15209
17800	2105
4078	17158
13315	872
19214	851
7939	1141
18637	17043
3762	18008
5351	13614
19378	2493
14425	16442
8201	2517
535	10270
4659	9285
8556	17355
10806	6519
14480	17561
16419	7680
5092	7004
13584	16748
12532	18207
12862	12836
10170	10102
7003	16507
7173	7923
8723	8976
8464	2014
6437	1536
13563	19070
16187	2809
4032	9248
16197	6609
14415	2878
8700	2831
5381	16071
18544	13387
15320	7076
6104	2032
12821	802
8280	17460
13777	18253
1922	7143
1600	16780
4116	1909
12732	13446
4078	3840
2606	7076
8551	5680
17621	7151
19073	2957
4560	10544
15039	10221
14252	3676
7668	10624
2243	1340
17739	5875
9841	3705
14314	17049
2826	864
1537	3631
2350	16518
16488	6310
17770	19620
1186	4206
13089	3438
3329	16582
766	7018
11862	15662
18819	17436
19011	677
6096	2003
15542	10095
19637	5077
5806	2894
2423	4973
14933	4951
9075	16932
2888	10989
813	3836
1793	19352
18046	1765
19329	6062
16904	13240
15315	15169
17889	6455
2621	16574
8538	6725
15629	10039
11261	16702
4241	15283
9743	19485
18819	19639
4129	2031
12449	5918
1922	9874
11737	15288
2027	16723
9301	3622
17942	13686
9382	19033
14656	17871
7172	5682
7889	4805
15905	9291
18922	14515
19073	11969
13241	12489
18158	6122
4725	11694
4038	13255
3438	15763
7135	5019
1745	7208
5916	15465
7467	7730
10091	9874
13408	13412
12399	864
3824	10066
6178	9430
16350	6475
18878	8800
10091	12252
6948	14222
17846	11550
15732	15943
5737	6093
5154	18689
18613	18200
16851	14940
16425	18115
7877	18731
15648	2274
8859	18403
2458	5176
17712	13053
19675	6152
18800	1909
14011	6570
337	3206
14004	2438
3582	11811
16403	13979
61	7663
1496	11011
11698	9988
324	15898
5451	16775
8441	2866
7739	5621
11819	2307
5406	2729
4354	1021
16502	7182
2119	5730
5094	14188
3607	19365
12249	10940
11308	950
9883	770
19021	15712
13391	18348
12971	4935
3096	7625
13241	13056
17396	5377
6063	13280
5105	11168
16150	12784
6107	2756
15733	16492
19223	14390
19520	16807
4929	10004
15586	6227
3066	15039
1266	2311
11162	6603
6482	16537
6542	9654
18467	4721
14945	1815
12828	5553
7641	5074
4954	6982
17182	316
7302	11310
1156	8472
18168	12645
2432	8310
588	13200
17912	5854
2606	1522
18160	14999
6437	226
3774	17024
19425	9761
17548	14618
3516	19587
9941	8992
745	9503
12787	6721
4436	2629
3368	16076
14857	16054
6067	15258
9393	3362
15983	18158
11387	5665
10409	9393
7624	13426
15244	12341
16335	1350
4885	5596
19425	3460
19697	6453
8072	14944
239	18170
12948	12316
3926	15190
9444	12693
7240	9824
6096	5388
8839	18277
7643	8281
14926	1472
6640	6332
12044	11178
18740	10175
18341	1374
15147	11277
14926	19508
3701	9214
11130	3611
7604	17268
1537	14273
11333	80
15040	7714
11043	12434
9412	19365
16564	9314
6085	13942
17363	6462
6948	2604
2429	13385
19520	17039
9767	10652
1844	1561
14086	16756
15760	711
9233	17011
16509	31
14957	16655
11710	17435
366	13678
14134	2332
15517	9418
11123	19639
4958	5255
16855	4552
12477	3352
5575	10328
10763	9140
3363	9031
620	7076
11166	7815
17696	19508
15937	1715
7310	2531
2225	7202
2621	17647
5901	1984
10553	9706
2650	17026
3801	11460
15143	17805
19277	2303
10204	12300
16065	7764
13784	5360
11802	13625
11679	2385
776	234
2442	19112
13552	10008
19707	18829
7645	2551
8125	3001
16933	925
6570	13360
6783	5330
9788	16908
14011	17278
1528	14256
17678	14218
19247	3951
1146	348
8930	1314
4230	2737
10248	2771
8236	16817
8422	6152
12878	6137
11844	1754
6539	15008
5575	1690
5019	2180
12821	13986
6143	18199
4531	9724
3117	8678
12149	7969
9579	15870
758	16785
3926	9904
10807	507
1875	3715
12390	9181
16567	10545
5970	10349
13295	17126
8932	11745
17081	5958
7315	7180
5791	630
15370	19639
9339	8211
8978	1366
8052	19427
3379	11340
8008	2438
3624	18717
3661	13978
7217	15832
18597	9888
7445	9158
10817	11685
4142	3356
3000	8908
18966	9801
7391	1170
4451	14386
13540	1715
14619	13895
165	14146
12497	8044
7969	7131
3313	17753
19520	18215
2631	5785
2732	18961
11638	14292
2584	3826
295	11692
13584	14487
18556	18901
1930	14155
971	2937
19356	13843
11285	3284
11568	1238
5575	12968
12093	11479
6102	19516
892	12450
3471	3354
17187	18596
9678	15253
6566	19358
6233	10004
8873	7222
11254	12115
405	13587
11540	13480
14399	5077
16173	3595
5299	8391
16791	3833
9305	12623
9838	11606
7751	6414
9235	665
16726	5527
11840	826
17745	13846
12636	7076
14777	90
8930	1192
14252	3108
13670	6636
9838	5652
16243	641
4075	17016
4835	1546
18608	17183
1664	2715
6102	195
9634	1350
9644	19391
14424	736
9618	4134
3537	5147
2309	15561
8371	4725
8507	9443
15147	17815
3701	13447
13770	17787
14566	11174
5019	16247
859	10146
16399	2855
6728	8325
10783	12516
858	11227
5096	11029
77	19183
4433	19201
16427	4987
956	2271
19007	7850
10718	12836
7141	3133
1013	10123
10878	17129
14692	10322
9692	13646
4256	5492
10613	11305
1521	18504
16399	14999
7259	19618
15616	16441
9644	2450
19614	14167
13755	15408
9382	7076
558	17504
19255	15203
12057	1166
12497	2744
9412	103
10057	12110
8893	4302
2409	7076
5919	11260
19264	1806
2292	18060
1524	15251
7617	4874
13400	15689
15058	4823
3756	16407
11162	14730
3934	15139
4605	4110
8094	15305
2909	18084
13354	14062
19317	947
6947	2541
8116	14068
8159	4920
18430	17269
12443	12494
3438	4389
254	3625
17279	10317
8425	18426
512	1720
12378	7372
6086	6014
2391	2757
16644	3735
4658	16441
19611	9888
10750	16320
310	950
3363	14841
5808	8569
1970	7101
16409	1863
17857	4764
3933	5553
17361	8236
7071	10008
10856	13112
1301	553
165	18396
2992	17904
15377	11989
2635	16991
3178	17968
5490	9072
9644	14425
12933	1636
15588	15135
12997	16518
354	6157
13437	18071
3390	11194
10986	17923
10315	16869
165	10515
19520	12454
17648	2324
17665	11862
8329	5669
8715	15946
8214	9247
1521	977
7995	3944
17991	7155
13822	12623
7058	2937
670	7253
2459	2877
6252	15428
16637	2783
12296	8548
1731	4045
8929	6912
3426	1960
1837	7076
10520	1558
14045	4236
14875	5643
8816	4274
3902	11365
12720	16575
1444	17741
2813	2878
8373	5533
3756	9409
5678	17650
15739	1508
5499	10138
1792	18957
8102	14825
6728	12003
3782	17385
9444	884
16275	11606
16300	9418
740	7076
11333	5760
15813	3013
17985	5483
8381	5400
2577	2751
6464	18717
15139	7576
5784	9529
6854	4845
19600	10518
16448	13386
2351	18210
8849	8395
15774	16026
4223	12472
18819	2634
4333	4872
6697	5607
3129	9642
655	9157
14702	14840
2382	15572
18017	12335
305	10837
14857	2902
9472	9678
3412	14492
13239	1198
14596	18726
15975	4726
16293	25
5605	12938
9150	11949
1945	2242
16494	5198
3778	16518
16473	12219
13628	5438
5606	17968
12986	2771
15313	17287
13631	10991
689	6098
17974	8763
17219	19328
2051	15430
14060	16463
12012	19435
411	2025
5716	3349
11378	13333
3187	6819
15813	7415
13675	2431
17465	3485
10767	7928
10527	18737
16756	7078
8371	11550
2353	738
11632	158
5901	8506
17631	2151
14252	9629
17157	10786
2103	3848
13869	8278
3209	17874
6753	14955
18482	5342
9058	14305
772	3721
7135	8859
8936	16582
10564	8089
11377	13359
3369	12431
4344	8072
15721	888
17541	2536
19073	13310
10610	1478
10409	11140
11254	7733
11123	8800
10409	9369
3093	13851
16384	1644
16747	5508
11248	8502
3557	878
7445	1266
6101	16648
18430	15479
405	5094
14217	7192
17974	829
1952	19639
15657	633
11230	2668
18357	10241
8936	7491
6571	11986
10419	14318
19331	4481
17710	14493
8070	16830
1104	9002
17191	8749
18740	19613
14210	13950
244	14068
25	14480
7578	6164
9322	13642
3778	17293
8772	14150
17023	5976
6242	11702
9939	7206
8512	19151
16238	17800
11224	13533
10983	5261
1928	5205
19552	3190
18740	5838
3483	18060
11737	9103
5880	10830
17627	10848
9617	5731
19267	3768
8859	13136
4436	2273
4913	3516
14807	14059
11176	16311
6728	17954
18717	9601
7218	12878
515	605
15534	7076
14701	10457
17157	16337
294	13211
7617	175
18736	5590
4765	14797
1013	11221
15542	11365
7698	11038
17946	2962
14437	10636
11922	5127
3135	12248
8514	2695
14692	7034
2103	1568
17208	1082
4219	10107
16086	12043
14609	6929
14646	10481
8821	18436
8593	7897
9781	18151
636	19294
18110	10885
4380	7450
800	18082
5029	4655
17548	7647
8292	9666
19474	12215
15835	17679
17619	1425
3093	3611
16478	18832
3762	7798
12013	19646
7815	12736
13212	2353
3665	5957
3926	13638
7535	2219
3701	18303
15813	7255
7885	11700
2049	4854
14709	2282
5901	1683
6542	17471
15564	2917
7217	10874
6323	2506
10842	8352
17908	54
1945	8355
1930	3279
16346	421
3854	3001
5463	18604
16534	16778
19092	2976
17093	1235
2941	18728
4422	19456
14855	9478
3274	9260
3774	18277
4344	8197
10409	1242
10656	12713
5788	4279
14043	8236
9969	17486
17522	15570
3274	3291
11922	8534
19266	14149
16093	15577
7597	12637
532	15718
18268	18109
4560	19618
830	13854
1013	4687
7695	11603
4450	14838
5465	6654
3662	4893
15446	10400
10070	10316
2992	990
14624	15774
17512	6292
14014	17705
1209	1021
16852	11999
17191	11468
1304	9593
19690	542
786	4461
1216	15481
12606	8802
5229	5869
886	12975
16086	15556
8280	1472
188	13507
7312	4749
3641	3652
14655	1469
19183	5838
2728	16833
19207	12216
15338	1689
9235	17471
10879	14167
9720	12971
2510	17229
14020	2500
15194	15136
512	2041
10374	316
17412	11635
8156	19712
5406	13937
16179	16923
4811	5368
15039	15472
8103	16852
898	8697
17988	16304
4595	14267
18962	8967
6442	10025
11608	2988
4880	12769
16240	9157
11840	12445
3240	10432
9732	6021
19480	18673
17032	4919
2983	14843
18019	11292
16275	4774
8683	12208
12635	14183
15950	10119
11437	17912
13135	16224
15983	2296
9106	9478
7214	275
13661	17182
17706	13479
15813	18504
18041	2316
16345	12790
886	8628
19420	14356
585	9768
17846	15798
375	16181
12130	3637
3762	7917
12689	16965
7616	18958
7482	8800
7266	19288
9300	5966
535	2258
18608	16256
5126	7057
12026	5736
12310	13150
2769	9025
6107	11843
689	16750
9613	10786
3785	11660
9957	10399
2103	17959
19240	6046
147	8802
13135	10208
337	10596
12019	3340
2650	7436
7514	10016
4740	17578
10091	17849
8643	12974
19404	9887
17465	290
9901	10889
10718	13409
5076	18689
6401	15262
4436	5331
2930	7264
15354	3475
19646	4585
6842	17622
10807	1644
17006	4118
10665	12811
6861	18906
16516	10990
7592	8901
9425	4657
17604	19227
19520	14161
1528	10004
1259	4463
786	5418
17959	11195
18554	8910
5171	6276
2814	7444
16526	17511
15949	11560
8643	6759
11386	1654
5229	14549
14945	15001
6927	13529
19611	1101
11922	18068
8041	4977
2612	1397
9801	11647
14566	15781
17745	15572
15489	12197
15033	12026
18497	10332
19255	4576
11261	3362
6233	13749
655	7480
11501	13124
19713	12205
13684	14719
3694	17279
18184	5899
756	1925
2444	14669
14011	8236
16784	1110
1922	12134
3952	1073
536	19116
17994	15677
19080	12456
4450	9852
8683	169
17042	12397
14790	17379
8014	19038
7315	1593
4863	12240
6229	2789
10663	3772
8790	10401
6040	2379
4116	9521
4725	14668
14823	16518
10374	18268
5880	12926
16049	4443
7007	7743
17061	12783
5406	2311
843	802
5238	11098
7287	16164
384	902
9343	11365
15950	2960
689	9105
4121	18719
8070	14086
15818	8091
16570	15527
5684	10512
16851	5039
16499	5703
14490	6111
12378	16020
103	18400
10613	5438
4100	14105
12799	15746
12399	2320
15512	12086
18655	770
1952	2540
4657	9158
10417	7386
16324	5375
15085	9093
14174	16999
19050	8168
6049	9081
17215	4893
2768	10443
14102	2046
3187	11048
13555	5360
9315	11699
1220	14868
17465	13461
16205	1885
11378	942
15575	5771
12702	19151
11413	9569
2157	11363
7452	11821
3385	13331
1443	2301
9536	3641
9606	15656
3902	2069
3289	5136
786	4122
7751	3462
8674	1731
17108	15459
12202	6227
19251	11083
14217	14528
17486	2866
8210	1784
7159	13633
18132	13668
2159	6817
4442	19388
13675	1177
6482	14050
14399	16648
15535	4593
10014	16077
3464	19669
15615	6673
11496	16247
17980	3589
18472	12409
8370	12889
3923	10512
6007	7359
2309	6658
9660	14783
18360	19082
3762	11450
9343	2937
17361	1363
2941	7325
3870	4158
8692	16851
14945	11048
5958	10509
2826	16661
14903	5546
17671	7541
8551	1852
4560	9684
12378	18206
17265	1693
8094	16645
13784	14911
1837	15767
11598	5016
11790	3716
5880	16165
3039	8307
14815	13985
4344	9830
5674	13212
12787	12623
4094	5496
12130	2311
19313	17955
1068	17238
11568	1909
2237	3807
16178	12701
12247	466
13416	9701
738	11955
13448	15141
11632	6613
4160	1258
12042	2570
1652	17643
5874	5603
4393	9348
9720	17823
405	8232
5414	7076
12310	14498
14774	16342
6463	1043
5261	4222
4021	13532
10807	4314
5734	2352
13400	10715
15542	10968
337	7811
9190	12782
14505	1577
2707	14557
4426	18311
12945	13854
12181	19089
11679	8443
8583	11900
17301	5840
4006	12520
19073	2311
7100	9411
2489	11965
17959	2982
7480	17517
2243	12527
3620	19513
2399	19185
5663	15792
243	2641
11033	2781
6312	9100
13775	18457
2738	4539
7240	727
16090	14392
17604	5804
9943	13978
2415	5956
11283	12747
16404	1737
13024	18934
18119	5101
7885	9766
8497	19215
12146	9117
10613	9961
3627	2224
4259	16274
18920	8114
11027	17420
15198	7619
16510	16092
6242	5360
11413	15837
11327	12660
3096	10857
2112	12181
16079	12431
8950	16571
2360	5028
10733	143
305	11518
3016	19285
9225	15064
2409	4637
15313	15671
410	15398
7217	1519
3933	16093
7394	4794
4817	728
18403	19460
18599	13021
18354	1315
11881	17395
5790	13023
10829	14561
9235	8802
18976	10512
12414	1497
14136	9575
10063	8657
758	12510
13359	15210
766	15305
5169	12564
12669	7435
8859	15828
17174	15129
17191	11409
13978	6079
7641	18709
11630	13038
4153	1752
16534	7815
2105	10934
3169	12735
5896	4222
15193	16467
5247	8733
2334	70
14011	6443
16350	9893
10248	11896
16049	2014
2119	1703
7617	12631
14957	1655
25	18706
6883	6495
11225	10108
247	5267
16942	5494
14071	19660
19	18660
6331	12527
14071	18106
636	18925
15362	18634
17897	2041
8306	7131
3657	3799
2235	16223
13144	17082
10222	13854
7943	2566
10144	10885
9849	11041
5423	12292
2997	599
17745	12675
18480	1569
8736	14301
11679	14027
9536	3930
5324	9151
12570	15674
16665	15945
7241	558
18635	3108
9943	10372
14073	17517
8818	4729
1789	16247
18819	17795
19347	12623
14593	5313
3952	15891
13978	16584
6814	7290
6972	11281
2423	10518
13284	10524
4556	17016
7769	1417
13704	9184
35	1111
10081	12663
3650	12183
17729	4267
3425	15757
5970	12196
14656	17495
2415	15167
6795	17259
17592	9654
16335	937
14303	7177
4835	10233
8097	12020
8139	9627
8744	5219
9767	16249
13309	4734
16012	1338
8116	13258
14425	15877
12986	6803
10463	1909
8846	5933
4798	17442
12202	18246
8488	11943
3657	7802
6728	16402
11754	11018
19020	3401
3092	19002
18110	9
15888	1925
9215	6082
14043	5911
14855	11335
8140	17072
11176	7590
7885	16147
7071	15674
14424	8723
14790	6371
12084	16443
18702	16153
15949	2337
1441	15697
16197	18794
5381	7387
19584	12000
6882	5331
12171	4831
11329	5056
19281	10414
17678	6510
1013	13935
2104	14404
9957	18036
4725	13520
13873	4823
15414	13167
1866	11905
13740	19412
2157	12106
11670	2704
1930	9093
2235	1964
12881	6515
9758	12269
2415	12307
3471	2909
13448	6929
3733	14700
6482	17724
13083	13977
7351	12862
12916	12598
5096	3799
16187	12931
2930	13230
5296	5142
18424	11802
9895	4822
16257	10988
3282	16996
3923	3039
17974	6774
17191	9513
15716	13333
10935	8649
2271	7701
12044	10979
16745	2656
2527	7261
14252	7710
15950	4100
173	7996
4817	18329
1143	3931
12576	1327
19460	11550
7033	8247
14692	5744
7877	10900
7300	6411
12204	8861
17336	8963
12386	8891
9837	6830
12245	18996
1913	12259
4635	6039
2353	13310
15774	11038
1844	14597
8715	15409
4180	4926
13795	582
13135	13133
19699	17874
17040	12051
17978	19421
16385	6499
1884	1747
17538	11237
8990	19418
11146	1445
68	10571
16096	4402
7217	15756
6814	10725
3762	13072
7296	13642
15631	14643
13114	15115
9444	12921
3933	1488
15804	17232
19065	10337
13917	18510
9042	2769
9362	1919
11437	10555
6345	3547
1321	17082
7097	15918
10806	11666
5171	5786
11826	7248
7899	13236
12945	12023
18784	14979
18599	17458
7617	17053
4129	10863
9084	474
16052	9189
18823	13019
10170	1034
10091	7325
12635	9092
12882	7220
5175	3494
9931	17364
18200	574
8636	9155
11270	7845
2612	15481
19162	8404
14986	10888
3014	4617
15564	11365
12802	16869
18488	12065
17541	13333
16931	15815
16425	6886
12149	12849
17191	7912
5542	2625
19520	11299
1392	3838
846	1196
16419	14111
10669	16555
7830	17207
4333	252
15414	4663
18458	3714
4798	13110
16534	16020
14594	11232
11881	523
3412	9144
2664	19063
14060	7119
14011	12722
6368	2999
5126	9303
17678	16338
19614	13854
15489	11330
7302	19085
4023	3156
19011	3031
17912	5442
405	6501
14882	11260
10755	10467
17229	18330
7231	12307
1005	2411
12971	8619
11994	504
9917	14846
16984	15869
12013	1257
10838	6293
4053	15742
4038	17837
5520	5064
19012	4014
15813	9159
10419	14873
1490	9433
3311	18946
16904	13911
7641	2105
8138	11365
15817	11125
11683	9773
3993	7576
15967	2694
15615	19319
15586	4609
17511	8853
18118	12224
1330	17425
672	2987
10633	11703
19403	2107
5847	15842
19403	7882
14296	847
9957	17207
16829	18724
13024	8924
5741	7971
14742	14755
7315	13799
14953	15046
10331	13970
4075	12597
16686	10734
13555	7049
9957	5164
14810	3075
16487	10475
18773	928
2584	432
6468	159
12737	16078
4885	3947
6738	9007
18913	13812
5014	5514
377	18156
17027	17255
6368	10500
12439	11209
15263	14197
8621	2180
9480	8702
17665	9798
577	729
2919	6544
1266	2370
12067	13920
1427	15431
3872	14234
2157	9880
12643	8055
6102	6320
8512	2226
17946	2114
17081	13138
4817	5323
4538	16568
19613	6841
10774	18773
8894	12877
10774	3745
11250	18899
8692	11961
756	17416
8441	15602
6367	11420
18636	833
1050	15783
14210	6970
17942	2239
1340	6957
7514	7727
17762	5113
7302	140
19271	12364
3149	13980
2813	12040
3059	6653
4442	16805
12720	4650
17141	7076
18276	8371
4972	4701
13675	2464
4491	1415
7046	18777
16891	7807
17522	10885
12563	3017
8738	15316
6881	19222
10935	10664
8504	2105
9233	15368
4880	16402
3477	10581
16750	17815
16532	8220
6468	6642
10417	19437
5674	18513
8001	663
2680	16455
11121	5538
8456	56
5126	13500
11043	11525
2432	4428
14333	1128
4293	13930
17940	3489
13191	19695
19338	16285
16904	16309
5076	2344
16502	11835
14000	11302
9463	16083
5763	12222
5708	18732
13536	12515
8069	2718
4880	1226
6331	8736
14924	17987
6049	19668
16478	19301
258	9737
8816	14359
1634	15326
16427	2046
1417	6519
7312	2379
6049	6385
1435	4833
18442	7058
6795	9522
11425	8802
8887	9513
376	14356
11670	3577
7351	6010
15271	18670
5678	4676
8930	1089
12868	13934
10490	11164
13239	10714
8645	1043
1150	11365
1156	13075
2738	857
13936	3041
12997	2937
18482	16492
7672	11570
10014	9194
13230	515
1462	570
16086	17954
16931	15348
7617	13220
19525	8820
6728	7680
18014	18534
2028	12399
18403	6010
13584	9690
12681	15481
15212	18512
6417	14227
3695	3788
16176	13167
16455	2596
6471	208
2489	14577
17181	15284
8046	4584
2353	13857
985	14615
807	11629
11038	17318
8466	7825
1304	16660
2766	6742
5737	8657
10428	15428
17089	5633
19322	10
10620	12975
3988	19704
18430	3302
14933	19522
17093	7689
15177	16518
6408	924
1678	9032
17093	1981
17229	15349
4422	3978
83	18718
17972	19466
10858	10003
18118	16050
4880	7372
2650	13625
8685	3644
13391	13011
11423	4438
10852	15444
15884	2438
11313	19005
7768	5508
2309	8923
15198	5503
5216	11300
10067	18097
2200	19034
11826	17684
6483	9081
11635	3704
9300	4892
8825	8800
17868	1284
16532	9199
13198	9226
9579	2218
15263	3278
12933	15801
8251	16434
2444	3001
10367	18989
1855	7941
17604	11849
6378	12431
12225	10544
11795	6529
19620	11999
9393	6885
11013	10500
165	18723
7029	8833
7848	7962
5328	15611
13382	13558
5763	11635
7641	13144
16984	18268
19194	11674
5230	10749
17089	16165
3650	10166
10905	15708
6881	14009
18554	11754
13212	1254
5814	19222
13400	1446
11840	17089
7175	9911
17069	15544
7411	9482
6143	17684
5521	4106
9480	12664
1160	2236
405	12570
2463	14336
7617	3805
13191	7076
12390	19485
12152	9105
3657	14683
10612	8665
10222	4195
17715	11880
19255	9462
16977	4831
18857	16291
3479	14693
11062	7105
8331	18719
16510	16518
18686	7108
16101	14961
15408	15028
672	1388
15012	4305
18261	6390
18877	9916
4520	999
5987	8533
6101	3147
4880	18248
18127	9066
6007	19698
19520	8949
3551	3243
7830	18096
3934	550
405	11301
6451	13938
5845	13600
12118	8549
13498	13908
15338	502
10070	17026
13978	7058
2680	7686
2851	2860
5230	13793
14940	10552
12986	7286
837	17468
12258	5100
4725	8723
13315	6976
4165	7342
18582	7076
1837	6153
14810	9944
18467	16393
8195	16021
2157	2683
3690	165
4783	6603
4214	13278
18966	19639
2071	5909
1945	10942
8138	16903
8630	583
6927	3774
5856	13851
19614	14569
3661	3021
6927	1994
10559	16534
11877	1122
15804	14995
7405	11846
1524	9159
10185	18112
1913	5676
14514	682
956	7701
18278	12265
10983	7372
10086	15480
3756	19414
4256	7975
337	16987
10461	19222
3657	2046
15147	5149
3830	7116
9740	968
18792	11280
14815	11529
4016	9627
4142	1870
14328	1498
13221	16199
11009	7472
15445	7123
16599	16041
704	186
3039	13857
8865	16518
129	13929
931	13365
3537	12150
17770	7381
11598	2042
9969	9834
1875	834
435	10273
13777	7663
10185	3506
13448	18824
1918	19035
19713	7171
10718	12874
4985	3299
19640	4176
12878	18609
6236	2937
12389	5714
13446	19486
4732	9104
18310	10934
13061	11414
19617	3487
7541	11601
10222	5496
4142	8549
15760	10475
15975	3380
5850	18322
6528	19355
7	19285
13114	17578
8929	6011
11314	17863
5664	10896
1259	16054
9365	10259
1435	3274
17336	11123
1435	14222
2177	10848
15950	1585
193	18097
1340	12431
15511	3261
14926	3740
4244	6707
10213	7718
5981	11917
14415	10855
4333	5660
12310	14677
9548	11933
6640	14332
16686	2110
11313	4546
15370	18123
19011	180
19689	7787
14311	1619
630	16093
14229	10758
8802	11277
17959	9804
4856	519
3154	14354
10275	14037
18455	2032
4587	13165
4426	805
19073	11061
5168	16422
7604	1794
6242	18060
11911	17844
19614	3800
15012	16518
15564	11242
2505	17517
11166	6706
17744	7855
11523	4457
8236	15444
8327	11355
6155	4484
16780	9323
18616	15692
6368	3651
6697	13868
8968	19327
173	17186
7423	6928
13041	9157
18383	19105
15268	7990
12828	10967
989	8779
14287	9831
19611	11754
5684	11550
15244	6055
16260	5077
1181	8519
13400	14033
18951	18295
5228	9991
5575	16704
3426	9617
6007	3895
16335	16852
7577	18122
19600	5077
2350	15274
6999	16852
16547	17221
11891	8431
19275	312
15427	18764
188	2961
16852	18409
15045	18324
4780	5118
16891	14578
6646	10452
18018	7851
2909	7058
6065	16181
954	4584
18209	6064
10091	15585
3701	18801
6487	7457
5324	16169
4160	6557
7672	3805
1273	9301
7643	17111
7482	17257
2093	9791
11554	4628
11123	12570
8816	11783
4286	4329
756	5882
18328	18255
10613	2556
16951	9801
5814	2005
7146	12983
19444	11832
19046	19279
8125	5533
2418	12233
14243	12388
17980	5350
13437	16937
6943	17257
390	9158
2049	11694
17722	15861
19178	3929
9404	18758
19444	124
1340	14404
16200	10887
5019	6765
931	16921
8504	11768
4778	4774
19267	8973
9351	5037
9694	13592
10502	17815
12702	12920
4192	3430
7417	15677
9084	12866
8008	12994
2004	2232
16645	10127
3897	5795
13873	465
19331	11310
12628	15713
10275	7045
3211	13501
5716	4687
6331	3434
3701	3109
3701	9566
10527	9429
165	367
5459	8975
7563	17
15975	13586
6400	7076
11819	9567
18430	4831
4682	11565
1573	6532
3341	18133
12258	14275
6787	14307
12084	6010
13964	19613
12669	9801
15813	18710
17212	6338
15271	13586
8356	12494
11771	7917
10057	9534
15813	13243
12236	9419
7287	12081
18018	18843
6464	9601
3464	4606
5958	1823
8102	8057
6417	3696
4043	16965
5970	11164
1521	14145
18041	6010
2105	9882
15889	12103
17972	18921
2606	172
8006	13776
12689	5633
2769	8184
18524	10603
2728	18066
6178	16077
13563	13854
9954	19653
15147	16518
7287	4454
18712	15054
10329	6060
16975	7420
13854	15262
11926	13927
9450	4362
19697	11855
13221	12312
12799	5054
2571	18629
15212	6493
13673	12391
2333	4100
18624	6777
17418	19073
13405	12913
1345	6796
11807	7194
14273	13743
19275	2619
4344	3261
11770	316
3475	11889
4499	14545
14091	110
2004	14092
9644	12695
8244	443
18333	16377
16515	13442
14243	19199
188	8916
4880	1525
10204	2629
10033	17929
3701	104
6094	12640
9332	19432
2180	2578
6192	9701
13917	13275
10014	10008
16263	19228
15631	15658
1209	17587
15899	17336
10637	15760
2826	4609
16532	12256
11162	11494
9618	316
8730	5601
11973	15607
5981	18334
14269	12223
18688	9909
1122	11365
2506	18899
3667	5209
13083	5055
6468	8377
7672	7929
8614	15704
3475	1702
2635	12432
18411	13731
2489	1696
577	8224
7417	7034
71	3738
7417	4955
16021	3799
10397	5434
11980	9143
11535	18246
13966	10100
2936	12479
15888	18936
5108	16021
19353	10237
4167	13556
18184	103
2333	18340
6229	18735
9228	8782
17191	16165
10091	9633
10886	16534
4858	8350
12540	9956
3113	17900
13248	8396
10878	6477
4585	12065
8066	17905
1417	8800
18324	8063
5127	937
836	7783
13246	7076
11377	13407
8849	76
2611	16869
387	16033
12737	6805
11756	19663
15193	17590
11930	2274
11211	12560
78	2289
11373	6642
16551	4922
3425	14286
5076	6742
19347	6899
14405	16308
3690	13394
14653	4068
3169	13749
4472	17660
16975	6776
16887	18981
5261	6590
10748	1414
14823	4875
4770	12279
7287	14901
18312	9280
19277	17830
2554	13743
15739	2407
8929	10414
4603	8186
18686	8645
19073	6010
16455	7686
15626	17886
4100	5806
164	8987
2093	5533
35	8287
10774	15838
2738	5993
16427	18206
17256	11363
9015	1253
19060	17817
9788	6127
18018	432
5848	1887
17418	19002
10397	17898
12416	3751
15813	18118
735	18958
15212	10220
8261	10515
11377	13451
16086	10622
5490	5588
16324	13143
12037	12318
10637	2484
3542	1643
1455	7131
894	14125
19162	9619
5879	12787
13619	6690
1952	8210
16534	8394
7858	208
16180	19258
5814	6928
18370	7839
9678	6471
9644	3661
6152	10596
12386	5656
11431	1740
2237	4656
10774	15404
2027	17090
12534	11820
18554	4625
18436	11126
16339	7206
5414	19587
8868	7095
15003	15467
16197	15910
13854	9601
11078	17758
14325	14906
6096	16429
14296	17252
14020	9734
17704	15841
9721	12615
15045	8668
748	19453
13672	18691
11706	8987
16852	11942
19382	5931
16992	16453
14699	15098
11496	10042
18432	4154
15950	9093
4854	3251
7617	16026
4072	13758
10397	7271
16086	15507
1439	11122
19420	17236
14071	7923
14683	19288
17439	15401
10455	2759
14328	14359
8512	5881
188	16679
11319	17366
2932	14727
18599	12527
13857	6957
16745	15227
16377	11442
4510	17949
337	9013
4451	13526
2509	13236
6703	7076
15758	4329
17081	4825
3897	12902
17665	7076
618	6718
17665	16229
1734	16076
6722	11370
17800	12640
17713	12049
15511	846
2096	18220
16197	5633
7724	1623
9095	1238
390	18689
5108	18246
5407	4828
18118	13411
9714	348
3620	10789
9219	1537
13619	6128
16632	3567
13607	18983
12258	7046
10856	18369
8097	8472
5995	14161
2113	5367
15012	11281
18015	16871
18823	13018
4499	10127
14252	16041
11926	19613
13114	5940
17642	9129
1837	11573
5105	19517
13740	3967
12377	1020
12044	1690
3498	6197
13822	6227
4032	7450
6049	8648
3498	2720
14012	17921
13382	12616
17981	8626
10748	7076
17989	16485
4587	18627
6821	14269
1008	9889
1134	12813
4120	6010
7751	17553
6094	13333
12236	9246
4992	1879
15147	9854
13777	5752
4778	1291
3228	15815
7436	15133
17379	13854
5605	2676
17006	9860
16656	9357
17265	17265
17418	5038
15562	6390
8371	7793
19194	8771
9841	8389
12443	8235
19640	17167
11948	13854
3657	13714
16575	18614
2013	9093
3657	19638
18688	3573
8744	6519
14882	7658
1970	6105
6795	15583
3727	16968
19011	2504
11737	15847
18526	13764
10070	2695
18713	6460
1008	3197
704	2700
18553	18585
14210	16899
4045	16555
3902	7779
13230	5409
19275	2771
7266	5975
16532	15043
12087	11013
9852	15798
14325	366
12933	2717
6697	2680
1204	8163
19356	18958
9294	674
9298	11754
13460	4869
3646	12485
8894	11856
9393	18108
13543	14776
10807	707
5595	1515
6530	1060
9849	1363
147	3668
8052	9375
4603	1295
17082	12557
6566	18792
1455	12516
13174	9654
2738	5100
7815	7854
2192	13033
17082	16443
11616	9187
15511	1909
1655	5770
19011	18031
18856	19613
15170	6227
17866	959
15338	11439
5411	18237
1624	482
8602	8513
11085	9896
3647	5838
8802	12871
6550	5867
8551	8416
405	9194
18636	16745
8219	2404
15366	9888
4065	19037
12581	11136
10252	1636
13907	14795
2124	10350
2225	13522
2598	17372
12038	13510
14325	134
2691	14401
7071	9777
11937	14553
10355	3408
5249	2630
14490	15311
15629	9605
5430	4267
3113	15033
15960	14719
5282	7435
5808	2760
2127	13841
786	16418
16855	18982
16358	18253
2461	4680
4094	10443
2159	316
8072	516
9641	16561
4425	4195
10935	13918
1600	2438
1443	14318
1855	5733
13194	516
19353	6837
7266	366
13460	16324
17093	18184
11329	7321
13755	4497
949	13625
14406	15773
16157	7198
13210	15190
13578	18847
14437	1400
15957	17666
5808	5017
11737	6132
18870	11487
11638	17691
11694	6506
9868	4314
2732	17445
4560	8509
14311	8128
1266	8310
7482	14487
8425	16753
19275	6318
10014	351
13131	11007
15575	5808
11261	17486
2769	12312
16752	7076
7197	19035
1800	16881
2491	6748
3828	10665
2033	9165
10455	5253
15915	17534
14020	1587
3650	15815
4433	7076
18312	286
8593	13854
17174	10331
772	4183
15338	7677
7573	17158
18266	17054
19717	18981
620	14167
16575	16447
6943	10269
786	3287
14741	9167
18655	13191
6882	11387
2936	9733
9190	12452
5585	12277
405	7071
6437	8163
9644	13854
4344	6590
8692	2056
15467	2169
12523	2113
14230	3232
4116	14487
2691	19032
8512	9348
12828	8667
11797	7155
12005	3755
11413	12291
8593	15595
4717	5252
10986	14789
17889	316
465	6654
8626	11731
7889	8802
2584	12867
9634	4583
4520	6338
7939	14208
19011	7327
2442	5061
8270	19533
512	7283
3015	17676
11991	17003
18591	10411
9339	8839
15406	11536
90	11193
15212	14203
14903	15747
10070	616
10858	9
5324	8743
11945	7883
604	3799
1104	16287
18664	10159
18545	19222
11413	3751
12598	8822
4450	13935
6155	166
9054	15262
17592	17325
4259	17089
5446	7364
5779	18786
4880	7381
11230	15855
19247	882
7411	1595
16639	11208
18951	7980
16148	16371
3178	18960
15427	8930
18616	16108
2606	19141
6394	7113
13391	10059
7739	17920
4032	8371
7024	12934
9962	564
11844	13944
6765	19073
9781	15690
17391	15408
4499	16518
18747	16236
1458	941
17715	2244
3163	5791
15392	948
913	18222
8636	2706
14619	15066
14080	13457
18557	4200
16656	7242
1944	18905
15607	3463
786	8681
12621	19427
10638	16638
19251	857
16240	7429
17191	11797
1928	16518
16916	18453
17729	19154
5896	18133
2482	10867
12259	17968
8929	6109
19579	358
1718	12760
18341	4149
10067	8571
3140	17569
7058	3940
18736	5136
17089	19551
2693	516
10063	1253
17648	6509
13437	10908
790	12309
9499	2937
11315	4363
17439	937
14609	18824
7534	10581
178	11924
410	3803
15180	15829
4433	552
16829	19037
4687	4660
3854	8749
3902	2170
5880	12480
1104	10015
1731	15295
7503	13108
8929	3625
5708	10229
2292	92
12540	1195
3462	6643
2540	11123
1156	3859
8497	18037
15741	14168
17418	495
14083	10611
16049	16661
18131	4376
786	4394
8783	11886
5324	16223
997	9936
15446	9040
12712	16421
13619	2149
14219	1582
12787	16661
4072	19082
18467	13529
17579	233
13753	3047
4153	7445
1059	19501
11419	6613
6236	17615
8497	9853
4451	4580
19400	9654
14940	15010
1930	3612
14311	1441
8497	640
1727	17883
13857	9888
2027	6308
2602	16647
8441	12640
5806	11884
12701	1792
11922	10086
16555	13781
7351	9634
19403	9195
8873	7019
5858	2625
8529	9491
786	8399
5092	18185
558	15673
1204	18435
7313	1187
3902	13945
7003	14689
18525	2911
18132	15690
859	18881
9383	3384
11694	12889
18261	6957
16405	7868
14609	12602
7411	11087
2489	1422
6229	10047
4770	3126
17642	13218
1458	8589
17361	11360
13584	11397
8805	18254
6488	16261
8140	11056
390	11922
17486	937
8340	12520
12296	18070
5445	2725
10222	11004
19106	4079
18370	10442
10733	2001
1683	2438
10886	7641
12084	14256
9928	6478
7858	16518
11433	10388
786	15897
19530	999
14514	10580
19620	17093
19614	11596
10576	9543
17024	7207
1171	11344
2337	7457
3368	1792
5716	8265
12960	413
11270	13583
4858	5676
12377	5464
19501	11608
7081	13121
10974	18719
6795	6723
4596	7279
18110	4905
19164	18469
18615	15840
1886	2379
18910	19145
11926	18706
15975	19345
2304	5433
12933	4974
13326	3666
19313	5693
2192	10111
16589	15046
12581	6363
3727	15178
15512	14907
10070	13515
17904	1981
19012	18548
3223	12640
3240	13629
6554	15514
8497	18523
4344	18222
17745	18982
7291	17833
19701	13330
1600	7325
16578	13212
4480	10601
10750	18833
3015	17016
9300	8332
16197	17160
17910	153
18791	8920
14655	4944
2415	8697
5884	17486
2066	17527
18791	19182
12918	6725
3438	1645
16575	977
13144	553
8102	2946
16711	407
604	843
6690	9817
15354	4742
322	19222
15950	10338
14422	6273
3113	872
10718	2660
6394	10768
1809	4818
3536	9165
10461	12251
14043	3893
15774	3004
11632	18528
15901	9832
1721	923
7821	10671
9015	12166
2606	14686
13382	12810
7053	4831
15356	814
5090	13854
9511	15453
8458	8657
3879	8555
19408	7658
2969	14487
6308	14108
13628	12499
2577	11828
19477	2581
14807	3874
4344	14219
8239	10143
7396	5115
9322	12025
3270	3322
11250	267
15601	5946
8357	8209
19	13234
10933	15407
7445	7450
15811	4605
16385	19582
1711	16647
5135	9496
18494	19699
13964	16463
12477	2865
11616	12683
8545	4155
7680	1901
14702	16679
786	7045
10637	4186
9458	12228
8893	6290
3223	14401
2004	13554
2769	15015
17006	5909
11106	15240
5674	17991
13251	1904
18951	3261
15814	4102
15747	2796
17006	19391
8251	7112
13709	12678
10734	18720
10852	8660
10595	7076
8212	14423
2230	9323
3096	13618
405	5566
1347	15849
13978	19545
11819	12535
19251	14189
6313	11442
13212	8717
5135	1196
15386	17827
10190	1440
295	10154
4244	3215
16335	14132
19455	7507
3571	630
19060	10509
11308	9157
11937	11111
4656	7396
11308	8119
6510	3516
7302	5164
10656	6241
2304	2330
1167	17235
3211	19094
18131	1101
2602	15114
5490	217
18482	7662
7592	9470
188	10258
785	100
25	15841
3919	17001
1634	17753
7394	18277
18231	18115
3106	5778
15739	2688
19455	14704
4160	17784
4075	4153
1167	2553
1435	8569
13350	4732
17562	8919
4450	11260
17022	16349
10525	8280
5485	15757
7597	18524
12991	8794
13978	13743
5580	17257
165	7532
17486	2353
17263	4784
193	5729
9821	2356
17014	19152
7024	3427
12175	18337
19051	18824
8761	6989
14587	11487
3096	18785
800	6972
5423	843
19480	14029
1439	4070
18059	5406
15377	18397
18740	13871
6046	5038
16377	16520
18572	8749
8597	18009
1988	13729
10806	10538
15156	16108
16197	7168
3931	1238
11329	11360
10858	17638
4510	10708
8512	6717
19523	6010
14314	18482
3780	15290
4783	12306
7014	17996
10091	9517
15586	13299
16349	11365
15937	8618
3289	8933
15464	16381
5808	16518
7214	15525
11994	2747
14425	2230
8239	1517
14513	3563
8839	9966
2768	10885
8739	18089
2415	7032
9895	17525
886	17273
3304	11594
410	2507
19378	5782
7428	2070
6400	16881
2635	2065
2612	16366
8929	6405
13877	6265
12128	6183
7396	15444
8070	18014
14882	14944
899	3835
5249	18273
4635	8295
3178	6920
3867	1022
5716	12639
17261	5405
766	18036
10878	13896
13555	16801
10366	10000
210	3799
6367	7019
11270	8012
13617	5846
14311	6906
13024	12906
4858	8253
19689	11448
18458	16471
11683	12173
11622	13594
17592	15372
14337	11608
19255	12307
10755	14627
6357	13663
366	843
19444	14339
9084	15919
9075	4895
7313	9218
4735	11570
19455	16704
2353	8307
19297	2985
15408	829
12689	12640
14587	18487
13740	8124
3854	13206
16093	9387
17665	17910
11026	8454
19572	13566
9239	15254
11327	6665
13446	4252
6178	19698
5126	8199
2738	14562
11308	7078
14945	15254
15388	12910
6501	6921
3135	14691
15813	3421
12979	17016
16455	11508
16532	11529
15012	13017
8214	10266
7374	16190
4810	6227
252	13874
4219	8098
15805	15945
7899	16671
12540	14363
3092	8482
8989	19516
15760	15723
1014	7584
2421	18142
11839	3716
1141	9430
8950	1973
19528	518
16316	15697
18158	8026
8929	6142
7141	10997
18872	12050
19322	11549
5445	4890
1731	16555
15003	7123
15813	12505
17143	7414
13174	13954
1014	6612
17645	18881
9536	14738
6987	11164
8715	13366
4658	16045
17276	191
18832	7717
10204	10934
10679	13354
17517	1853
16534	12640
5	8187
18131	12926
9536	10963
3067	3962
19528	12527
1721	19165
13740	13470
8103	16702
5109	19006
8373	8992
4393	1030
10774	8813
3274	15069
18907	19399
3727	11943
12130	13749
8351	12208
10656	12812
3607	8211
5734	13409
12971	5237
18021	12557
11261	2379
17061	18916
16813	7076
18921	7664
5988	16820
13524	15310
18417	9888
15232	7688
10564	1430
7978	2308
11683	15652
19264	4687
1186	19307
18755	3340
3675	19514
19572	14675
5737	3996
9485	6199
15519	17800
6102	12614
15719	6204
8094	9087
7029	8122
939	4609
19267	2319
7866	11149
17743	6821
5788	12625
1216	5605
9636	12669
2584	8492
11308	18840
10455	17345
6442	2494
5970	11428
15152	18440
1745	9420
7695	18927
16345	1968
13563	724
12523	8619
15814	16833
8538	6290
8456	3520
11670	1238
15100	11372
2177	6522
7100	11754
2470	18940
9852	937
2418	10091
9301	17106
19611	6370
14071	16174
9636	6963
14289	6082
7142	10336
17764	3354
18773	18699
13024	6449
5229	3077
13198	2579
10073	11365
390	16851
16011	1817
8086	16318
11162	4606
8887	13779
12388	18276
14741	11741
13400	18205
15489	5360
4929	8520
19460	1247
7127	4008
68	10711
17462	11330
4817	13379
5919	16197
17279	6129
9404	621
16157	19501
668	8697
17181	19588
5132	2477
9225	8958
5998	17160
19386	18614
5746	11172
2382	770
16577	15734
14692	5936
16230	8264
13302	12046
18310	8854
8538	4209
4499	515
16197	12165
14408	15832
3923	10500
15362	6995
9931	3336
16384	13854
12635	14496
8116	3302
2480	5682
17866	10866
3785	11063
14243	6810
8662	12528
18542	16518
12388	7335
366	49
2191	8525
18333	14132
13060	18719
3778	1807
8371	2042
196	15035
4032	16071
9500	4528
17846	8310
16197	4740
17006	8105
7815	10356
5324	1909
449	352
19281	9787
18526	140
13212	15870
4319	2349
875	919
3161	5805
15631	8061
17073	11061
5126	11079
18410	3228
12084	4120
17169	929
15164	15000
6102	13624
13857	3060
15467	7779
9579	17904
14774	8749
13822	11029
7617	1870
17592	16385
8597	4419
10998	6404
11554	18012
15012	19712
12669	12979
10057	7680
18289	3091
18132	9485
14333	198
6510	14218
17081	6676
1458	12640
11196	957
8695	4279
12698	11747
5970	16790
14609	11152
6753	18586
14882	19023
7695	15703
1528	16453
13560	12231
5987	478
5197	19319
14774	3935
6999	18623
4880	16029
1366	16075
19716	10657
17426	10414
7569	16698
1330	17360
3879	7076
12191	4004
19460	13787
6943	8917
390	999
10124	3121
13400	4833
5567	3276
13350	9945
224	3405
7063	17424
630	4967
5381	6716
15212	18443
18695	1293
18270	8371
11593	18219
12576	19700
7880	11303
1441	16433
15198	2424
14001	13660
1789	10345
16887	16295
3277	9480
8056	18000
2415	14178
2584	6094
15967	7351
13822	1980
3282	1471
13144	17486
15949	8666
17212	18403
3902	12129
5445	13810
12118	15044
15564	16630
5684	5886
3025	12778
859	9751
15362	13282
17541	3185
8109	1316
11397	17246
8370	6602
11922	4137
587	8092
7270	9546
8233	6754
2664	19687
9613	13484
9957	14545
11166	7680
11679	3199
3059	3279
7880	13430
4165	15923
2942	9836
9322	15619
4880	10345
7624	16352
15040	7913
13239	16156
15626	15634
10634	1791
3727	1120
19041	11585
8923	1247
6427	4933
16050	13409
3851	9834
13306	3060
19262	8408
18595	19646
19378	8641
16079	937
12035	14874
16380	864
4425	17651
165	3399
19240	10345
8541	1338
19046	13854
17007	575
9579	14078
15023	1186
16534	18513
8541	694
18554	11007
16951	2506
14869	1627
7297	3484
6676	1646
17910	6258
3140	3910
6071	4013
13770	416
8541	5980
7243	16351
14594	15394
11100	8144
14132	17486
15004	12228
5708	16264
18328	4443
12296	3616
1837	7507
8239	2516
4129	7501
18840	6273
10139	515
13265	13680
18681	5331
4075	9091
18328	9477
4783	19472
7014	11178
18270	6975
13348	11442
17483	5910
7569	15508
12882	11556
5987	10294
5566	11123
6377	6450
16021	12938
19281	15226
12	8881
7289	5804
15719	19206
14880	10439
7445	6010
4410	19184
18524	13854
18158	15151
7274	15402
12175	964
3385	8236
8929	2215
14333	11654
4656	5935
9351	9617
15023	10714
11679	8026
8370	7344
5299	6817
10073	9356
18899	5468
15444	12164
4241	5665
16150	5850
5309	15837
8041	16247
18913	6844
14741	12292
9263	1605
2163	9252
9644	2700
2027	16518
12523	19070
12035	2789
7445	16247
1458	9144
1341	17
6882	7839
18228	5729
12182	3302
11106	12145
11906	599
13350	2076
10170	10502
5983	12833
4657	7854
7604	975
15188	3633
1952	8910
18268	316
2647	1238
13560	12066
19477	1745
11252	358
18718	17301
3777	14660
13657	1265
1171	17411
5451	11955
7528	3966
3163	14728
12070	516
1186	3080
16423	793
16129	5744
18792	2920
1134	7996
7451	8510
9634	6010
7095	10803
7451	7131
9644	11395
1435	12254
1634	18161
18488	4585
193	2251
11043	15537
4595	16881
16012	6888
15782	16291
6323	5257
19620	1981
4170	1643
19072	846
12044	11566
17006	1520
19251	7201
16350	13339
6765	5581
15813	14650
11630	4977
15719	11805
6169	6118
2932	9022
18294	15853
9678	16152
7969	16441
3999	1363
13460	18432
17994	516
1634	5227
67	317
11386	17968
15012	14990
15127	8882
19520	15595
12534	17047
786	11447
16495	2452
16275	6248
3607	19448
1099	10114
11308	1257
13659	11195
4142	902
7563	8146
2084	14652
6738	1277
15950	14043
12802	13678
14957	17160
2680	11281
4915	10045
14505	1006
13792	4769
6659	6957
18458	1366
11632	11348
536	16778
10970	12562
19631	6310
7310	15774
2598	6817
12477	3710
18819	3911
9365	3082
16380	11029
5297	2202
10083	326
3920	14043
11849	8681
17978	15390
3607	11955
10526	3221
12737	16487
11387	4929
1889	8240
15147	17000
5249	6366
11710	6473
7883	12197
11194	14651
1099	19638
8472	5032
17212	16247
8929	1196
600	13081
4165	13380
6563	9025
19016	18424
17545	13175
4776	3681
15819	7145
4732	8793
5674	4977
5465	3625
2391	16696
15748	15089
6407	15745
15406	18107
16786	9601
14252	9609
4595	14108
3879	3516
17279	16683
2105	10401
15949	11441
15039	12145
3662	5773
13560	595
13657	2999
8978	7325
10589	14150
2235	8800
10809	14848
13873	7372
19255	7372
14004	8853
2802	1354
18276	18511
4763	16518
15012	8218
4666	9856
3464	14562
11673	11258
17904	5468
14289	13451
2114	633
16644	14035
9806	4652
5446	5670
3667	1936
3262	1863
18132	14686
17373	7658
18704	16996
16745	16629
11632	6076
1259	2937
14815	2229
3777	19103
9242	1846
6085	17075
4835	17948
6795	661
16243	12347
2049	14668
7712	1655
2415	18054
6468	8412
6464	13581
13043	11422
7405	19653
5788	1486
14702	16943
19146	9587
19455	534
1930	13066
3934	2596
2642	6802
19049	19176
15416	6443
7302	268
18455	5189
18038	19132
12225	18109
9619	937
18430	17394
3999	17264
16011	652
5493	9761
2612	19099
11317	7638
10275	4868
3959	7291
2505	6273
8156	7499
8524	2670
17989	9358
15040	10238
13060	1863
4043	15445
7457	17486
13753	1772
19509	7318
18608	6529
16346	533
14295	15624
4043	4995
12378	13413
7296	2411
5606	14663
875	15507
9583	17235
14957	15017
17261	18435
13978	17859
13541	6725
10974	16224
8094	6055
766	18128
604	3623
16254	13526
15408	7076
3586	13414
9242	5199
16931	6888
11930	10980
8041	7119
4545	10767
602	2709
10067	16563
16775	5581
448	5628
9619	14838
14314	10667
17965	392
4958	2162
9190	16994
9288	12893
3753	5638
12280	5775
18923	18552
17974	18719
16350	872
10132	4872
13555	5773
17804	15059
16644	9992
15047	2932
6655	10451
13709	5063
18901	738
10879	1386
3551	4236
6423	997
7885	16255
10331	5082
17665	10845
5880	9791
7396	15085
9325	8915
19112	10282
18442	17952
2027	5529
165	19196
10081	14378
2545	7930
10806	3465
997	1172
12720	9812
12653	7469
448	1567
17692	1719
13707	4766
3555	11865
2243	3586
12606	19336
886	5841
3762	3693
16012	6957
15422	15481
1458	11955
8401	19550
6368	6912
17522	7348
17692	16575
5970	13099
786	859
1855	5224
8645	12673
12378	1909
17522	11652
1789	18403
3202	14419
15033	15100
9628	3190
16180	18115
12156	19653
17229	19541
15615	13243
209	18916
14328	1981
17410	6103
6068	11769
2225	8579
1800	13633
16665	2874
17191	19024
18417	5468
7100	16851
15366	11123
1600	8259
18432	7124
13555	5557
6331	18599
12439	7365
19701	3156
10878	15826
8556	17201
15207	8868
18866	4635
5331	2273
18360	10052
18840	18957
2693	8066
9613	11165
35	2977
9511	1855
10595	8345
5175	5533
16020	5980
9814	13529
1171	13461
19079	972
14933	16057
3135	3142
10879	17324
4120	4863
6046	18710
19565	5225
10935	12520
4766	17669
16236	2079
19317	7188
4241	6262
11254	18914
11891	7174
4731	11260
12218	8218
8401	4581
12310	8099
3074	8802
9805	3168
16012	10135
188	16139
15279	16112
2916	7671
4603	12345
14136	14943
7445	7862
757	6510
12286	3955
19617	1057
8887	14401
14296	4749
10644	12624
16487	12872
12245	4004
1837	9654
18951	7833
18184	12431
19313	18993
4129	10980
4285	17787
1264	12623
1496	5619
13560	3560
13560	13923
25	19410
17038	8229
10366	15415
10933	17467
788	3260
19690	1880
14699	19485
18589	19174
9714	9601
18608	9227
18268	1367
8978	14472
9362	15822
14314	8365
14488	13425
10511	17717
2932	15574
5814	18565
3062	1696
892	6043
14701	5126
17729	7779
9046	14286
12859	17497
14644	6221
15761	13174
13995	6788
10984	18892
8071	18390
9767	6549
16992	14540
11862	15538
6973	7754
16065	1078
15446	6908
12378	12265
5076	13564
867	7076
17965	3879
7024	18539
17517	4170
17089	10356
19530	17082
9069	19150
8909	10840
12787	6227
19375	18737
12653	10592
14833	12962
17904	12640
8422	12937
6476	9423
9490	17697
7741	16338
16786	15825
16851	18936
16868	717
16056	13736
6463	5370
3970	1093
2163	12386
4587	18774
14363	5517
9868	19325
13309	18554
8305	15494
2606	8535
8371	12316
14957	5566
4735	12103
18553	16805
9726	13103
11425	14827
14102	1556
16079	18597
8692	1440
16240	17271
8200	16699
7300	13814
5132	11221
10134	12512
15937	4679
7141	14832
16532	9557
10983	15203
14774	7123
7549	17504
8818	7480
1634	16209
13607	2204
13350	16165
8929	15417
2505	12743
9536	13534
19251	5210
16639	2329
